payment_id,amount,recovery_probability,expected_recoverable_revenue,recovery_priority,confidence,retry_count,action,status,timestamp,reason,recovery_message,payment_link_id,payment_link_url,payment_link_status
P09876,99297.08,0.5295746260270648,52585.21400657954,High,Medium,0,STOP,BLOCKED,2026-08-31T00:01:34.652874,Recovery attempt limit reached or recovery opportunity is not suitable,,,,
P07863,119070.0,0.3314514211971274,39465.92072194196,High,High,0,GENERATE_PAYMENT_LINK,APPROVED,2026-08-31T00:01:34.653005,Recovery opportunity is suitable for automated customer recovery,"Hi,

Your recent payment of ₹119,070.00 could not be completed because the payment authentication could not be completed.

You can complete the payment using the secure payment link provided below.

If you have already completed the payment, please ignore this message.

Thank you.",plink_test_cd94a6e1cb9e,https://rzp.io/i/mock_a6e1cb9e,created
P01471,56160.83,0.5457763831848677,30651.254674060212,High,High,0,GENERATE_PAYMENT_LINK,APPROVED,2026-08-31T00:01:34.653279,Recovery opportunity is suitable for automated customer recovery,"Hi,

Your recent payment of ₹56,160.83 could not be completed because there were insufficient funds to complete the payment.

You can complete the payment using the secure payment link provided below.

If you have already completed the payment, please ignore this message.

Thank you.",plink_test_bede272231b4,https://rzp.io/i/mock_272231b4,created
P03990,87258.82,0.3455818654744334,30155.065794697803,High,Medium,0,STOP,BLOCKED,2026-08-31T00:01:34.653390,Recovery attempt limit reached or recovery opportunity is not suitable,,,,
P00969,100075.11,0.22160466425348274,22177.111151680354,High,High,1,GENERATE_PAYMENT_LINK,APPROVED,2026-08-31T00:01:34.653472,Recovery opportunity is suitable for automated customer recovery,"Hi,

Your recent payment of ₹100,075.11 could not be completed because the payment authentication could not be completed.

You can complete the payment using the secure payment link provided below.

If you have already completed the payment, please ignore this message.

Thank you.",plink_test_ffd7d21fa0da,https://rzp.io/i/mock_d21fa0da,created
P03759,36925.09,0.5126888780077473,18931.082962435088,High,Medium,0,STOP,BLOCKED,2026-08-31T00:01:34.653583,Recovery attempt limit reached or recovery opportunity is not suitable,,,,
P07747,51398.99,0.35829519415974753,18416.01110166492,High,Low,0,HUMAN_REVIEW,PENDING,2026-08-31T00:01:34.653649,High-value opportunity but model confidence is low,,,,
P08028,37336.19,0.4316463866209377,16116.031503692788,High,Low,0,HUMAN_REVIEW,PENDING,2026-08-31T00:01:34.653717,High-value opportunity but model confidence is low,,,,
P09122,43606.8,0.3627727222396099,15819.357544158222,High,Medium,2,STOP,BLOCKED,2026-08-31T00:01:34.653773,Recovery attempt limit reached or recovery opportunity is not suitable,,,,
P02866,33917.02,0.45877875969364257,15560.408368104467,High,High,0,GENERATE_PAYMENT_LINK,APPROVED,2026-08-31T00:01:34.653832,Recovery opportunity is suitable for automated customer recovery,"Hi,

Your recent payment of ₹33,917.02 could not be completed because a temporary network issue interrupted the payment.

You can complete the payment using the secure payment link provided below.

If you have already completed the payment, please ignore this message.

Thank you.",plink_test_55039c1b0fc7,https://rzp.io/i/mock_9c1b0fc7,created
P06348,30270.62,0.5052721803109135,15294.902166763142,High,Medium,0,STOP,BLOCKED,2026-08-31T00:01:34.653922,Recovery attempt limit reached or recovery opportunity is not suitable,,,,
P04279,27032.24,0.5516406962014552,14912.083693484825,High,Medium,0,STOP,BLOCKED,2026-08-31T00:01:34.653998,Recovery attempt limit reached or recovery opportunity is not suitable,,,,
P03840,26245.95,0.5570811705272816,14621.124547600506,High,High,0,GENERATE_PAYMENT_LINK,APPROVED,2026-08-31T00:01:34.654056,Recovery opportunity is suitable for automated customer recovery,"Hi,

Your recent payment of ₹26,245.95 could not be completed because a temporary network issue interrupted the payment.

You can complete the payment using the secure payment link provided below.

If you have already completed the payment, please ignore this message.

Thank you.",plink_test_00cbadb40cb2,https://rzp.io/i/mock_adb40cb2,created
P04103,34835.3,0.3933915266699042,13703.911849004115,High,Low,0,HUMAN_REVIEW,PENDING,2026-08-31T00:01:34.654151,High-value opportunity but model confidence is low,,,,
P03479,30965.94,0.41305775011551554,12790.721506612046,High,Low,0,HUMAN_REVIEW,PENDING,2026-08-31T00:01:34.654374,High-value opportunity but model confidence is low,,,,
P07363,37705.42,0.33512982518453777,12636.210813109574,High,Low,0,HUMAN_REVIEW,PENDING,2026-08-31T00:01:34.654457,High-value opportunity but model confidence is low,,,,
P07915,32218.03,0.3919546600569947,12628.006996356056,High,High,0,GENERATE_PAYMENT_LINK,APPROVED,2026-08-31T00:01:34.654501,Recovery opportunity is suitable for automated customer recovery,"Hi,

Your recent payment of ₹32,218.03 could not be completed because there were insufficient funds to complete the payment.

You can complete the payment using the secure payment link provided below.

If you have already completed the payment, please ignore this message.

Thank you.",plink_test_48ee2ec63e38,https://rzp.io/i/mock_2ec63e38,created
P02590,30800.24,0.4050547667142714,12475.78402794357,High,High,0,GENERATE_PAYMENT_LINK,APPROVED,2026-08-31T00:01:34.654582,Recovery opportunity is suitable for automated customer recovery,"Hi,

Your recent payment of ₹30,800.24 could not be completed because there were insufficient funds to complete the payment.

You can complete the payment using the secure payment link provided below.

If you have already completed the payment, please ignore this message.

Thank you.",plink_test_36568e8a95ed,https://rzp.io/i/mock_8e8a95ed,created
P08152,23760.65,0.5172098013271055,12289.24106590289,High,Medium,0,STOP,BLOCKED,2026-08-31T00:01:34.654639,Recovery attempt limit reached or recovery opportunity is not suitable,,,,
P06104,33726.76,0.3589378076785154,12105.809294499448,High,High,0,GENERATE_PAYMENT_LINK,APPROVED,2026-08-31T00:01:34.654737,Recovery opportunity is suitable for automated customer recovery,"Hi,

Your recent payment of ₹33,726.76 could not be completed because your bank was unable to complete the payment.

You can complete the payment using the secure payment link provided below.

If you have already completed the payment, please ignore this message.

Thank you.",plink_test_836d6affffe4,https://rzp.io/i/mock_6affffe4,created
P07791,25174.76,0.4610025973182606,11605.629746863853,High,Medium,1,STOP,BLOCKED,2026-08-31T00:01:34.654809,Recovery attempt limit reached or recovery opportunity is not suitable,,,,
P07772,23065.98,0.4681136658943718,10797.500455246261,High,Medium,0,STOP,BLOCKED,2026-08-31T00:01:34.654847,Recovery attempt limit reached or recovery opportunity is not suitable,,,,
P09440,25051.65,0.4259882816469888,10671.709335921789,High,High,2,STOP,BLOCKED,2026-08-31T00:01:34.654883,Recovery attempt limit reached or recovery opportunity is not suitable,,,,
P07267,23325.42,0.44666583818680633,10418.668275359296,High,Medium,1,STOP,BLOCKED,2026-08-31T00:01:34.654916,Recovery attempt limit reached or recovery opportunity is not suitable,,,,
P04914,25516.96,0.4022171853280695,10263.359829328936,High,Medium,1,STOP,BLOCKED,2026-08-31T00:01:34.654949,Recovery attempt limit reached or recovery opportunity is not suitable,,,,
P01723,18332.31,0.5597941430401708,10262.319766396755,High,Medium,0,STOP,BLOCKED,2026-08-31T00:01:34.654982,Recovery attempt limit reached or recovery opportunity is not suitable,,,,
P04330,23985.07,0.4276728670598391,10257.763653530934,High,Low,0,HUMAN_REVIEW,PENDING,2026-08-31T00:01:34.655016,High-value opportunity but model confidence is low,,,,
P01460,23417.65,0.43755333379255434,10246.47082708721,High,Medium,1,STOP,BLOCKED,2026-08-31T00:01:34.655047,Recovery attempt limit reached or recovery opportunity is not suitable,,,,
P09152,20166.09,0.48588376835873354,9798.375802261373,High,High,0,GENERATE_PAYMENT_LINK,APPROVED,2026-08-31T00:01:34.655079,Recovery opportunity is suitable for automated customer recovery,"Hi,

Your recent payment of ₹20,166.09 could not be completed because the payment authentication could not be completed.

You can complete the payment using the secure payment link provided below.

If you have already completed the payment, please ignore this message.

Thank you.",plink_test_02ffedb33962,https://rzp.io/i/mock_edb33962,created
P03413,21971.73,0.44388865927379517,9753.001771625823,High,High,0,GENERATE_PAYMENT_LINK,APPROVED,2026-08-31T00:01:34.655131,Recovery opportunity is suitable for automated customer recovery,"Hi,

Your recent payment of ₹21,971.73 could not be completed because a temporary network issue interrupted the payment.

You can complete the payment using the secure payment link provided below.

If you have already completed the payment, please ignore this message.

Thank you.",plink_test_2a32c7f082c7,https://rzp.io/i/mock_c7f082c7,created
P07653,25699.52,0.36562772287079487,9396.456976472451,High,Low,0,HUMAN_REVIEW,PENDING,2026-08-31T00:01:34.655180,High-value opportunity but model confidence is low,,,,
P09146,28276.43,0.32911939773816423,9306.321611785359,High,Medium,0,STOP,BLOCKED,2026-08-31T00:01:34.655210,Recovery attempt limit reached or recovery opportunity is not suitable,,,,
P08745,21139.88,0.4364470000032706,9226.43720642914,High,High,0,GENERATE_PAYMENT_LINK,APPROVED,2026-08-31T00:01:34.655240,Recovery opportunity is suitable for automated customer recovery,"Hi,

Your recent payment of ₹21,139.88 could not be completed because your bank was unable to complete the payment.

You can complete the payment using the secure payment link provided below.

If you have already completed the payment, please ignore this message.

Thank you.",plink_test_153a19bb0187,https://rzp.io/i/mock_19bb0187,created
P08030,18635.74,0.49201436282616423,9169.051741894062,High,Medium,0,STOP,BLOCKED,2026-08-31T00:01:34.655288,Recovery attempt limit reached or recovery opportunity is not suitable,,,,
P05115,29342.66,0.3079965397391806,9037.437746743266,High,High,0,GENERATE_PAYMENT_LINK,APPROVED,2026-08-31T00:01:34.655321,Recovery opportunity is suitable for automated customer recovery,"Hi,

Your recent payment of ₹29,342.66 could not be completed because your bank was unable to complete the payment.

You can complete the payment using the secure payment link provided below.

If you have already completed the payment, please ignore this message.

Thank you.",plink_test_44e20ea7a2ce,https://rzp.io/i/mock_0ea7a2ce,created
P04597,23469.23,0.3820335954558707,8966.034319480783,High,Low,0,HUMAN_REVIEW,PENDING,2026-08-31T00:01:34.655372,High-value opportunity but model confidence is low,,,,
P03126,31568.03,0.2829284065636699,8931.492426254128,High,Low,0,HUMAN_REVIEW,PENDING,2026-08-31T00:01:34.655404,High-value opportunity but model confidence is low,,,,
P09155,21839.36,0.4015798926672748,8770.247844721975,High,Low,0,HUMAN_REVIEW,PENDING,2026-08-31T00:01:34.655435,High-value opportunity but model confidence is low,,,,
P09365,23602.05,0.3678681463218143,8682.442382894777,High,High,0,GENERATE_PAYMENT_LINK,APPROVED,2026-08-31T00:01:34.655466,Recovery opportunity is suitable for automated customer recovery,"Hi,

Your recent payment of ₹23,602.05 could not be completed because your card payment was declined by the issuing bank.

You can complete the payment using the secure payment link provided below.

If you have already completed the payment, please ignore this message.

Thank you.",plink_test_5fc33228f39c,https://rzp.io/i/mock_3228f39c,created
P08750,20167.22,0.4285406576322817,8642.473721414905,High,Medium,1,STOP,BLOCKED,2026-08-31T00:01:34.655514,Recovery attempt limit reached or recovery opportunity is not suitable,,,,
P04972,26171.82,0.3298482059449954,8632.72787331535,High,High,0,GENERATE_PAYMENT_LINK,APPROVED,2026-08-31T00:01:34.655545,Recovery opportunity is suitable for automated customer recovery,"Hi,

Your recent payment of ₹26,171.82 could not be completed because the payment authentication could not be completed.

You can complete the payment using the secure payment link provided below.

If you have already completed the payment, please ignore this message.

Thank you.",plink_test_426ea83c5e38,https://rzp.io/i/mock_a83c5e38,created
P02545,26328.74,0.326824735621493,8604.883489747028,High,Low,1,HUMAN_REVIEW,PENDING,2026-08-31T00:01:34.655705,High-value opportunity but model confidence is low,,,,
P01714,16594.82,0.5185191077525193,8604.731259713662,High,Medium,0,STOP,BLOCKED,2026-08-31T00:01:34.655744,Recovery attempt limit reached or recovery opportunity is not suitable,,,,
P08949,15886.22,0.5333295052089769,8472.589852240953,High,Low,0,HUMAN_REVIEW,PENDING,2026-08-31T00:01:34.655780,High-value opportunity but model confidence is low,,,,
P03291,24712.18,0.339982939476368,8401.719597269112,High,Medium,0,STOP,BLOCKED,2026-08-31T00:01:34.655814,Recovery attempt limit reached or recovery opportunity is not suitable,,,,
P03106,29545.21,0.28048180211505735,8286.893744667814,High,High,2,STOP,BLOCKED,2026-08-31T00:01:34.655857,Recovery attempt limit reached or recovery opportunity is not suitable,,,,
P08147,15385.3,0.5303564833123057,8159.693602704816,High,High,0,GENERATE_PAYMENT_LINK,APPROVED,2026-08-31T00:01:34.655896,Recovery opportunity is suitable for automated customer recovery,"Hi,

Your recent payment of ₹15,385.30 could not be completed because the OTP verification was unsuccessful.

You can complete the payment using the secure payment link provided below.

If you have already completed the payment, please ignore this message.

Thank you.",plink_test_c1358b894faf,https://rzp.io/i/mock_8b894faf,created
P08088,21984.91,0.36688536421928325,8065.941712678163,High,Medium,0,STOP,BLOCKED,2026-08-31T00:01:34.655950,Recovery attempt limit reached or recovery opportunity is not suitable,,,,
P05841,27384.85,0.2939168683687513,8048.869352747999,High,Medium,0,STOP,BLOCKED,2026-08-31T00:01:34.655982,Recovery attempt limit reached or recovery opportunity is not suitable,,,,
P05576,20572.96,0.38896941049990746,8002.252123438176,High,High,0,GENERATE_PAYMENT_LINK,APPROVED,2026-08-31T00:01:34.656012,Recovery opportunity is suitable for automated customer recovery,"Hi,

Your recent payment of ₹20,572.96 could not be completed because your card payment was declined by the issuing bank.

You can complete the payment using the secure payment link provided below.

If you have already completed the payment, please ignore this message.

Thank you.",plink_test_6320f8d12632,https://rzp.io/i/mock_f8d12632,created
P02902,21263.37,0.3748687879109181,7970.973738801378,High,Medium,0,STOP,BLOCKED,2026-08-31T00:01:34.656059,Recovery attempt limit reached or recovery opportunity is not suitable,,,,
P08700,19678.43,0.40504195531314147,7970.589764692782,High,High,1,GENERATE_PAYMENT_LINK,APPROVED,2026-08-31T00:01:34.656089,Recovery opportunity is suitable for automated customer recovery,"Hi,

Your recent payment of ₹19,678.43 could not be completed because the payment authentication could not be completed.

You can complete the payment using the secure payment link provided below.

If you have already completed the payment, please ignore this message.

Thank you.",plink_test_df71c51d3d6e,https://rzp.io/i/mock_c51d3d6e,created
P04777,16161.76,0.49064163488975643,7929.63234909587,High,High,0,GENERATE_PAYMENT_LINK,APPROVED,2026-08-31T00:01:34.656137,Recovery opportunity is suitable for automated customer recovery,"Hi,

Your recent payment of ₹16,161.76 could not be completed because a temporary network issue interrupted the payment.

You can complete the payment using the secure payment link provided below.

If you have already completed the payment, please ignore this message.

Thank you.",plink_test_60d7aebfd9f9,https://rzp.io/i/mock_aebfd9f9,created
P03532,16031.68,0.4889299562329728,7838.368600741026,High,Low,0,HUMAN_REVIEW,PENDING,2026-08-31T00:01:34.656183,High-value opportunity but model confidence is low,,,,
P08410,19068.6,0.4089300386848126,7797.723335665217,High,High,0,GENERATE_PAYMENT_LINK,APPROVED,2026-08-31T00:01:34.656215,Recovery opportunity is suitable for automated customer recovery,"Hi,

Your recent payment of ₹19,068.60 could not be completed because there were insufficient funds to complete the payment.

You can complete the payment using the secure payment link provided below.

If you have already completed the payment, please ignore this message.

Thank you.",plink_test_8f1934dc8621,https://rzp.io/i/mock_34dc8621,created
P03907,18937.02,0.40924547700378394,7749.889782930197,High,Medium,0,STOP,BLOCKED,2026-08-31T00:01:34.656259,Recovery attempt limit reached or recovery opportunity is not suitable,,,,
P01706,20393.95,0.37930028451019154,7735.431037286621,High,Medium,0,STOP,BLOCKED,2026-08-31T00:01:34.656290,Recovery attempt limit reached or recovery opportunity is not suitable,,,,
P08656,20133.14,0.3792909528838869,7636.317855144699,High,Medium,0,STOP,BLOCKED,2026-08-31T00:01:34.656321,Recovery attempt limit reached or recovery opportunity is not suitable,,,,
P00185,20030.27,0.37955528944856065,7602.594927582821,High,Medium,1,STOP,BLOCKED,2026-08-31T00:01:34.656356,Recovery attempt limit reached or recovery opportunity is not suitable,,,,
P01870,17548.49,0.43270619182188075,7593.3402801243565,High,Low,0,HUMAN_REVIEW,PENDING,2026-08-31T00:01:34.656387,High-value opportunity but model confidence is low,,,,
P06940,18058.85,0.419375613510629,7573.441298046422,High,Medium,0,STOP,BLOCKED,2026-08-31T00:01:34.656417,Recovery attempt limit reached or recovery opportunity is not suitable,,,,
P01322,16019.92,0.47132405207751843,7550.573608357679,High,Low,0,HUMAN_REVIEW,PENDING,2026-08-31T00:01:34.656447,High-value opportunity but model confidence is low,,,,
P06320,16306.56,0.45997948020841684,7500.682992787361,High,Low,0,HUMAN_REVIEW,PENDING,2026-08-31T00:01:34.656476,High-value opportunity but model confidence is low,,,,
P06660,26210.39,0.2851662426299517,7474.31843416566,High,Low,0,HUMAN_REVIEW,PENDING,2026-08-31T00:01:34.656504,High-value opportunity but model confidence is low,,,,
P08024,15752.36,0.4683724474059548,7377.971405619666,High,High,0,GENERATE_PAYMENT_LINK,APPROVED,2026-08-31T00:01:34.656532,Recovery opportunity is suitable for automated customer recovery,"Hi,

Your recent payment of ₹15,752.36 could not be completed because there were insufficient funds to complete the payment.

You can complete the payment using the secure payment link provided below.

If you have already completed the payment, please ignore this message.

Thank you.",plink_test_a9291e0d721b,https://rzp.io/i/mock_1e0d721b,created
P09308,14672.75,0.5021275903327623,7367.592601055038,High,High,0,GENERATE_PAYMENT_LINK,APPROVED,2026-08-31T00:01:34.656579,Recovery opportunity is suitable for automated customer recovery,"Hi,

Your recent payment of ₹14,672.75 could not be completed because your bank was unable to complete the payment.

You can complete the payment using the secure payment link provided below.

If you have already completed the payment, please ignore this message.

Thank you.",plink_test_35144a1131e3,https://rzp.io/i/mock_4a1131e3,created
P04258,16493.25,0.44660373053238706,7365.946978603293,High,Low,0,HUMAN_REVIEW,PENDING,2026-08-31T00:01:34.656623,High-value opportunity but model confidence is low,,,,
P04292,20139.21,0.35885979639741344,7227.152800204753,High,High,0,GENERATE_PAYMENT_LINK,APPROVED,2026-08-31T00:01:34.656656,Recovery opportunity is suitable for automated customer recovery,"Hi,

Your recent payment of ₹20,139.21 could not be completed because a temporary network issue interrupted the payment.

You can complete the payment using the secure payment link provided below.

If you have already completed the payment, please ignore this message.

Thank you.",plink_test_15a92b1ede9f,https://rzp.io/i/mock_2b1ede9f,created
P05804,13510.04,0.5311489832592549,7175.844009791864,High,Medium,0,STOP,BLOCKED,2026-08-31T00:01:34.656699,Recovery attempt limit reached or recovery opportunity is not suitable,,,,
P01325,16303.17,0.43545942359210404,7099.369010924083,High,High,2,STOP,BLOCKED,2026-08-31T00:01:34.656729,Recovery attempt limit reached or recovery opportunity is not suitable,,,,
P02971,21910.78,0.32395438440988966,7098.093246840522,High,High,0,GENERATE_PAYMENT_LINK,APPROVED,2026-08-31T00:01:34.656757,Recovery opportunity is suitable for automated customer recovery,"Hi,

Your recent payment of ₹21,910.78 could not be completed because your bank was unable to complete the payment.

You can complete the payment using the secure payment link provided below.

If you have already completed the payment, please ignore this message.

Thank you.",plink_test_170d328b4a4b,https://rzp.io/i/mock_328b4a4b,created
P01166,15898.15,0.44151949623262293,7019.343179030674,High,Low,0,HUMAN_REVIEW,PENDING,2026-08-31T00:01:34.656805,High-value opportunity but model confidence is low,,,,
P09333,13609.84,0.5127845346653801,6978.915471270277,High,Low,0,HUMAN_REVIEW,PENDING,2026-08-31T00:01:34.656833,High-value opportunity but model confidence is low,,,,
P04336,28207.89,0.246501599981661,6953.290017106695,High,Low,2,STOP,BLOCKED,2026-08-31T00:01:34.656861,Recovery attempt limit reached or recovery opportunity is not suitable,,,,
P02036,24867.47,0.279266291550633,6944.64612714662,High,Low,0,HUMAN_REVIEW,PENDING,2026-08-31T00:01:34.656888,High-value opportunity but model confidence is low,,,,
P09351,18618.82,0.3706873843099651,6901.761684738065,High,Low,0,HUMAN_REVIEW,PENDING,2026-08-31T00:01:34.656916,High-value opportunity but model confidence is low,,,,
P09918,20244.25,0.34028837370903114,6888.882909459054,High,High,0,GENERATE_PAYMENT_LINK,APPROVED,2026-08-31T00:01:34.656943,Recovery opportunity is suitable for automated customer recovery,"Hi,

Your recent payment of ₹20,244.25 could not be completed because your bank was unable to complete the payment.

You can complete the payment using the secure payment link provided below.

If you have already completed the payment, please ignore this message.

Thank you.",plink_test_701855c023e8,https://rzp.io/i/mock_55c023e8,created
P07298,13365.45,0.5137867004040358,6866.9904549151215,High,High,0,GENERATE_PAYMENT_LINK,APPROVED,2026-08-31T00:01:34.656989,Recovery opportunity is suitable for automated customer recovery,"Hi,

Your recent payment of ₹13,365.45 could not be completed because there were insufficient funds to complete the payment.

You can complete the payment using the secure payment link provided below.

If you have already completed the payment, please ignore this message.

Thank you.",plink_test_90817913fb2e,https://rzp.io/i/mock_7913fb2e,created
P09738,19713.32,0.34708650763299514,6842.2273926516755,High,Medium,1,STOP,BLOCKED,2026-08-31T00:01:34.657031,Recovery attempt limit reached or recovery opportunity is not suitable,,,,
P03162,14576.01,0.46868017104069765,6831.48685989092,High,Medium,0,STOP,BLOCKED,2026-08-31T00:01:34.657058,Recovery attempt limit reached or recovery opportunity is not suitable,,,,
P07394,22415.06,0.3047692899999777,6831.421921506901,High,Low,1,HUMAN_REVIEW,PENDING,2026-08-31T00:01:34.657085,High-value opportunity but model confidence is low,,,,
P08110,13601.21,0.4984106922553241,6778.988491610036,High,Low,0,HUMAN_REVIEW,PENDING,2026-08-31T00:01:34.657118,High-value opportunity but model confidence is low,,,,
P08729,22871.63,0.2932672368549083,6707.499732467827,High,Medium,0,STOP,BLOCKED,2026-08-31T00:01:34.657145,Recovery attempt limit reached or recovery opportunity is not suitable,,,,
P04633,12820.84,0.5171162325477826,6629.864478897914,High,Low,1,HUMAN_REVIEW,PENDING,2026-08-31T00:01:34.657171,High-value opportunity but model confidence is low,,,,
P07353,15282.63,0.4327528933426502,6613.602350385186,High,High,0,GENERATE_PAYMENT_LINK,APPROVED,2026-08-31T00:01:34.657197,Recovery opportunity is suitable for automated customer recovery,"Hi,

Your recent payment of ₹15,282.63 could not be completed because your bank was unable to complete the payment.

You can complete the payment using the secure payment link provided below.

If you have already completed the payment, please ignore this message.

Thank you.",plink_test_d090f9658db4,https://rzp.io/i/mock_f9658db4,created
P02961,13706.03,0.4820308743454012,6606.7296247043,High,Low,0,HUMAN_REVIEW,PENDING,2026-08-31T00:01:34.657240,High-value opportunity but model confidence is low,,,,
P01881,11418.56,0.5685631933000098,6492.17293648776,High,Medium,0,STOP,BLOCKED,2026-08-31T00:01:34.657267,Recovery attempt limit reached or recovery opportunity is not suitable,,,,
P04947,23377.82,0.27353670977526334,6394.691964518347,High,High,2,STOP,BLOCKED,2026-08-31T00:01:34.657293,Recovery attempt limit reached or recovery opportunity is not suitable,,,,
P03824,12496.64,0.5096355464208425,6368.731954824557,High,High,0,GENERATE_PAYMENT_LINK,APPROVED,2026-08-31T00:01:34.657319,Recovery opportunity is suitable for automated customer recovery,"Hi,

Your recent payment of ₹12,496.64 could not be completed because there were insufficient funds to complete the payment.

You can complete the payment using the secure payment link provided below.

If you have already completed the payment, please ignore this message.

Thank you.",plink_test_8bce5c10f7b4,https://rzp.io/i/mock_5c10f7b4,created
P00111,21123.73,0.2995294267953663,6327.178738680083,High,Medium,2,STOP,BLOCKED,2026-08-31T00:01:34.657361,Recovery attempt limit reached or recovery opportunity is not suitable,,,,
P05311,13353.24,0.4737925985061893,6326.666278076787,High,Low,0,HUMAN_REVIEW,PENDING,2026-08-31T00:01:34.657389,High-value opportunity but model confidence is low,,,,
P06353,18018.04,0.34717033619432136,6255.32900436273,High,Medium,0,STOP,BLOCKED,2026-08-31T00:01:34.657417,Recovery attempt limit reached or recovery opportunity is not suitable,,,,
P06197,16039.66,0.3830506848831809,6144.002748293361,High,Medium,1,STOP,BLOCKED,2026-08-31T00:01:34.657443,Recovery attempt limit reached or recovery opportunity is not suitable,,,,
P03741,13293.42,0.451991704710562,6008.515567233479,High,Low,0,HUMAN_REVIEW,PENDING,2026-08-31T00:01:34.657470,High-value opportunity but model confidence is low,,,,
P00163,11712.45,0.5086029056888047,5956.986102734842,High,Medium,0,STOP,BLOCKED,2026-08-31T00:01:34.657496,Recovery attempt limit reached or recovery opportunity is not suitable,,,,
P05878,15597.38,0.3782611410265561,5899.882755824786,High,Low,2,STOP,BLOCKED,2026-08-31T00:01:34.657523,Recovery attempt limit reached or recovery opportunity is not suitable,,,,
P04824,13197.79,0.44521952686665844,5875.913819485517,High,High,0,GENERATE_PAYMENT_LINK,APPROVED,2026-08-31T00:01:34.657548,Recovery opportunity is suitable for automated customer recovery,"Hi,

Your recent payment of ₹13,197.79 could not be completed because your bank was unable to complete the payment.

You can complete the payment using the secure payment link provided below.

If you have already completed the payment, please ignore this message.

Thank you.",plink_test_157f96056ddd,https://rzp.io/i/mock_96056ddd,created
P00613,16404.8,0.35763055630838986,5866.857750127873,High,High,1,GENERATE_PAYMENT_LINK,APPROVED,2026-08-31T00:01:34.657591,Recovery opportunity is suitable for automated customer recovery,"Hi,

Your recent payment of ₹16,404.80 could not be completed because your card payment was declined by the issuing bank.

You can complete the payment using the secure payment link provided below.

If you have already completed the payment, please ignore this message.

Thank you.",plink_test_68b6735e36f5,https://rzp.io/i/mock_735e36f5,created
P05724,11904.96,0.49227186026088976,5860.476805531482,High,Low,0,HUMAN_REVIEW,PENDING,2026-08-31T00:01:34.657632,High-value opportunity but model confidence is low,,,,
P07893,11680.47,0.499321632212686,5832.311345411312,High,Medium,0,STOP,BLOCKED,2026-08-31T00:01:34.657660,Recovery attempt limit reached or recovery opportunity is not suitable,,,,
P05905,15630.99,0.3728369271461239,5827.810279851791,High,Low,0,HUMAN_REVIEW,PENDING,2026-08-31T00:01:34.657686,High-value opportunity but model confidence is low,,,,
P07283,16971.31,0.3420946903508433,5805.79503929817,High,High,1,GENERATE_PAYMENT_LINK,APPROVED,2026-08-31T00:01:34.657712,Recovery opportunity is suitable for automated customer recovery,"Hi,

Your recent payment of ₹16,971.31 could not be completed because there were insufficient funds to complete the payment.

You can complete the payment using the secure payment link provided below.

If you have already completed the payment, please ignore this message.

Thank you.",plink_test_86c69a52dc6b,https://rzp.io/i/mock_9a52dc6b,created
P01571,10714.49,0.5371597771684637,5755.393060873733,High,High,0,GENERATE_PAYMENT_LINK,APPROVED,2026-08-31T00:01:34.657752,Recovery opportunity is suitable for automated customer recovery,"Hi,

Your recent payment of ₹10,714.49 could not be completed because a temporary network issue interrupted the payment.

You can complete the payment using the secure payment link provided below.

If you have already completed the payment, please ignore this message.

Thank you.",plink_test_9facb1d2be18,https://rzp.io/i/mock_b1d2be18,created
P01024,22330.27,0.257138434215832,5741.970663416767,High,Medium,1,STOP,BLOCKED,2026-08-31T00:01:34.657793,Recovery attempt limit reached or recovery opportunity is not suitable,,,,
P05304,15894.36,0.360096484349254,5723.503156981409,High,Low,0,HUMAN_REVIEW,PENDING,2026-08-31T00:01:34.657822,High-value opportunity but model confidence is low,,,,
P01142,11707.32,0.4862086110884041,5692.199796767494,High,Medium,0,STOP,BLOCKED,2026-08-31T00:01:34.657858,Recovery attempt limit reached or recovery opportunity is not suitable,,,,
P05207,12963.53,0.43588804684213717,5650.64777187945,High,Medium,0,STOP,BLOCKED,2026-08-31T00:01:34.657906,Recovery attempt limit reached or recovery opportunity is not suitable,,,,
P04711,14866.9,0.37629114040582723,5594.282755299393,High,Low,0,HUMAN_REVIEW,PENDING,2026-08-31T00:01:34.657950,High-value opportunity but model confidence is low,,,,
P00892,11562.19,0.48217871328568623,5575.041896964629,High,Medium,1,STOP,BLOCKED,2026-08-31T00:01:34.657993,Recovery attempt limit reached or recovery opportunity is not suitable,,,,
P01622,10945.28,0.5022374915285219,5497.129971277301,High,Low,0,HUMAN_REVIEW,PENDING,2026-08-31T00:01:34.658037,High-value opportunity but model confidence is low,,,,
P01293,11669.86,0.46957838712233513,5479.914036743454,High,Medium,0,STOP,BLOCKED,2026-08-31T00:01:34.658081,Recovery attempt limit reached or recovery opportunity is not suitable,,,,
P00744,10390.59,0.5251433926977694,5456.549684731516,High,High,0,GENERATE_PAYMENT_LINK,APPROVED,2026-08-31T00:01:34.658123,Recovery opportunity is suitable for automated customer recovery,"Hi,

Your recent payment of ₹10,390.59 could not be completed because there were insufficient funds to complete the payment.

You can complete the payment using the secure payment link provided below.

If you have already completed the payment, please ignore this message.

Thank you.",plink_test_e2547422bef9,https://rzp.io/i/mock_7422bef9,created
P01082,16714.31,0.32582453615394924,5445.932302883316,High,High,0,GENERATE_PAYMENT_LINK,APPROVED,2026-08-31T00:01:34.658193,Recovery opportunity is suitable for automated customer recovery,"Hi,

Your recent payment of ₹16,714.31 could not be completed because your bank was unable to complete the payment.

You can complete the payment using the secure payment link provided below.

If you have already completed the payment, please ignore this message.

Thank you.",plink_test_c580996c7fd9,https://rzp.io/i/mock_996c7fd9,created
P03135,11531.09,0.4694663275251288,5413.4584746617375,High,Low,0,HUMAN_REVIEW,PENDING,2026-08-31T00:01:34.658260,High-value opportunity but model confidence is low,,,,
P00405,15864.45,0.3401595249633764,5396.443775805237,High,Medium,1,STOP,BLOCKED,2026-08-31T00:01:34.658303,Recovery attempt limit reached or recovery opportunity is not suitable,,,,
P06273,10501.35,0.5082537578998934,5337.350600522045,High,High,0,GENERATE_PAYMENT_LINK,APPROVED,2026-08-31T00:01:34.658345,Recovery opportunity is suitable for automated customer recovery,"Hi,

Your recent payment of ₹10,501.35 could not be completed because a temporary network issue interrupted the payment.

You can complete the payment using the secure payment link provided below.

If you have already completed the payment, please ignore this message.

Thank you.",plink_test_e9cc371245b4,https://rzp.io/i/mock_371245b4,created
P00131,11104.72,0.4769828010731857,5296.760450733426,High,Low,0,HUMAN_REVIEW,PENDING,2026-08-31T00:01:34.658409,High-value opportunity but model confidence is low,,,,
P05786,11215.99,0.4686238684862259,5256.080622702824,High,Low,1,HUMAN_REVIEW,PENDING,2026-08-31T00:01:34.658442,High-value opportunity but model confidence is low,,,,
P04458,10057.41,0.5220852924808079,5250.825841449402,High,Low,0,HUMAN_REVIEW,PENDING,2026-08-31T00:01:34.658470,High-value opportunity but model confidence is low,,,,
P05952,22001.43,0.23790197329352916,5234.183612279451,High,Medium,1,STOP,BLOCKED,2026-08-31T00:01:34.658495,Recovery attempt limit reached or recovery opportunity is not suitable,,,,
P01724,9346.51,0.5582260656269546,5217.465504642988,High,High,0,GENERATE_PAYMENT_LINK,APPROVED,2026-08-31T00:01:34.658522,Recovery opportunity is suitable for automated customer recovery,"Hi,

Your recent payment of ₹9,346.51 could not be completed because there were insufficient funds to complete the payment.

You can complete the payment using the secure payment link provided below.

If you have already completed the payment, please ignore this message.

Thank you.",plink_test_38417c978b96,https://rzp.io/i/mock_7c978b96,created
P04620,16055.68,0.32455764125143316,5210.993629487811,High,Medium,1,STOP,BLOCKED,2026-08-31T00:01:34.658566,Recovery attempt limit reached or recovery opportunity is not suitable,,,,
P05977,12091.64,0.42781675700942706,5173.006211725468,High,Low,0,HUMAN_REVIEW,PENDING,2026-08-31T00:01:34.658592,High-value opportunity but model confidence is low,,,,
P00624,12851.84,0.4010513570907971,5154.24787311379,High,Medium,0,STOP,BLOCKED,2026-08-31T00:01:34.658617,Recovery attempt limit reached or recovery opportunity is not suitable,,,,
P07856,12527.08,0.4107137281956338,5145.04373020496,High,Medium,0,STOP,BLOCKED,2026-08-31T00:01:34.658642,Recovery attempt limit reached or recovery opportunity is not suitable,,,,
P08930,11403.52,0.45031082573645687,5135.128507502201,High,Medium,1,STOP,BLOCKED,2026-08-31T00:01:34.658667,Recovery attempt limit reached or recovery opportunity is not suitable,,,,
P02242,10425.97,0.49228469950092213,5132.545508455629,High,High,0,GENERATE_PAYMENT_LINK,APPROVED,2026-08-31T00:01:34.658694,Recovery opportunity is suitable for automated customer recovery,"Hi,

Your recent payment of ₹10,425.97 could not be completed because there were insufficient funds to complete the payment.

You can complete the payment using the secure payment link provided below.

If you have already completed the payment, please ignore this message.

Thank you.",plink_test_7d9d149a3de6,https://rzp.io/i/mock_149a3de6,created
P02782,12566.16,0.40786737905174586,5125.326743944886,High,Medium,0,STOP,BLOCKED,2026-08-31T00:01:34.658736,Recovery attempt limit reached or recovery opportunity is not suitable,,,,
P06794,17209.12,0.2963089004577598,5099.215425045643,High,High,1,GENERATE_PAYMENT_LINK,APPROVED,2026-08-31T00:01:34.658764,Recovery opportunity is suitable for automated customer recovery,"Hi,

Your recent payment of ₹17,209.12 could not be completed because your bank was unable to complete the payment.

You can complete the payment using the secure payment link provided below.

If you have already completed the payment, please ignore this message.

Thank you.",plink_test_fc3aba5fb653,https://rzp.io/i/mock_ba5fb653,created
P05793,12216.96,0.41189670251393407,5032.125538744632,High,High,0,GENERATE_PAYMENT_LINK,APPROVED,2026-08-31T00:01:34.658807,Recovery opportunity is suitable for automated customer recovery,"Hi,

Your recent payment of ₹12,216.96 could not be completed because the payment authentication could not be completed.

You can complete the payment using the secure payment link provided below.

If you have already completed the payment, please ignore this message.

Thank you.",plink_test_6d7deff196ee,https://rzp.io/i/mock_eff196ee,created
P04125,10681.81,0.46913350333057763,5011.1949472115975,High,High,0,GENERATE_PAYMENT_LINK,APPROVED,2026-08-31T00:01:34.658850,Recovery opportunity is suitable for automated customer recovery,"Hi,

Your recent payment of ₹10,681.81 could not be completed because a temporary network issue interrupted the payment.

You can complete the payment using the secure payment link provided below.

If you have already completed the payment, please ignore this message.

Thank you.",plink_test_9a1c16b2ab33,https://rzp.io/i/mock_16b2ab33,created
P09904,9874.08,0.5052276856879167,4988.658586697344,High,Low,0,HUMAN_REVIEW,PENDING,2026-08-31T00:01:34.658890,High-value opportunity but model confidence is low,,,,
P06639,20055.98,0.24808545152169703,4975.596854010125,High,Low,1,HUMAN_REVIEW,PENDING,2026-08-31T00:01:34.658917,High-value opportunity but model confidence is low,,,,
P02763,11108.2,0.4478529710136987,4974.840372614368,High,Medium,0,STOP,BLOCKED,2026-08-31T00:01:34.658941,Recovery attempt limit reached or recovery opportunity is not suitable,,,,
P07234,14981.4,0.3307427934289253,4954.990085476102,High,Medium,1,STOP,BLOCKED,2026-08-31T00:01:34.658967,Recovery attempt limit reached or recovery opportunity is not suitable,,,,
P01262,12653.87,0.3914466836539946,4953.315446888773,High,Medium,1,STOP,BLOCKED,2026-08-31T00:01:34.658992,Recovery attempt limit reached or recovery opportunity is not suitable,,,,
P01683,11148.68,0.4421146710980281,4928.994991377164,High,Medium,2,STOP,BLOCKED,2026-08-31T00:01:34.659017,Recovery attempt limit reached or recovery opportunity is not suitable,,,,
P03701,10191.51,0.4832639142526177,4925.189014744697,High,High,0,GENERATE_PAYMENT_LINK,APPROVED,2026-08-31T00:01:34.659042,Recovery opportunity is suitable for automated customer recovery,"Hi,

Your recent payment of ₹10,191.51 could not be completed because your bank was unable to complete the payment.

You can complete the payment using the secure payment link provided below.

If you have already completed the payment, please ignore this message.

Thank you.",plink_test_5479d7f4eb2d,https://rzp.io/i/mock_d7f4eb2d,created
P01276,9670.0,0.5061787940241064,4894.748938213109,High,High,0,GENERATE_PAYMENT_LINK,APPROVED,2026-08-31T00:01:34.659085,Recovery opportunity is suitable for automated customer recovery,"Hi,

Your recent payment of ₹9,670.00 could not be completed because your bank was unable to complete the payment.

You can complete the payment using the secure payment link provided below.

If you have already completed the payment, please ignore this message.

Thank you.",plink_test_a3c3f258c2bc,https://rzp.io/i/mock_f258c2bc,created
P05062,11816.0,0.4103735827414423,4848.974253672883,High,High,0,GENERATE_PAYMENT_LINK,APPROVED,2026-08-31T00:01:34.659126,Recovery opportunity is suitable for automated customer recovery,"Hi,

Your recent payment of ₹11,816.00 could not be completed because there were insufficient funds to complete the payment.

You can complete the payment using the secure payment link provided below.

If you have already completed the payment, please ignore this message.

Thank you.",plink_test_fc0cec02941d,https://rzp.io/i/mock_ec02941d,created
P07495,8940.25,0.533588290685185,4770.412715798225,High,High,0,GENERATE_PAYMENT_LINK,APPROVED,2026-08-31T00:01:34.659165,Recovery opportunity is suitable for automated customer recovery,"Hi,

Your recent payment of ₹8,940.25 could not be completed because the OTP verification was unsuccessful.

You can complete the payment using the secure payment link provided below.

If you have already completed the payment, please ignore this message.

Thank you.",plink_test_247adb242456,https://rzp.io/i/mock_db242456,created
P05383,9534.87,0.496607200862559,4735.085101288389,High,Low,1,HUMAN_REVIEW,PENDING,2026-08-31T00:01:34.659206,High-value opportunity but model confidence is low,,,,
P04312,11153.97,0.42407255177178976,4730.09252028599,High,Low,0,HUMAN_REVIEW,PENDING,2026-08-31T00:01:34.659234,High-value opportunity but model confidence is low,,,,
P01075,19510.0,0.2420758197985322,4722.899244269363,High,Low,0,HUMAN_REVIEW,PENDING,2026-08-31T00:01:34.659259,High-value opportunity but model confidence is low,,,,
P00912,14060.47,0.3300776818630912,4641.047343505538,High,Low,2,STOP,BLOCKED,2026-08-31T00:01:34.659286,Recovery attempt limit reached or recovery opportunity is not suitable,,,,
P05567,10704.36,0.43083377397431255,4611.799816779672,High,High,0,GENERATE_PAYMENT_LINK,APPROVED,2026-08-31T00:01:34.659313,Recovery opportunity is suitable for automated customer recovery,"Hi,

Your recent payment of ₹10,704.36 could not be completed because the payment authentication could not be completed.

You can complete the payment using the secure payment link provided below.

If you have already completed the payment, please ignore this message.

Thank you.",plink_test_bae3d8b4887d,https://rzp.io/i/mock_d8b4887d,created
P06537,8576.92,0.5361593022438936,4598.595442601696,High,High,0,GENERATE_PAYMENT_LINK,APPROVED,2026-08-31T00:01:34.659354,Recovery opportunity is suitable for automated customer recovery,"Hi,

Your recent payment of ₹8,576.92 could not be completed because there were insufficient funds to complete the payment.

You can complete the payment using the secure payment link provided below.

If you have already completed the payment, please ignore this message.

Thank you.",plink_test_7fb35502b618,https://rzp.io/i/mock_5502b618,created
P03662,11298.33,0.404540468741033,4570.631714190876,High,Medium,0,STOP,BLOCKED,2026-08-31T00:01:34.659395,Recovery attempt limit reached or recovery opportunity is not suitable,,,,
P06790,9515.38,0.4777056250450774,4545.550550441429,High,Medium,0,STOP,BLOCKED,2026-08-31T00:01:34.659422,Recovery attempt limit reached or recovery opportunity is not suitable,,,,
P04585,9897.58,0.4579547994157564,4532.644263601403,High,High,1,GENERATE_PAYMENT_LINK,APPROVED,2026-08-31T00:01:34.659449,Recovery opportunity is suitable for automated customer recovery,"Hi,

Your recent payment of ₹9,897.58 could not be completed because there were insufficient funds to complete the payment.

You can complete the payment using the secure payment link provided below.

If you have already completed the payment, please ignore this message.

Thank you.",plink_test_89e416a0ad13,https://rzp.io/i/mock_16a0ad13,created
P01547,10532.56,0.4301771803215177,4530.866962367204,High,Low,0,HUMAN_REVIEW,PENDING,2026-08-31T00:01:34.659492,High-value opportunity but model confidence is low,,,,
P06516,12375.05,0.3656339492097942,4524.738403168663,High,Low,0,HUMAN_REVIEW,PENDING,2026-08-31T00:01:34.659520,High-value opportunity but model confidence is low,,,,
P05362,12608.6,0.35848790400398794,4520.030586424683,High,Medium,0,STOP,BLOCKED,2026-08-31T00:01:34.659547,Recovery attempt limit reached or recovery opportunity is not suitable,,,,
P07116,12032.43,0.374296067264449,4503.691228634774,High,Low,1,HUMAN_REVIEW,PENDING,2026-08-31T00:01:34.659573,High-value opportunity but model confidence is low,,,,
P05814,9711.81,0.4627941160403673,4494.568524101999,High,High,0,GENERATE_PAYMENT_LINK,APPROVED,2026-08-31T00:01:34.659599,Recovery opportunity is suitable for automated customer recovery,"Hi,

Your recent payment of ₹9,711.81 could not be completed because there were insufficient funds to complete the payment.

You can complete the payment using the secure payment link provided below.

If you have already completed the payment, please ignore this message.

Thank you.",plink_test_884d1e74cdcf,https://rzp.io/i/mock_1e74cdcf,created
P05210,13854.22,0.32275068517117944,4471.458997512257,High,Medium,2,STOP,BLOCKED,2026-08-31T00:01:34.659641,Recovery attempt limit reached or recovery opportunity is not suitable,,,,
P02797,8485.49,0.5268643948088354,4470.702553506425,High,High,0,GENERATE_PAYMENT_LINK,APPROVED,2026-08-31T00:01:34.659668,Recovery opportunity is suitable for automated customer recovery,"Hi,

Your recent payment of ₹8,485.49 could not be completed because there were insufficient funds to complete the payment.

You can complete the payment using the secure payment link provided below.

If you have already completed the payment, please ignore this message.

Thank you.",plink_test_9cfb3035e66f,https://rzp.io/i/mock_3035e66f,created
P06760,12812.8,0.34889694889852374,4470.346826847005,High,Low,1,HUMAN_REVIEW,PENDING,2026-08-31T00:01:34.659708,High-value opportunity but model confidence is low,,,,
P05683,13326.31,0.33474773069303937,4460.952031011957,High,Low,0,HUMAN_REVIEW,PENDING,2026-08-31T00:01:34.659735,High-value opportunity but model confidence is low,,,,
P04522,16077.36,0.2767012010457,4448.624821644095,High,Low,1,HUMAN_REVIEW,PENDING,2026-08-31T00:01:34.659764,High-value opportunity but model confidence is low,,,,
P02565,12449.86,0.35711618906089865,4446.04655754172,High,High,0,GENERATE_PAYMENT_LINK,APPROVED,2026-08-31T00:01:34.659790,Recovery opportunity is suitable for automated customer recovery,"Hi,

Your recent payment of ₹12,449.86 could not be completed because your card appears to have expired.

You can complete the payment using the secure payment link provided below.

If you have already completed the payment, please ignore this message.

Thank you.",plink_test_90c8167959ec,https://rzp.io/i/mock_167959ec,created
P09252,12064.6,0.36453538991138873,4397.97366512494,High,Medium,1,STOP,BLOCKED,2026-08-31T00:01:34.659833,Recovery attempt limit reached or recovery opportunity is not suitable,,,,
P01474,9334.04,0.4685840960618276,4373.7826960049415,High,High,0,GENERATE_PAYMENT_LINK,APPROVED,2026-08-31T00:01:34.659866,Recovery opportunity is suitable for automated customer recovery,"Hi,

Your recent payment of ₹9,334.04 could not be completed because the payment authentication could not be completed.

You can complete the payment using the secure payment link provided below.

If you have already completed the payment, please ignore this message.

Thank you.",plink_test_daf1fae300f5,https://rzp.io/i/mock_fae300f5,created
P09507,12666.83,0.34428138583311496,4360.953786512476,High,High,0,GENERATE_PAYMENT_LINK,APPROVED,2026-08-31T00:01:34.659912,Recovery opportunity is suitable for automated customer recovery,"Hi,

Your recent payment of ₹12,666.83 could not be completed because your bank was unable to complete the payment.

You can complete the payment using the secure payment link provided below.

If you have already completed the payment, please ignore this message.

Thank you.",plink_test_575c0b2e4141,https://rzp.io/i/mock_0b2e4141,created
P00010,10670.96,0.40818065918622365,4355.679486949824,High,Low,1,HUMAN_REVIEW,PENDING,2026-08-31T00:01:34.659955,High-value opportunity but model confidence is low,,,,
P08403,8450.24,0.5151741961144968,4353.345598974565,High,Medium,0,STOP,BLOCKED,2026-08-31T00:01:34.659984,Recovery attempt limit reached or recovery opportunity is not suitable,,,,
P07133,14231.29,0.30517407258286133,4343.020727407749,High,Low,2,STOP,BLOCKED,2026-08-31T00:01:34.660010,Recovery attempt limit reached or recovery opportunity is not suitable,,,,
P09916,8720.87,0.4968475467180095,4332.942864746688,High,Medium,1,STOP,BLOCKED,2026-08-31T00:01:34.660036,Recovery attempt limit reached or recovery opportunity is not suitable,,,,
P07673,9101.01,0.4752170835432052,4324.955429497546,High,High,0,GENERATE_PAYMENT_LINK,APPROVED,2026-08-31T00:01:34.660059,Recovery opportunity is suitable for automated customer recovery,"Hi,

Your recent payment of ₹9,101.01 could not be completed because there were insufficient funds to complete the payment.

You can complete the payment using the secure payment link provided below.

If you have already completed the payment, please ignore this message.

Thank you.",plink_test_b8e1d12a86fc,https://rzp.io/i/mock_d12a86fc,created
P06162,13045.82,0.32856443325500395,4286.392454646795,High,Low,0,HUMAN_REVIEW,PENDING,2026-08-31T00:01:34.660098,High-value opportunity but model confidence is low,,,,
P06387,10495.98,0.40709393953904954,4272.849847523073,High,Medium,1,STOP,BLOCKED,2026-08-31T00:01:34.660125,Recovery attempt limit reached or recovery opportunity is not suitable,,,,
P05337,9691.33,0.4369118066950947,4234.256499578372,High,Low,1,HUMAN_REVIEW,PENDING,2026-08-31T00:01:34.660149,High-value opportunity but model confidence is low,,,,
P06900,12296.96,0.3428410177730175,4215.9022819140855,High,Medium,0,STOP,BLOCKED,2026-08-31T00:01:34.660173,Recovery attempt limit reached or recovery opportunity is not suitable,,,,
P00864,12129.08,0.34656502833854436,4203.514953920471,High,High,0,GENERATE_PAYMENT_LINK,APPROVED,2026-08-31T00:01:34.660199,Recovery opportunity is suitable for automated customer recovery,"Hi,

Your recent payment of ₹12,129.08 could not be completed because the payment authentication could not be completed.

You can complete the payment using the secure payment link provided below.

If you have already completed the payment, please ignore this message.

Thank you.",plink_test_d5ce0c2912df,https://rzp.io/i/mock_0c2912df,created
P02647,9146.76,0.45909359575741715,4199.218937930113,High,Medium,0,STOP,BLOCKED,2026-08-31T00:01:34.660238,Recovery attempt limit reached or recovery opportunity is not suitable,,,,
P01154,10192.11,0.4099190372300359,4177.939918542622,High,Medium,0,STOP,BLOCKED,2026-08-31T00:01:34.660263,Recovery attempt limit reached or recovery opportunity is not suitable,,,,
P09915,10372.49,0.4011293882099349,4160.710567913668,High,High,0,GENERATE_PAYMENT_LINK,APPROVED,2026-08-31T00:01:34.660287,Recovery opportunity is suitable for automated customer recovery,"Hi,

Your recent payment of ₹10,372.49 could not be completed because your card appears to have expired.

You can complete the payment using the secure payment link provided below.

If you have already completed the payment, please ignore this message.

Thank you.",plink_test_c7e67b989997,https://rzp.io/i/mock_7b989997,created
P04053,9512.47,0.4350552842773419,4138.450340029686,High,Low,1,HUMAN_REVIEW,PENDING,2026-08-31T00:01:34.660326,High-value opportunity but model confidence is low,,,,
P04515,9881.0,0.4185686021007889,4135.876357357895,High,High,0,GENERATE_PAYMENT_LINK,APPROVED,2026-08-31T00:01:34.660351,Recovery opportunity is suitable for automated customer recovery,"Hi,

Your recent payment of ₹9,881.00 could not be completed because the payment authentication could not be completed.

You can complete the payment using the secure payment link provided below.

If you have already completed the payment, please ignore this message.

Thank you.",plink_test_96e4cc222c70,https://rzp.io/i/mock_cc222c70,created
P06342,9889.34,0.4149312470914961,4103.396179111816,High,High,0,GENERATE_PAYMENT_LINK,APPROVED,2026-08-31T00:01:34.660392,Recovery opportunity is suitable for automated customer recovery,"Hi,

Your recent payment of ₹9,889.34 could not be completed because a temporary network issue interrupted the payment.

You can complete the payment using the secure payment link provided below.

If you have already completed the payment, please ignore this message.

Thank you.",plink_test_6fecbf125936,https://rzp.io/i/mock_bf125936,created
P02186,10610.82,0.38640046308720455,4100.025761734972,High,Medium,0,STOP,BLOCKED,2026-08-31T00:01:34.660431,Recovery attempt limit reached or recovery opportunity is not suitable,,,,
P02754,11020.3,0.3677599587635054,4052.8250735614583,High,High,0,GENERATE_PAYMENT_LINK,APPROVED,2026-08-31T00:01:34.660456,Recovery opportunity is suitable for automated customer recovery,"Hi,

Your recent payment of ₹11,020.30 could not be completed because your card appears to have expired.

You can complete the payment using the secure payment link provided below.

If you have already completed the payment, please ignore this message.

Thank you.",plink_test_8040203dcf58,https://rzp.io/i/mock_203dcf58,created
P00521,11492.46,0.35078005274536617,4031.3257249740104,High,Medium,1,STOP,BLOCKED,2026-08-31T00:01:34.660494,Recovery attempt limit reached or recovery opportunity is not suitable,,,,
P02195,9364.31,0.42915998084423695,4018.7871002194966,High,High,0,GENERATE_PAYMENT_LINK,APPROVED,2026-08-31T00:01:34.660520,Recovery opportunity is suitable for automated customer recovery,"Hi,

Your recent payment of ₹9,364.31 could not be completed because your bank was unable to complete the payment.

You can complete the payment using the secure payment link provided below.

If you have already completed the payment, please ignore this message.

Thank you.",plink_test_e70e9f885b0e,https://rzp.io/i/mock_9f885b0e,created
P07099,8086.44,0.4967567011034281,4016.993258070805,High,High,0,GENERATE_PAYMENT_LINK,APPROVED,2026-08-31T00:01:34.660562,Recovery opportunity is suitable for automated customer recovery,"Hi,

Your recent payment of ₹8,086.44 could not be completed because your bank was unable to complete the payment.

You can complete the payment using the secure payment link provided below.

If you have already completed the payment, please ignore this message.

Thank you.",plink_test_d99560b84af0,https://rzp.io/i/mock_60b84af0,created
P01230,11610.63,0.3456357265047298,4013.0485352276105,High,Medium,0,STOP,BLOCKED,2026-08-31T00:01:34.660600,Recovery attempt limit reached or recovery opportunity is not suitable,,,,
P03499,8224.29,0.48761566408665535,4010.292629991239,High,High,0,GENERATE_PAYMENT_LINK,APPROVED,2026-08-31T00:01:34.660627,Recovery opportunity is suitable for automated customer recovery,"Hi,

Your recent payment of ₹8,224.29 could not be completed because there were insufficient funds to complete the payment.

You can complete the payment using the secure payment link provided below.

If you have already completed the payment, please ignore this message.

Thank you.",plink_test_e57a54361f32,https://rzp.io/i/mock_54361f32,created
P06304,14310.62,0.2748445959568386,3933.1965717918533,High,High,0,GENERATE_PAYMENT_LINK,APPROVED,2026-08-31T00:01:34.660667,Recovery opportunity is suitable for automated customer recovery,"Hi,

Your recent payment of ₹14,310.62 could not be completed because your bank was unable to complete the payment.

You can complete the payment using the secure payment link provided below.

If you have already completed the payment, please ignore this message.

Thank you.",plink_test_363acb1098eb,https://rzp.io/i/mock_cb1098eb,created
P09022,8739.15,0.44967315624060317,3929.761163360067,High,High,0,GENERATE_PAYMENT_LINK,APPROVED,2026-08-31T00:01:34.660707,Recovery opportunity is suitable for automated customer recovery,"Hi,

Your recent payment of ₹8,739.15 could not be completed because there were insufficient funds to complete the payment.

You can complete the payment using the secure payment link provided below.

If you have already completed the payment, please ignore this message.

Thank you.",plink_test_65365b697f9d,https://rzp.io/i/mock_5b697f9d,created
P09161,7014.56,0.553693256656635,3883.914570413366,High,High,0,GENERATE_PAYMENT_LINK,APPROVED,2026-08-31T00:01:34.660745,Recovery opportunity is suitable for automated customer recovery,"Hi,

Your recent payment of ₹7,014.56 could not be completed because the OTP verification was unsuccessful.

You can complete the payment using the secure payment link provided below.

If you have already completed the payment, please ignore this message.

Thank you.",plink_test_ae75055f94bf,https://rzp.io/i/mock_055f94bf,created
P08966,8855.89,0.43715934130314904,3871.4350390531445,High,Low,1,HUMAN_REVIEW,PENDING,2026-08-31T00:01:34.660782,High-value opportunity but model confidence is low,,,,
P08359,9629.54,0.4017046722069505,3868.2312092037187,High,Medium,1,STOP,BLOCKED,2026-08-31T00:01:34.660808,Recovery attempt limit reached or recovery opportunity is not suitable,,,,
P05520,9243.59,0.41667024658450585,3851.5289246260727,High,Medium,1,STOP,BLOCKED,2026-08-31T00:01:34.660834,Recovery attempt limit reached or recovery opportunity is not suitable,,,,
P08069,7931.43,0.4838508546025195,3837.629183720061,High,Low,1,HUMAN_REVIEW,PENDING,2026-08-31T00:01:34.660858,High-value opportunity but model confidence is low,,,,
P09644,13220.23,0.2896963265489818,3829.8520671326455,High,High,0,GENERATE_PAYMENT_LINK,APPROVED,2026-08-31T00:01:34.660883,Recovery opportunity is suitable for automated customer recovery,"Hi,

Your recent payment of ₹13,220.23 could not be completed because the payment authentication could not be completed.

You can complete the payment using the secure payment link provided below.

If you have already completed the payment, please ignore this message.

Thank you.",plink_test_d030c2a8b99c,https://rzp.io/i/mock_c2a8b99c,created
P08074,14229.65,0.26813680704628184,3815.4929163861243,High,Medium,1,STOP,BLOCKED,2026-08-31T00:01:34.660924,Recovery attempt limit reached or recovery opportunity is not suitable,,,,
P05405,9514.59,0.40006337423370014,3806.438979850221,High,High,0,GENERATE_PAYMENT_LINK,APPROVED,2026-08-31T00:01:34.660949,Recovery opportunity is suitable for automated customer recovery,"Hi,

Your recent payment of ₹9,514.59 could not be completed because the payment authentication could not be completed.

You can complete the payment using the secure payment link provided below.

If you have already completed the payment, please ignore this message.

Thank you.",plink_test_3e3437fe51b1,https://rzp.io/i/mock_37fe51b1,created
P02037,10779.51,0.35246742095408395,3799.4260888487574,High,Medium,0,STOP,BLOCKED,2026-08-31T00:01:34.660986,Recovery attempt limit reached or recovery opportunity is not suitable,,,,
P02567,16215.95,0.23421469602599235,3798.0138000226907,High,Low,2,STOP,BLOCKED,2026-08-31T00:01:34.661011,Recovery attempt limit reached or recovery opportunity is not suitable,,,,
P02523,17834.08,0.21179339146980072,3777.1402869437443,High,High,1,GENERATE_PAYMENT_LINK,APPROVED,2026-08-31T00:01:34.661036,Recovery opportunity is suitable for automated customer recovery,"Hi,

Your recent payment of ₹17,834.08 could not be completed because your bank was unable to complete the payment.

You can complete the payment using the secure payment link provided below.

If you have already completed the payment, please ignore this message.

Thank you.",plink_test_b9281b238694,https://rzp.io/i/mock_1b238694,created
P01269,10267.84,0.36622729082830363,3760.3632258584894,High,High,0,GENERATE_PAYMENT_LINK,APPROVED,2026-08-31T00:01:34.661074,Recovery opportunity is suitable for automated customer recovery,"Hi,

Your recent payment of ₹10,267.84 could not be completed because a temporary network issue interrupted the payment.

You can complete the payment using the secure payment link provided below.

If you have already completed the payment, please ignore this message.

Thank you.",plink_test_de82e42a974c,https://rzp.io/i/mock_e42a974c,created
P03725,16798.54,0.22075854119858065,3708.421184666005,High,Medium,1,STOP,BLOCKED,2026-08-31T00:01:34.661112,Recovery attempt limit reached or recovery opportunity is not suitable,,,,
P08414,7938.11,0.4641502875914128,3684.4760394322698,High,Low,0,HUMAN_REVIEW,PENDING,2026-08-31T00:01:34.661138,High-value opportunity but model confidence is low,,,,
P03412,18416.82,0.19996491016690843,3682.7177568601223,High,Low,2,STOP,BLOCKED,2026-08-31T00:01:34.661161,Recovery attempt limit reached or recovery opportunity is not suitable,,,,
P06454,12741.7,0.2888633088818388,3680.6096227797257,High,Medium,1,STOP,BLOCKED,2026-08-31T00:01:34.661187,Recovery attempt limit reached or recovery opportunity is not suitable,,,,
P03475,9171.84,0.3994078008128532,3663.30444380736,High,Medium,1,STOP,BLOCKED,2026-08-31T00:01:34.661211,Recovery attempt limit reached or recovery opportunity is not suitable,,,,
P04800,10456.36,0.3490996439546693,3650.311553061846,High,Medium,1,STOP,BLOCKED,2026-08-31T00:01:34.661234,Recovery attempt limit reached or recovery opportunity is not suitable,,,,
P05471,12950.17,0.28124500566135735,3642.17063496554,High,Medium,0,STOP,BLOCKED,2026-08-31T00:01:34.661259,Recovery attempt limit reached or recovery opportunity is not suitable,,,,
P00896,7137.77,0.5089807134567327,3632.987267090063,High,Medium,0,STOP,BLOCKED,2026-08-31T00:01:34.661283,Recovery attempt limit reached or recovery opportunity is not suitable,,,,
P00335,7880.35,0.46018115338636933,3626.388552088276,High,Low,0,HUMAN_REVIEW,PENDING,2026-08-31T00:01:34.661308,High-value opportunity but model confidence is low,,,,
P03955,6500.77,0.5570622689720619,3621.333686265511,High,High,0,GENERATE_PAYMENT_LINK,APPROVED,2026-08-31T00:01:34.661332,Recovery opportunity is suitable for automated customer recovery,"Hi,

Your recent payment of ₹6,500.77 could not be completed because there were insufficient funds to complete the payment.

You can complete the payment using the secure payment link provided below.

If you have already completed the payment, please ignore this message.

Thank you.",plink_test_8822713e815a,https://rzp.io/i/mock_713e815a,created
P08876,8015.64,0.45169009796372545,3620.5852168419565,High,Low,0,HUMAN_REVIEW,PENDING,2026-08-31T00:01:34.661371,High-value opportunity but model confidence is low,,,,
P00059,10576.89,0.3390624586665938,3586.226328446109,High,Low,1,HUMAN_REVIEW,PENDING,2026-08-31T00:01:34.661398,High-value opportunity but model confidence is low,,,,
P05989,6537.39,0.5484403180965117,3585.368251120955,High,Medium,0,STOP,BLOCKED,2026-08-31T00:01:34.661424,Recovery attempt limit reached or recovery opportunity is not suitable,,,,
P07837,11700.62,0.3058233915731262,3578.323291908352,High,Medium,2,STOP,BLOCKED,2026-08-31T00:01:34.661449,Recovery attempt limit reached or recovery opportunity is not suitable,,,,
P08688,7281.2,0.4894278047253291,3563.621731766066,High,High,0,GENERATE_PAYMENT_LINK,APPROVED,2026-08-31T00:01:34.661474,Recovery opportunity is suitable for automated customer recovery,"Hi,

Your recent payment of ₹7,281.20 could not be completed because a temporary network issue interrupted the payment.

You can complete the payment using the secure payment link provided below.

If you have already completed the payment, please ignore this message.

Thank you.",plink_test_87fca303da99,https://rzp.io/i/mock_a303da99,created
P04475,12570.15,0.28310790320776374,3558.7088095070712,High,High,0,GENERATE_PAYMENT_LINK,APPROVED,2026-08-31T00:01:34.661512,Recovery opportunity is suitable for automated customer recovery,"Hi,

Your recent payment of ₹12,570.15 could not be completed because the payment authentication could not be completed.

You can complete the payment using the secure payment link provided below.

If you have already completed the payment, please ignore this message.

Thank you.",plink_test_62836b539bdd,https://rzp.io/i/mock_6b539bdd,created
P09095,10201.12,0.3482214818299837,3552.2491227254836,High,Low,2,STOP,BLOCKED,2026-08-31T00:01:34.661551,Recovery attempt limit reached or recovery opportunity is not suitable,,,,
P08353,9824.92,0.36132103683440125,3549.9502812150454,High,High,0,GENERATE_PAYMENT_LINK,APPROVED,2026-08-31T00:01:34.661575,Recovery opportunity is suitable for automated customer recovery,"Hi,

Your recent payment of ₹9,824.92 could not be completed because your bank was unable to complete the payment.

You can complete the payment using the secure payment link provided below.

If you have already completed the payment, please ignore this message.

Thank you.",plink_test_3a5880f8f113,https://rzp.io/i/mock_80f8f113,created
P05226,10665.11,0.33285587348577395,3549.9445048718626,High,Medium,0,STOP,BLOCKED,2026-08-31T00:01:34.661613,Recovery attempt limit reached or recovery opportunity is not suitable,,,,
P08157,13417.4,0.2641253552031857,3543.8755409032237,High,Medium,0,STOP,BLOCKED,2026-08-31T00:01:34.661639,Recovery attempt limit reached or recovery opportunity is not suitable,,,,
P07560,16334.14,0.21674947755176135,3540.416311257327,High,Medium,0,STOP,BLOCKED,2026-08-31T00:01:34.661663,Recovery attempt limit reached or recovery opportunity is not suitable,,,,
P01165,7783.99,0.4538418909747078,3532.7007409282155,High,High,0,GENERATE_PAYMENT_LINK,APPROVED,2026-08-31T00:01:34.661688,Recovery opportunity is suitable for automated customer recovery,"Hi,

Your recent payment of ₹7,783.99 could not be completed because there were insufficient funds to complete the payment.

You can complete the payment using the secure payment link provided below.

If you have already completed the payment, please ignore this message.

Thank you.",plink_test_436ea3909a1f,https://rzp.io/i/mock_a3909a1f,created
P05728,8349.2,0.42305594303365734,3532.178679576612,High,Low,0,HUMAN_REVIEW,PENDING,2026-08-31T00:01:34.661728,High-value opportunity but model confidence is low,,,,
P03666,8345.41,0.4220252878966526,3521.9740578656038,High,Low,0,HUMAN_REVIEW,PENDING,2026-08-31T00:01:34.661755,High-value opportunity but model confidence is low,,,,
P08284,8652.29,0.405841091728839,3511.4548195545167,High,High,1,GENERATE_PAYMENT_LINK,APPROVED,2026-08-31T00:01:34.661780,Recovery opportunity is suitable for automated customer recovery,"Hi,

Your recent payment of ₹8,652.29 could not be completed because there were insufficient funds to complete the payment.

You can complete the payment using the secure payment link provided below.

If you have already completed the payment, please ignore this message.

Thank you.",plink_test_ea0828e5ffc1,https://rzp.io/i/mock_28e5ffc1,created
P06112,12467.92,0.28018087690783766,3493.2727588167672,High,Low,1,HUMAN_REVIEW,PENDING,2026-08-31T00:01:34.661817,High-value opportunity but model confidence is low,,,,
P04936,6776.65,0.5145883117363473,3487.184882728118,High,Low,1,HUMAN_REVIEW,PENDING,2026-08-31T00:01:34.661842,High-value opportunity but model confidence is low,,,,
P01984,8459.06,0.41168894129941497,3482.501455788229,High,Medium,0,STOP,BLOCKED,2026-08-31T00:01:34.661877,Recovery attempt limit reached or recovery opportunity is not suitable,,,,
P04421,9903.48,0.35114275630111114,3477.535264172928,High,High,1,GENERATE_PAYMENT_LINK,APPROVED,2026-08-31T00:01:34.661908,Recovery opportunity is suitable for automated customer recovery,"Hi,

Your recent payment of ₹9,903.48 could not be completed because there were insufficient funds to complete the payment.

You can complete the payment using the secure payment link provided below.

If you have already completed the payment, please ignore this message.

Thank you.",plink_test_fb087b6e9def,https://rzp.io/i/mock_7b6e9def,created
P02530,10509.86,0.330042695564624,3468.7025244068195,High,Medium,1,STOP,BLOCKED,2026-08-31T00:01:34.661951,Recovery attempt limit reached or recovery opportunity is not suitable,,,,
P07869,11747.77,0.29504641716805413,3466.1374482143515,High,Medium,1,STOP,BLOCKED,2026-08-31T00:01:34.661977,Recovery attempt limit reached or recovery opportunity is not suitable,,,,
P01362,13284.28,0.2605860055693001,3461.697462064142,High,Medium,0,STOP,BLOCKED,2026-08-31T00:01:34.662001,Recovery attempt limit reached or recovery opportunity is not suitable,,,,
P08862,7165.99,0.48162193592841057,3451.2979766436306,High,High,0,GENERATE_PAYMENT_LINK,APPROVED,2026-08-31T00:01:34.662196,Recovery opportunity is suitable for automated customer recovery,"Hi,

Your recent payment of ₹7,165.99 could not be completed because the OTP verification was unsuccessful.

You can complete the payment using the secure payment link provided below.

If you have already completed the payment, please ignore this message.

Thank you.",plink_test_f39a511326ed,https://rzp.io/i/mock_511326ed,created
P05423,12126.58,0.2839576871651909,3443.4356100236605,High,Low,2,STOP,BLOCKED,2026-08-31T00:01:34.662317,Recovery attempt limit reached or recovery opportunity is not suitable,,,,
P03989,12439.74,0.27676741918679104,3442.914735154692,High,High,0,GENERATE_PAYMENT_LINK,APPROVED,2026-08-31T00:01:34.662367,Recovery opportunity is suitable for automated customer recovery,"Hi,

Your recent payment of ₹12,439.74 could not be completed because your bank was unable to complete the payment.

You can complete the payment using the secure payment link provided below.

If you have already completed the payment, please ignore this message.

Thank you.",plink_test_f9f227d44a6f,https://rzp.io/i/mock_27d44a6f,created
P00487,9863.71,0.3469354060585373,3422.0702340936546,High,High,2,STOP,BLOCKED,2026-08-31T00:01:34.662429,Recovery attempt limit reached or recovery opportunity is not suitable,,,,
P00248,7292.43,0.4691575017732712,3421.298240656456,High,Low,0,HUMAN_REVIEW,PENDING,2026-08-31T00:01:34.662462,High-value opportunity but model confidence is low,,,,
P01840,8039.38,0.42543193846160626,3420.209017429468,High,Low,1,HUMAN_REVIEW,PENDING,2026-08-31T00:01:34.662491,High-value opportunity but model confidence is low,,,,
P00956,10592.47,0.32252384433700193,3416.3241454243625,High,Medium,0,STOP,BLOCKED,2026-08-31T00:01:34.662518,Recovery attempt limit reached or recovery opportunity is not suitable,,,,
P04962,12596.64,0.26895357744279735,3387.911391759039,High,High,0,GENERATE_PAYMENT_LINK,APPROVED,2026-08-31T00:01:34.662545,Recovery opportunity is suitable for automated customer recovery,"Hi,

Your recent payment of ₹12,596.64 could not be completed because your bank was unable to complete the payment.

You can complete the payment using the secure payment link provided below.

If you have already completed the payment, please ignore this message.

Thank you.",plink_test_b5e81d14b7bb,https://rzp.io/i/mock_1d14b7bb,created
P08062,8556.53,0.3941673597987924,3372.7048391391613,High,Low,0,HUMAN_REVIEW,PENDING,2026-08-31T00:01:34.662590,High-value opportunity but model confidence is low,,,,
P07745,9400.73,0.35868989350823194,3371.946842599641,High,High,1,GENERATE_PAYMENT_LINK,APPROVED,2026-08-31T00:01:34.662624,Recovery opportunity is suitable for automated customer recovery,"Hi,

Your recent payment of ₹9,400.73 could not be completed because your card payment was declined by the issuing bank.

You can complete the payment using the secure payment link provided below.

If you have already completed the payment, please ignore this message.

Thank you.",plink_test_b3f6114436b0,https://rzp.io/i/mock_114436b0,created
P06587,6438.86,0.5216963313981382,3359.129640386216,High,Medium,0,STOP,BLOCKED,2026-08-31T00:01:34.662728,Recovery attempt limit reached or recovery opportunity is not suitable,,,,
P08274,7698.16,0.435942168937843,3355.9525672305454,High,High,0,GENERATE_PAYMENT_LINK,APPROVED,2026-08-31T00:01:34.662768,Recovery opportunity is suitable for automated customer recovery,"Hi,

Your recent payment of ₹7,698.16 could not be completed because there were insufficient funds to complete the payment.

You can complete the payment using the secure payment link provided below.

If you have already completed the payment, please ignore this message.

Thank you.",plink_test_f61ab89de004,https://rzp.io/i/mock_b89de004,created
P04578,11020.74,0.302529692305954,3334.1010811839196,High,Low,0,HUMAN_REVIEW,PENDING,2026-08-31T00:01:34.662821,High-value opportunity but model confidence is low,,,,
P01837,6885.22,0.4840954581075358,3333.103730071168,High,Low,1,HUMAN_REVIEW,PENDING,2026-08-31T00:01:34.662872,High-value opportunity but model confidence is low,,,,
P04977,14624.91,0.22723848704613778,3323.342421585931,High,High,1,GENERATE_PAYMENT_LINK,APPROVED,2026-08-31T00:01:34.662925,Recovery opportunity is suitable for automated customer recovery,"Hi,

Your recent payment of ₹14,624.91 could not be completed because your card appears to have expired.

You can complete the payment using the secure payment link provided below.

If you have already completed the payment, please ignore this message.

Thank you.",plink_test_1ee156e56363,https://rzp.io/i/mock_56e56363,created
P02066,9036.32,0.36718545035843275,3318.005228782913,High,Medium,2,STOP,BLOCKED,2026-08-31T00:01:34.662997,Recovery attempt limit reached or recovery opportunity is not suitable,,,,
P01472,10650.27,0.31117260517896195,3314.0722617593433,High,High,0,GENERATE_PAYMENT_LINK,APPROVED,2026-08-31T00:01:34.663041,Recovery opportunity is suitable for automated customer recovery,"Hi,

Your recent payment of ₹10,650.27 could not be completed because your card payment was declined by the issuing bank.

You can complete the payment using the secure payment link provided below.

If you have already completed the payment, please ignore this message.

Thank you.",plink_test_a74f64376080,https://rzp.io/i/mock_64376080,created
P03964,6480.36,0.5110500690579078,3311.7884255201034,High,High,0,GENERATE_PAYMENT_LINK,APPROVED,2026-08-31T00:01:34.663135,Recovery opportunity is suitable for automated customer recovery,"Hi,

Your recent payment of ₹6,480.36 could not be completed because the OTP verification was unsuccessful.

You can complete the payment using the secure payment link provided below.

If you have already completed the payment, please ignore this message.

Thank you.",plink_test_6c3f3008b5dc,https://rzp.io/i/mock_3008b5dc,created
P03191,6894.42,0.48023078219467286,3310.9127093785964,High,Low,1,HUMAN_REVIEW,PENDING,2026-08-31T00:01:34.663204,High-value opportunity but model confidence is low,,,,
P06504,8400.65,0.39073568019906896,3282.4336918643085,High,Medium,0,STOP,BLOCKED,2026-08-31T00:01:34.663247,Recovery attempt limit reached or recovery opportunity is not suitable,,,,
P04576,8252.08,0.3973086094478131,3278.6224298521097,High,Low,1,HUMAN_REVIEW,PENDING,2026-08-31T00:01:34.663285,High-value opportunity but model confidence is low,,,,
P08906,6619.46,0.4947658263092061,3275.0825966207376,High,Medium,1,STOP,BLOCKED,2026-08-31T00:01:34.663326,Recovery attempt limit reached or recovery opportunity is not suitable,,,,
P06842,11618.41,0.2816702351342932,3272.5602765866233,High,High,0,GENERATE_PAYMENT_LINK,APPROVED,2026-08-31T00:01:34.663368,Recovery opportunity is suitable for automated customer recovery,"Hi,

Your recent payment of ₹11,618.41 could not be completed because your bank was unable to complete the payment.

You can complete the payment using the secure payment link provided below.

If you have already completed the payment, please ignore this message.

Thank you.",plink_test_df7a438d5dba,https://rzp.io/i/mock_438d5dba,created
P07017,11440.19,0.2852603216521887,3263.4322791621526,High,Low,0,HUMAN_REVIEW,PENDING,2026-08-31T00:01:34.663440,High-value opportunity but model confidence is low,,,,
P05612,12150.48,0.2675875051076676,3251.3166290606127,High,Medium,1,STOP,BLOCKED,2026-08-31T00:01:34.663484,Recovery attempt limit reached or recovery opportunity is not suitable,,,,
P02490,6319.2,0.5120832128690118,3235.9562387618594,High,Medium,0,STOP,BLOCKED,2026-08-31T00:01:34.663527,Recovery attempt limit reached or recovery opportunity is not suitable,,,,
P04710,9933.92,0.32574355244845205,3235.910390538727,High,High,0,GENERATE_PAYMENT_LINK,APPROVED,2026-08-31T00:01:34.663569,Recovery opportunity is suitable for automated customer recovery,"Hi,

Your recent payment of ₹9,933.92 could not be completed because your bank was unable to complete the payment.

You can complete the payment using the secure payment link provided below.

If you have already completed the payment, please ignore this message.

Thank you.",plink_test_ad5695a204af,https://rzp.io/i/mock_95a204af,created
P08326,7124.43,0.45367481591212444,3232.174468728817,High,Low,1,HUMAN_REVIEW,PENDING,2026-08-31T00:01:34.663638,High-value opportunity but model confidence is low,,,,
P09501,6372.17,0.504540970822302,3215.020838044748,High,Medium,0,STOP,BLOCKED,2026-08-31T00:01:34.663678,Recovery attempt limit reached or recovery opportunity is not suitable,,,,
P04042,6736.54,0.4753175919580567,3201.995970929127,High,Low,0,HUMAN_REVIEW,PENDING,2026-08-31T00:01:34.663738,High-value opportunity but model confidence is low,,,,
P01090,8360.86,0.382638481682,3199.1867759557667,High,Low,0,HUMAN_REVIEW,PENDING,2026-08-31T00:01:34.663788,High-value opportunity but model confidence is low,,,,
P04193,6364.79,0.5005149727126481,3185.6726931717353,High,Medium,0,STOP,BLOCKED,2026-08-31T00:01:34.663835,Recovery attempt limit reached or recovery opportunity is not suitable,,,,
P02370,11355.15,0.28002465269262544,3179.7219350226655,High,Low,2,STOP,BLOCKED,2026-08-31T00:01:34.663879,Recovery attempt limit reached or recovery opportunity is not suitable,,,,
P07777,6261.38,0.5072771378889436,3176.2549256350735,High,Medium,0,STOP,BLOCKED,2026-08-31T00:01:34.663924,Recovery attempt limit reached or recovery opportunity is not suitable,,,,
P04080,8039.54,0.39481944767633353,3174.1667423717904,High,Medium,0,STOP,BLOCKED,2026-08-31T00:01:34.663968,Recovery attempt limit reached or recovery opportunity is not suitable,,,,
P07701,8059.63,0.3932889220198836,3169.7631945791145,High,Medium,0,STOP,BLOCKED,2026-08-31T00:01:34.664011,Recovery attempt limit reached or recovery opportunity is not suitable,,,,
P03337,6628.29,0.4755653991166819,3152.1853793111113,High,High,0,GENERATE_PAYMENT_LINK,APPROVED,2026-08-31T00:01:34.664056,Recovery opportunity is suitable for automated customer recovery,"Hi,

Your recent payment of ₹6,628.29 could not be completed because there were insufficient funds to complete the payment.

You can complete the payment using the secure payment link provided below.

If you have already completed the payment, please ignore this message.

Thank you.",plink_test_75280b2313f0,https://rzp.io/i/mock_0b2313f0,created
P09037,9632.24,0.3270641653453514,3150.3605360061074,High,High,2,STOP,BLOCKED,2026-08-31T00:01:34.664433,Recovery attempt limit reached or recovery opportunity is not suitable,,,,
P08780,7121.42,0.44013304736115383,3134.372286138668,High,Low,0,HUMAN_REVIEW,PENDING,2026-08-31T00:01:34.664505,High-value opportunity but model confidence is low,,,,
P08434,5858.55,0.5342622709738384,3130.002227613781,High,Low,0,HUMAN_REVIEW,PENDING,2026-08-31T00:01:34.664558,High-value opportunity but model confidence is low,,,,
P08245,7065.76,0.44254458151854104,3126.9138023104465,High,Medium,1,STOP,BLOCKED,2026-08-31T00:01:34.664605,Recovery attempt limit reached or recovery opportunity is not suitable,,,,
P07132,6314.93,0.4935143323207754,3116.5084626024345,High,Medium,1,STOP,BLOCKED,2026-08-31T00:01:34.664648,Recovery attempt limit reached or recovery opportunity is not suitable,,,,
P03231,8838.42,0.3525751325545258,3116.2071030725724,High,Medium,0,STOP,BLOCKED,2026-08-31T00:01:34.664703,Recovery attempt limit reached or recovery opportunity is not suitable,,,,
P08838,5863.96,0.5305763185389064,3111.2783088594056,High,Low,1,HUMAN_REVIEW,PENDING,2026-08-31T00:01:34.665043,High-value opportunity but model confidence is low,,,,
P05268,8346.52,0.3717554706691149,3102.8644710491812,High,Medium,1,STOP,BLOCKED,2026-08-31T00:01:34.665100,Recovery attempt limit reached or recovery opportunity is not suitable,,,,
P01442,12034.87,0.25760039987191724,3100.187324406541,High,High,0,GENERATE_PAYMENT_LINK,APPROVED,2026-08-31T00:01:34.665147,Recovery opportunity is suitable for automated customer recovery,"Hi,

Your recent payment of ₹12,034.87 could not be completed because your card payment was declined by the issuing bank.

You can complete the payment using the secure payment link provided below.

If you have already completed the payment, please ignore this message.

Thank you.",plink_test_1f8ac090d906,https://rzp.io/i/mock_c090d906,created
P02936,9040.47,0.34193539366208514,3091.2566683402706,High,Medium,0,STOP,BLOCKED,2026-08-31T00:01:34.665238,Recovery attempt limit reached or recovery opportunity is not suitable,,,,
P02791,6511.62,0.4736884827501807,3084.4793980457316,High,Low,0,HUMAN_REVIEW,PENDING,2026-08-31T00:01:34.665293,High-value opportunity but model confidence is low,,,,
P05634,6504.15,0.4740442912583498,3083.2551769879956,High,Medium,1,STOP,BLOCKED,2026-08-31T00:01:34.665341,Recovery attempt limit reached or recovery opportunity is not suitable,,,,
P04898,6694.99,0.45957436817259123,3076.8457991718165,High,Medium,1,STOP,BLOCKED,2026-08-31T00:01:34.665394,Recovery attempt limit reached or recovery opportunity is not suitable,,,,
P02516,6545.14,0.4692614139300868,3071.3816507703687,High,Medium,0,STOP,BLOCKED,2026-08-31T00:01:34.665440,Recovery attempt limit reached or recovery opportunity is not suitable,,,,
P01517,7510.81,0.4081643397753788,3065.644804828313,High,Medium,1,STOP,BLOCKED,2026-08-31T00:01:34.665482,Recovery attempt limit reached or recovery opportunity is not suitable,,,,
P03228,7518.82,0.40753013766875873,3064.1457497066162,High,High,0,GENERATE_PAYMENT_LINK,APPROVED,2026-08-31T00:01:34.665525,Recovery opportunity is suitable for automated customer recovery,"Hi,

Your recent payment of ₹7,518.82 could not be completed because the payment authentication could not be completed.

You can complete the payment using the secure payment link provided below.

If you have already completed the payment, please ignore this message.

Thank you.",plink_test_38b4c5c83967,https://rzp.io/i/mock_c5c83967,created
P01034,10748.18,0.28454817880352556,3058.3750444524776,High,Medium,0,STOP,BLOCKED,2026-08-31T00:01:34.665691,Recovery attempt limit reached or recovery opportunity is not suitable,,,,
P09872,5975.16,0.5098059078935121,3046.1718686089976,High,Medium,0,STOP,BLOCKED,2026-08-31T00:01:34.666047,Recovery attempt limit reached or recovery opportunity is not suitable,,,,
P05714,12092.08,0.25182603247765556,3045.100530802409,High,High,1,GENERATE_PAYMENT_LINK,APPROVED,2026-08-31T00:01:34.666132,Recovery opportunity is suitable for automated customer recovery,"Hi,

Your recent payment of ₹12,092.08 could not be completed because the payment authentication could not be completed.

You can complete the payment using the secure payment link provided below.

If you have already completed the payment, please ignore this message.

Thank you.",plink_test_447d4f5c4e94,https://rzp.io/i/mock_4f5c4e94,created
P01579,5663.58,0.5367317927942584,3039.823447033706,High,High,0,GENERATE_PAYMENT_LINK,APPROVED,2026-08-31T00:01:34.666525,Recovery opportunity is suitable for automated customer recovery,"Hi,

Your recent payment of ₹5,663.58 could not be completed because there were insufficient funds to complete the payment.

You can complete the payment using the secure payment link provided below.

If you have already completed the payment, please ignore this message.

Thank you.",plink_test_e370a64af503,https://rzp.io/i/mock_a64af503,created
P06302,8945.31,0.33961886634787564,3037.996041330315,High,Medium,0,STOP,BLOCKED,2026-08-31T00:01:34.666677,Recovery attempt limit reached or recovery opportunity is not suitable,,,,
P02956,10903.94,0.27858708792276443,3037.6968914845484,High,Medium,0,STOP,BLOCKED,2026-08-31T00:01:34.666750,Recovery attempt limit reached or recovery opportunity is not suitable,,,,
P00971,5453.69,0.555452411316487,3029.265261072612,High,High,0,GENERATE_PAYMENT_LINK,APPROVED,2026-08-31T00:01:34.666804,Recovery opportunity is suitable for automated customer recovery,"Hi,

Your recent payment of ₹5,453.69 could not be completed because the OTP verification was unsuccessful.

You can complete the payment using the secure payment link provided below.

If you have already completed the payment, please ignore this message.

Thank you.",plink_test_b0c8e0e3198b,https://rzp.io/i/mock_e0e3198b,created
P05460,6425.92,0.46691789313747467,3000.3770278699612,High,High,0,GENERATE_PAYMENT_LINK,APPROVED,2026-08-31T00:01:34.666956,Recovery opportunity is suitable for automated customer recovery,"Hi,

Your recent payment of ₹6,425.92 could not be completed because a temporary network issue interrupted the payment.

You can complete the payment using the secure payment link provided below.

If you have already completed the payment, please ignore this message.

Thank you.",plink_test_90236d288058,https://rzp.io/i/mock_6d288058,created
P05162,7568.2,0.3963648472878894,2999.7684372442045,High,High,0,GENERATE_PAYMENT_LINK,APPROVED,2026-08-31T00:01:34.667040,Recovery opportunity is suitable for automated customer recovery,"Hi,

Your recent payment of ₹7,568.20 could not be completed because a temporary network issue interrupted the payment.

You can complete the payment using the secure payment link provided below.

If you have already completed the payment, please ignore this message.

Thank you.",plink_test_9783fdbd19e5,https://rzp.io/i/mock_fdbd19e5,created
P07258,6501.16,0.4600020070975961,2990.5466484626077,High,Medium,0,STOP,BLOCKED,2026-08-31T00:01:34.667094,Recovery attempt limit reached or recovery opportunity is not suitable,,,,
P06681,11402.24,0.2622235497890557,2989.9358483467627,High,Medium,1,STOP,BLOCKED,2026-08-31T00:01:34.667129,Recovery attempt limit reached or recovery opportunity is not suitable,,,,
P04408,5649.34,0.5270884688591269,2977.7019706646197,High,High,0,GENERATE_PAYMENT_LINK,APPROVED,2026-08-31T00:01:34.667158,Recovery opportunity is suitable for automated customer recovery,"Hi,

Your recent payment of ₹5,649.34 could not be completed because there were insufficient funds to complete the payment.

You can complete the payment using the secure payment link provided below.

If you have already completed the payment, please ignore this message.

Thank you.",plink_test_cdfc639e1c74,https://rzp.io/i/mock_639e1c74,created
P09392,6584.95,0.4517720650090835,2974.8964594815643,High,High,1,GENERATE_PAYMENT_LINK,APPROVED,2026-08-31T00:01:34.667205,Recovery opportunity is suitable for automated customer recovery,"Hi,

Your recent payment of ₹6,584.95 could not be completed because there were insufficient funds to complete the payment.

You can complete the payment using the secure payment link provided below.

If you have already completed the payment, please ignore this message.

Thank you.",plink_test_db6d78bab2a2,https://rzp.io/i/mock_78bab2a2,created
P00358,6819.31,0.43562171073908873,2970.6394882601753,High,Medium,1,STOP,BLOCKED,2026-08-31T00:01:34.667247,Recovery attempt limit reached or recovery opportunity is not suitable,,,,
P09262,13554.59,0.2185864279849261,2962.8494109001995,High,Low,2,STOP,BLOCKED,2026-08-31T00:01:34.667275,Recovery attempt limit reached or recovery opportunity is not suitable,,,,
P01699,10794.49,0.2728868901832146,2945.674807213808,High,Low,0,HUMAN_REVIEW,PENDING,2026-08-31T00:01:34.667308,High-value opportunity but model confidence is low,,,,
P07445,7568.71,0.38885320418565295,2943.1171350519935,High,Medium,0,STOP,BLOCKED,2026-08-31T00:01:34.667335,Recovery attempt limit reached or recovery opportunity is not suitable,,,,
P07879,6235.95,0.47137908115238825,2939.496381112235,High,Medium,1,STOP,BLOCKED,2026-08-31T00:01:34.667362,Recovery attempt limit reached or recovery opportunity is not suitable,,,,
P09556,7932.4,0.37030596419736916,2937.415030399211,High,Low,1,HUMAN_REVIEW,PENDING,2026-08-31T00:01:34.667388,High-value opportunity but model confidence is low,,,,
P09133,6058.48,0.48359935046187086,2929.876992786235,High,High,0,GENERATE_PAYMENT_LINK,APPROVED,2026-08-31T00:01:34.667414,Recovery opportunity is suitable for automated customer recovery,"Hi,

Your recent payment of ₹6,058.48 could not be completed because a temporary network issue interrupted the payment.

You can complete the payment using the secure payment link provided below.

If you have already completed the payment, please ignore this message.

Thank you.",plink_test_94f17bdf714f,https://rzp.io/i/mock_7bdf714f,created
P08922,6538.38,0.44795237185368714,2928.882829080711,High,Low,1,HUMAN_REVIEW,PENDING,2026-08-31T00:01:34.667457,High-value opportunity but model confidence is low,,,,
P03148,7551.71,0.3851733754832792,2908.717631370834,High,Low,2,STOP,BLOCKED,2026-08-31T00:01:34.667485,Recovery attempt limit reached or recovery opportunity is not suitable,,,,
P09367,7090.94,0.4100789546704509,2907.845262830887,High,High,0,GENERATE_PAYMENT_LINK,APPROVED,2026-08-31T00:01:34.667511,Recovery opportunity is suitable for automated customer recovery,"Hi,

Your recent payment of ₹7,090.94 could not be completed because the payment authentication could not be completed.

You can complete the payment using the secure payment link provided below.

If you have already completed the payment, please ignore this message.

Thank you.",plink_test_56ec5254d8df,https://rzp.io/i/mock_5254d8df,created
P03554,8781.82,0.33089861999387443,2905.8921190346064,High,Medium,0,STOP,BLOCKED,2026-08-31T00:01:34.667695,Recovery attempt limit reached or recovery opportunity is not suitable,,,,
P03784,5718.59,0.50759370902346,2902.720308484468,High,High,0,GENERATE_PAYMENT_LINK,APPROVED,2026-08-31T00:01:34.667762,Recovery opportunity is suitable for automated customer recovery,"Hi,

Your recent payment of ₹5,718.59 could not be completed because a temporary network issue interrupted the payment.

You can complete the payment using the secure payment link provided below.

If you have already completed the payment, please ignore this message.

Thank you.",plink_test_b3045522de83,https://rzp.io/i/mock_5522de83,created
P08075,5247.61,0.550945304453601,2891.146089103761,High,Low,0,HUMAN_REVIEW,PENDING,2026-08-31T00:01:34.668118,High-value opportunity but model confidence is low,,,,
P09692,5841.61,0.49340827570589557,2882.2987174463165,High,Medium,0,STOP,BLOCKED,2026-08-31T00:01:34.668200,Recovery attempt limit reached or recovery opportunity is not suitable,,,,
P07043,5554.46,0.5181816654558256,2878.219333507765,High,Low,0,HUMAN_REVIEW,PENDING,2026-08-31T00:01:34.668252,High-value opportunity but model confidence is low,,,,
P05829,6758.96,0.4249728754849325,2872.3746664876394,High,Medium,0,STOP,BLOCKED,2026-08-31T00:01:34.668304,Recovery attempt limit reached or recovery opportunity is not suitable,,,,
P07047,5811.77,0.49356653098257197,2868.4951577685824,High,High,0,GENERATE_PAYMENT_LINK,APPROVED,2026-08-31T00:01:34.668350,Recovery opportunity is suitable for automated customer recovery,"Hi,

Your recent payment of ₹5,811.77 could not be completed because there were insufficient funds to complete the payment.

You can complete the payment using the secure payment link provided below.

If you have already completed the payment, please ignore this message.

Thank you.",plink_test_958db1d2c659,https://rzp.io/i/mock_b1d2c659,created
P01945,5568.27,0.5148832560268082,2867.0089880363953,High,High,0,GENERATE_PAYMENT_LINK,APPROVED,2026-08-31T00:01:34.668429,Recovery opportunity is suitable for automated customer recovery,"Hi,

Your recent payment of ₹5,568.27 could not be completed because there were insufficient funds to complete the payment.

You can complete the payment using the secure payment link provided below.

If you have already completed the payment, please ignore this message.

Thank you.",plink_test_c2d541162a18,https://rzp.io/i/mock_41162a18,created
P01927,8416.68,0.33866199954141524,2850.4096783002387,High,Medium,2,STOP,BLOCKED,2026-08-31T00:01:34.668496,Recovery attempt limit reached or recovery opportunity is not suitable,,,,
P02975,14635.76,0.19426653646225392,2843.2384036927974,High,High,1,GENERATE_PAYMENT_LINK,APPROVED,2026-08-31T00:01:34.668542,Recovery opportunity is suitable for automated customer recovery,"Hi,

Your recent payment of ₹14,635.76 could not be completed because your bank was unable to complete the payment.

You can complete the payment using the secure payment link provided below.

If you have already completed the payment, please ignore this message.

Thank you.",plink_test_bf8849576083,https://rzp.io/i/mock_49576083,created
P02959,5648.57,0.5025755226325469,2838.833019876525,High,Low,0,HUMAN_REVIEW,PENDING,2026-08-31T00:01:34.668611,High-value opportunity but model confidence is low,,,,
P03502,6162.02,0.45878709964887776,2827.055283778378,High,Low,0,HUMAN_REVIEW,PENDING,2026-08-31T00:01:34.668656,High-value opportunity but model confidence is low,,,,
P02288,6215.69,0.45452189795983694,2825.1672159299787,High,Low,1,HUMAN_REVIEW,PENDING,2026-08-31T00:01:34.668704,High-value opportunity but model confidence is low,,,,
P02955,7510.8,0.3758771316678979,2823.1379605312472,High,Low,2,STOP,BLOCKED,2026-08-31T00:01:34.668747,Recovery attempt limit reached or recovery opportunity is not suitable,,,,
P00148,11655.77,0.24062717298834438,2804.6949841023547,High,Medium,1,STOP,BLOCKED,2026-08-31T00:01:34.668794,Recovery attempt limit reached or recovery opportunity is not suitable,,,,
P08864,5689.91,0.4896840443406678,2786.258140734409,High,Medium,0,STOP,BLOCKED,2026-08-31T00:01:34.668840,Recovery attempt limit reached or recovery opportunity is not suitable,,,,
P03163,7319.77,0.3793048646596309,2776.4243691896268,High,High,0,GENERATE_PAYMENT_LINK,APPROVED,2026-08-31T00:01:34.668882,Recovery opportunity is suitable for automated customer recovery,"Hi,

Your recent payment of ₹7,319.77 could not be completed because your card appears to have expired.

You can complete the payment using the secure payment link provided below.

If you have already completed the payment, please ignore this message.

Thank you.",plink_test_3644fee3fbde,https://rzp.io/i/mock_fee3fbde,created
P06531,13542.11,0.20478320131843936,2773.196638406451,High,Medium,0,STOP,BLOCKED,2026-08-31T00:01:34.668950,Recovery attempt limit reached or recovery opportunity is not suitable,,,,
P03071,7640.07,0.3605869245762844,2754.909344847533,High,Low,0,HUMAN_REVIEW,PENDING,2026-08-31T00:01:34.669017,High-value opportunity but model confidence is low,,,,
P04043,7538.33,0.3649435418089767,2751.0648495248633,High,High,0,GENERATE_PAYMENT_LINK,APPROVED,2026-08-31T00:01:34.669062,Recovery opportunity is suitable for automated customer recovery,"Hi,

Your recent payment of ₹7,538.33 could not be completed because a temporary network issue interrupted the payment.

You can complete the payment using the secure payment link provided below.

If you have already completed the payment, please ignore this message.

Thank you.",plink_test_f09670909f0a,https://rzp.io/i/mock_70909f0a,created
P02016,10954.56,0.25035309427896835,2742.507992464615,High,High,1,GENERATE_PAYMENT_LINK,APPROVED,2026-08-31T00:01:34.669291,Recovery opportunity is suitable for automated customer recovery,"Hi,

Your recent payment of ₹10,954.56 could not be completed because the payment authentication could not be completed.

You can complete the payment using the secure payment link provided below.

If you have already completed the payment, please ignore this message.

Thank you.",plink_test_77d67afbbffa,https://rzp.io/i/mock_7afbbffa,created
P07805,7528.48,0.3634968112037902,2736.5784732115103,High,Medium,0,STOP,BLOCKED,2026-08-31T00:01:34.669368,Recovery attempt limit reached or recovery opportunity is not suitable,,,,
P09222,7796.93,0.34927034635813076,2723.2364416301007,High,Low,1,HUMAN_REVIEW,PENDING,2026-08-31T00:01:34.669476,High-value opportunity but model confidence is low,,,,
P05385,11078.13,0.2447702728282102,2711.5969025263803,High,High,2,STOP,BLOCKED,2026-08-31T00:01:34.669527,Recovery attempt limit reached or recovery opportunity is not suitable,,,,
P02890,5577.19,0.4859369688282179,2710.1628031790483,High,Low,0,HUMAN_REVIEW,PENDING,2026-08-31T00:01:34.669693,High-value opportunity but model confidence is low,,,,
P09906,7612.19,0.35372667634831023,2692.6346684318437,High,Low,0,HUMAN_REVIEW,PENDING,2026-08-31T00:01:34.669741,High-value opportunity but model confidence is low,,,,
P07096,9841.92,0.2727337655111451,2684.2239014594493,High,Low,1,HUMAN_REVIEW,PENDING,2026-08-31T00:01:34.669774,High-value opportunity but model confidence is low,,,,
P00018,7371.11,0.3619023860637965,2667.622296938711,High,Low,2,STOP,BLOCKED,2026-08-31T00:01:34.669807,Recovery attempt limit reached or recovery opportunity is not suitable,,,,
P01948,6723.45,0.39549570637290593,2659.095607012914,High,High,0,GENERATE_PAYMENT_LINK,APPROVED,2026-08-31T00:01:34.669837,Recovery opportunity is suitable for automated customer recovery,"Hi,

Your recent payment of ₹6,723.45 could not be completed because your card payment was declined by the issuing bank.

You can complete the payment using the secure payment link provided below.

If you have already completed the payment, please ignore this message.

Thank you.",plink_test_76080b0e7612,https://rzp.io/i/mock_0b0e7612,created
P08941,6345.45,0.41899140932991363,2658.6890383325003,High,Medium,1,STOP,BLOCKED,2026-08-31T00:01:34.669990,Recovery attempt limit reached or recovery opportunity is not suitable,,,,
P05235,7777.3,0.3404051703615181,2647.4331314526344,High,Medium,1,STOP,BLOCKED,2026-08-31T00:01:34.670049,Recovery attempt limit reached or recovery opportunity is not suitable,,,,
P07939,5748.89,0.4603373890091913,2646.42901230105,High,Low,0,HUMAN_REVIEW,PENDING,2026-08-31T00:01:34.670100,High-value opportunity but model confidence is low,,,,
P05864,11915.03,0.22181941221617701,2642.984951138116,High,High,1,GENERATE_PAYMENT_LINK,APPROVED,2026-08-31T00:01:34.670142,Recovery opportunity is suitable for automated customer recovery,"Hi,

Your recent payment of ₹11,915.03 could not be completed because your card appears to have expired.

You can complete the payment using the secure payment link provided below.

If you have already completed the payment, please ignore this message.

Thank you.",plink_test_819bad20a3ba,https://rzp.io/i/mock_ad20a3ba,created
P04847,5328.84,0.49495105238312687,2637.514965981302,High,Medium,0,STOP,BLOCKED,2026-08-31T00:01:34.670222,Recovery attempt limit reached or recovery opportunity is not suitable,,,,
P06396,5222.78,0.5030510220541079,2627.3248169637536,High,Low,0,HUMAN_REVIEW,PENDING,2026-08-31T00:01:34.670267,High-value opportunity but model confidence is low,,,,
P04729,5904.47,0.444870619673966,2626.725227746342,High,High,1,GENERATE_PAYMENT_LINK,APPROVED,2026-08-31T00:01:34.670310,Recovery opportunity is suitable for automated customer recovery,"Hi,

Your recent payment of ₹5,904.47 could not be completed because there were insufficient funds to complete the payment.

You can complete the payment using the secure payment link provided below.

If you have already completed the payment, please ignore this message.

Thank you.",plink_test_543b83c9a897,https://rzp.io/i/mock_83c9a897,created
P05347,8933.49,0.2939057215483024,2625.603824394544,High,High,2,STOP,BLOCKED,2026-08-31T00:01:34.670381,Recovery attempt limit reached or recovery opportunity is not suitable,,,,
P02074,10782.64,0.2432980076425381,2623.3948291267366,High,High,0,GENERATE_PAYMENT_LINK,APPROVED,2026-08-31T00:01:34.670427,Recovery opportunity is suitable for automated customer recovery,"Hi,

Your recent payment of ₹10,782.64 could not be completed because your card appears to have expired.

You can complete the payment using the secure payment link provided below.

If you have already completed the payment, please ignore this message.

Thank you.",plink_test_1aa75b75a00d,https://rzp.io/i/mock_5b75a00d,created
P04239,5534.68,0.47024128035836993,2602.635009573863,High,High,0,GENERATE_PAYMENT_LINK,APPROVED,2026-08-31T00:01:34.670497,Recovery opportunity is suitable for automated customer recovery,"Hi,

Your recent payment of ₹5,534.68 could not be completed because the OTP verification was unsuccessful.

You can complete the payment using the secure payment link provided below.

If you have already completed the payment, please ignore this message.

Thank you.",plink_test_16d12c8bbd62,https://rzp.io/i/mock_2c8bbd62,created
P00639,7762.32,0.3350421047349051,2600.7040304258485,High,Low,1,HUMAN_REVIEW,PENDING,2026-08-31T00:01:34.670567,High-value opportunity but model confidence is low,,,,
P04483,5570.25,0.4665190319965576,2598.627637978825,High,Medium,0,STOP,BLOCKED,2026-08-31T00:01:34.670612,Recovery attempt limit reached or recovery opportunity is not suitable,,,,
P03647,6417.04,0.40468314856672527,2596.8679516786187,High,Medium,1,STOP,BLOCKED,2026-08-31T00:01:34.670657,Recovery attempt limit reached or recovery opportunity is not suitable,,,,
P08408,5761.93,0.4479460364993475,2581.0337060866855,High,Low,0,HUMAN_REVIEW,PENDING,2026-08-31T00:01:34.670696,High-value opportunity but model confidence is low,,,,
P08865,6212.62,0.41336569046354726,2568.083955887643,High,Low,0,HUMAN_REVIEW,PENDING,2026-08-31T00:01:34.670739,High-value opportunity but model confidence is low,,,,
P03422,7246.38,0.3539415609741769,2564.795048612056,High,Low,1,HUMAN_REVIEW,PENDING,2026-08-31T00:01:34.670783,High-value opportunity but model confidence is low,,,,
P01564,7455.95,0.34292782809345096,2556.8527398733654,High,High,2,STOP,BLOCKED,2026-08-31T00:01:34.670832,Recovery attempt limit reached or recovery opportunity is not suitable,,,,
P00585,5478.88,0.46465695451243777,2545.799694939105,High,Medium,0,STOP,BLOCKED,2026-08-31T00:01:34.670875,Recovery attempt limit reached or recovery opportunity is not suitable,,,,
P07434,6560.88,0.38743171805413484,2541.8930103470125,High,High,1,GENERATE_PAYMENT_LINK,APPROVED,2026-08-31T00:01:34.670916,Recovery opportunity is suitable for automated customer recovery,"Hi,

Your recent payment of ₹6,560.88 could not be completed because there were insufficient funds to complete the payment.

You can complete the payment using the secure payment link provided below.

If you have already completed the payment, please ignore this message.

Thank you.",plink_test_d21cdca2be4a,https://rzp.io/i/mock_dca2be4a,created
P06863,7009.29,0.3619853887689229,2537.2605656441233,High,Low,0,HUMAN_REVIEW,PENDING,2026-08-31T00:01:34.674421,High-value opportunity but model confidence is low,,,,
P09510,7174.0,0.3534821459041466,2535.880914716348,High,Low,1,HUMAN_REVIEW,PENDING,2026-08-31T00:01:34.674644,High-value opportunity but model confidence is low,,,,
P01305,11151.94,0.22575235382537154,2517.576704719314,High,High,2,STOP,BLOCKED,2026-08-31T00:01:34.674739,Recovery attempt limit reached or recovery opportunity is not suitable,,,,
P06990,7707.78,0.3260010300112637,2512.744219100218,High,Medium,0,STOP,BLOCKED,2026-08-31T00:01:34.674795,Recovery attempt limit reached or recovery opportunity is not suitable,,,,
P03597,7071.17,0.355173724096347,2511.493782618366,High,Low,1,HUMAN_REVIEW,PENDING,2026-08-31T00:01:34.674828,High-value opportunity but model confidence is low,,,,
P04582,10164.47,0.24703453451959784,2510.9751150884163,High,High,1,GENERATE_PAYMENT_LINK,APPROVED,2026-08-31T00:01:34.674859,Recovery opportunity is suitable for automated customer recovery,"Hi,

Your recent payment of ₹10,164.47 could not be completed because the OTP verification was unsuccessful.

You can complete the payment using the secure payment link provided below.

If you have already completed the payment, please ignore this message.

Thank you.",plink_test_a26e39db40de,https://rzp.io/i/mock_39db40de,created
P02913,10767.57,0.23260666549521156,2504.608553186275,High,Medium,0,STOP,BLOCKED,2026-08-31T00:01:34.674956,Recovery attempt limit reached or recovery opportunity is not suitable,,,,
P08905,5468.99,0.4578966893994846,2504.232415358887,High,Medium,0,STOP,BLOCKED,2026-08-31T00:01:34.674995,Recovery attempt limit reached or recovery opportunity is not suitable,,,,
P05238,8941.14,0.27984477456970197,2502.131307696145,High,Medium,0,STOP,BLOCKED,2026-08-31T00:01:34.675027,Recovery attempt limit reached or recovery opportunity is not suitable,,,,
P02855,5367.8,0.4651089241063728,2496.611682818188,High,Low,1,HUMAN_REVIEW,PENDING,2026-08-31T00:01:34.675059,High-value opportunity but model confidence is low,,,,
P09654,6663.94,0.3735201241068691,2489.115695840729,High,Medium,0,STOP,BLOCKED,2026-08-31T00:01:34.675103,Recovery attempt limit reached or recovery opportunity is not suitable,,,,
P03771,9678.36,0.25602057694150093,2477.859311047545,High,High,2,STOP,BLOCKED,2026-08-31T00:01:34.675134,Recovery attempt limit reached or recovery opportunity is not suitable,,,,
P04344,10400.35,0.2379533941112041,2474.7985824444613,High,Medium,1,STOP,BLOCKED,2026-08-31T00:01:34.675162,Recovery attempt limit reached or recovery opportunity is not suitable,,,,
P00530,6170.05,0.40011787250785474,2468.747279267089,High,Low,1,HUMAN_REVIEW,PENDING,2026-08-31T00:01:34.675192,High-value opportunity but model confidence is low,,,,
P06735,6314.95,0.3903900566218376,2465.293688064073,High,Medium,0,STOP,BLOCKED,2026-08-31T00:01:34.675223,Recovery attempt limit reached or recovery opportunity is not suitable,,,,
P07960,5747.61,0.4264518308718804,2451.0788076375284,High,Low,0,HUMAN_REVIEW,PENDING,2026-08-31T00:01:34.675250,High-value opportunity but model confidence is low,,,,
P06333,8718.17,0.280171483004257,2442.582617983223,High,Low,0,HUMAN_REVIEW,PENDING,2026-08-31T00:01:34.675277,High-value opportunity but model confidence is low,,,,
P06153,8928.94,0.27340499443851823,2441.216791041863,High,High,2,STOP,BLOCKED,2026-08-31T00:01:34.675303,Recovery attempt limit reached or recovery opportunity is not suitable,,,,
P09570,5156.38,0.4730431855601147,2439.1904211584642,High,Medium,0,STOP,BLOCKED,2026-08-31T00:01:34.675329,Recovery attempt limit reached or recovery opportunity is not suitable,,,,
P05716,5420.96,0.449275224112591,2435.5030189053914,High,Medium,1,STOP,BLOCKED,2026-08-31T00:01:34.675371,Recovery attempt limit reached or recovery opportunity is not suitable,,,,
P09318,6813.67,0.3569137794941321,2431.8927119257833,High,Medium,0,STOP,BLOCKED,2026-08-31T00:01:34.675437,Recovery attempt limit reached or recovery opportunity is not suitable,,,,
P06822,4562.09,0.5322934264891827,2428.3705180520355,High,Medium,0,STOP,BLOCKED,2026-08-31T00:01:34.675488,Recovery attempt limit reached or recovery opportunity is not suitable,,,,
P06499,4539.83,0.5348061655644358,2427.929074614393,High,Low,0,HUMAN_REVIEW,PENDING,2026-08-31T00:01:34.675527,High-value opportunity but model confidence is low,,,,
P06263,7991.33,0.30362323852886286,2426.353494752858,High,High,0,GENERATE_PAYMENT_LINK,APPROVED,2026-08-31T00:01:34.675565,Recovery opportunity is suitable for automated customer recovery,"Hi,

Your recent payment of ₹7,991.33 could not be completed because the payment authentication could not be completed.

You can complete the payment using the secure payment link provided below.

If you have already completed the payment, please ignore this message.

Thank you.",plink_test_216b809aabdf,https://rzp.io/i/mock_809aabdf,created
P08333,6199.27,0.39134495582582074,2426.053044302336,High,High,0,GENERATE_PAYMENT_LINK,APPROVED,2026-08-31T00:01:34.675670,Recovery opportunity is suitable for automated customer recovery,"Hi,

Your recent payment of ₹6,199.27 could not be completed because your card appears to have expired.

You can complete the payment using the secure payment link provided below.

If you have already completed the payment, please ignore this message.

Thank you.",plink_test_37234732b346,https://rzp.io/i/mock_4732b346,created
P09045,5050.36,0.4797676514837911,2422.999356347679,High,Low,1,HUMAN_REVIEW,PENDING,2026-08-31T00:01:34.675751,High-value opportunity but model confidence is low,,,,
P03232,7664.36,0.3160979620684695,2422.688576559095,High,Medium,0,STOP,BLOCKED,2026-08-31T00:01:34.675817,Recovery attempt limit reached or recovery opportunity is not suitable,,,,
P02129,7319.56,0.3301437840920285,2416.507236288648,High,High,0,GENERATE_PAYMENT_LINK,APPROVED,2026-08-31T00:01:34.675872,Recovery opportunity is suitable for automated customer recovery,"Hi,

Your recent payment of ₹7,319.56 could not be completed because your card payment was declined by the issuing bank.

You can complete the payment using the secure payment link provided below.

If you have already completed the payment, please ignore this message.

Thank you.",plink_test_2e59d85022aa,https://rzp.io/i/mock_d85022aa,created
P08545,4394.14,0.5495111153327138,2414.628772328091,High,High,0,GENERATE_PAYMENT_LINK,APPROVED,2026-08-31T00:01:34.675956,Recovery opportunity is suitable for automated customer recovery,"Hi,

Your recent payment of ₹4,394.14 could not be completed because there were insufficient funds to complete the payment.

You can complete the payment using the secure payment link provided below.

If you have already completed the payment, please ignore this message.

Thank you.",plink_test_472b58f193c0,https://rzp.io/i/mock_58f193c0,created
P01504,4763.68,0.5064793077676646,2412.705348826669,High,High,1,GENERATE_PAYMENT_LINK,APPROVED,2026-08-31T00:01:34.676032,Recovery opportunity is suitable for automated customer recovery,"Hi,

Your recent payment of ₹4,763.68 could not be completed because there were insufficient funds to complete the payment.

You can complete the payment using the secure payment link provided below.

If you have already completed the payment, please ignore this message.

Thank you.",plink_test_c20d6f5e8a8b,https://rzp.io/i/mock_6f5e8a8b,created
P07408,6481.14,0.37160970045785763,2408.4544940254395,High,Medium,1,STOP,BLOCKED,2026-08-31T00:01:34.676108,Recovery attempt limit reached or recovery opportunity is not suitable,,,,
P08771,8512.07,0.28255532060810645,2405.1306678886444,High,Low,0,HUMAN_REVIEW,PENDING,2026-08-31T00:01:34.676159,High-value opportunity but model confidence is low,,,,
P04076,7444.43,0.32225402895806526,2398.9975607962897,High,Medium,0,STOP,BLOCKED,2026-08-31T00:01:34.676206,Recovery attempt limit reached or recovery opportunity is not suitable,,,,
P02262,7399.73,0.32386151249664696,2396.4877498668134,High,High,1,GENERATE_PAYMENT_LINK,APPROVED,2026-08-31T00:01:34.676259,Recovery opportunity is suitable for automated customer recovery,"Hi,

Your recent payment of ₹7,399.73 could not be completed because the OTP verification was unsuccessful.

You can complete the payment using the secure payment link provided below.

If you have already completed the payment, please ignore this message.

Thank you.",plink_test_ea2392439638,https://rzp.io/i/mock_92439638,created
P00553,4737.93,0.5046110272625085,2390.8117243978572,High,Low,0,HUMAN_REVIEW,PENDING,2026-08-31T00:01:34.676338,High-value opportunity but model confidence is low,,,,
P07649,10158.46,0.23534755275933364,2390.76870080358,High,Medium,1,STOP,BLOCKED,2026-08-31T00:01:34.676386,Recovery attempt limit reached or recovery opportunity is not suitable,,,,
P09589,5191.44,0.4599405461443157,2387.753748875446,High,Medium,1,STOP,BLOCKED,2026-08-31T00:01:34.676427,Recovery attempt limit reached or recovery opportunity is not suitable,,,,
P01521,5851.57,0.4077180458538017,2385.7906855767305,High,Medium,0,STOP,BLOCKED,2026-08-31T00:01:34.676457,Recovery attempt limit reached or recovery opportunity is not suitable,,,,
P09357,12142.87,0.1964278649763069,2385.198028784848,High,Medium,2,STOP,BLOCKED,2026-08-31T00:01:34.676484,Recovery attempt limit reached or recovery opportunity is not suitable,,,,
P03226,8030.18,0.2968872213079855,2384.057826802959,High,Medium,0,STOP,BLOCKED,2026-08-31T00:01:34.676510,Recovery attempt limit reached or recovery opportunity is not suitable,,,,
P03605,9795.47,0.24326298913526662,2382.87531218483,High,Low,2,STOP,BLOCKED,2026-08-31T00:01:34.676537,Recovery attempt limit reached or recovery opportunity is not suitable,,,,
P07541,7416.84,0.3209906293764431,2380.7361395843786,High,Medium,1,STOP,BLOCKED,2026-08-31T00:01:34.676575,Recovery attempt limit reached or recovery opportunity is not suitable,,,,
P03369,4862.4,0.4892373782344196,2378.8678279270416,High,Low,0,HUMAN_REVIEW,PENDING,2026-08-31T00:01:34.676617,High-value opportunity but model confidence is low,,,,
P00216,6948.88,0.34225400983968735,2378.2820438948065,Medium,Medium,0,GENERATE_PAYMENT_LINK,APPROVED,2026-08-31T00:01:34.676650,Recovery opportunity is suitable for automated customer recovery,"Hi,

Your recent payment of ₹6,948.88 could not be completed because a temporary network issue interrupted the payment.

You can complete the payment using the secure payment link provided below.

If you have already completed the payment, please ignore this message.

Thank you.",plink_test_1eb773a581c4,https://rzp.io/i/mock_73a581c4,created
P04581,5792.97,0.4102929056559961,2376.814493678016,Medium,Medium,0,GENERATE_PAYMENT_LINK,APPROVED,2026-08-31T00:01:34.676714,Recovery opportunity is suitable for automated customer recovery,"Hi,

Your recent payment of ₹5,792.97 could not be completed because the payment authentication could not be completed.

You can complete the payment using the secure payment link provided below.

If you have already completed the payment, please ignore this message.

Thank you.",plink_test_d30ed25b43bd,https://rzp.io/i/mock_d25b43bd,created
P05168,4742.42,0.5003754121082844,2372.99036189057,Medium,Low,1,STOP,BLOCKED,2026-08-31T00:01:34.676812,Recovery attempt limit reached or recovery opportunity is not suitable,,,,
P09492,6545.2,0.3623307704028965,2371.5273584410384,Medium,Medium,1,GENERATE_PAYMENT_LINK,APPROVED,2026-08-31T00:01:34.676863,Recovery opportunity is suitable for automated customer recovery,"Hi,

Your recent payment of ₹6,545.20 could not be completed because your card payment was declined by the issuing bank.

You can complete the payment using the secure payment link provided below.

If you have already completed the payment, please ignore this message.

Thank you.",plink_test_a3e7c326aadc,https://rzp.io/i/mock_c326aadc,created
P05173,6084.45,0.3865632273287637,2352.024628520496,Medium,Medium,0,GENERATE_PAYMENT_LINK,APPROVED,2026-08-31T00:01:34.676936,Recovery opportunity is suitable for automated customer recovery,"Hi,

Your recent payment of ₹6,084.45 could not be completed because a temporary network issue interrupted the payment.

You can complete the payment using the secure payment link provided below.

If you have already completed the payment, please ignore this message.

Thank you.",plink_test_c6e18dd4182f,https://rzp.io/i/mock_8dd4182f,created
P08484,5696.95,0.4118780130358963,2346.448446364849,Medium,Low,0,STOP,BLOCKED,2026-08-31T00:01:34.676992,Recovery attempt limit reached or recovery opportunity is not suitable,,,,
P03573,4724.73,0.4956873936438716,2341.989099371009,Medium,Medium,1,GENERATE_PAYMENT_LINK,APPROVED,2026-08-31T00:01:34.677034,Recovery opportunity is suitable for automated customer recovery,"Hi,

Your recent payment of ₹4,724.73 could not be completed because there were insufficient funds to complete the payment.

You can complete the payment using the secure payment link provided below.

If you have already completed the payment, please ignore this message.

Thank you.",plink_test_3d2324a868ac,https://rzp.io/i/mock_24a868ac,created
P07928,5835.98,0.4007949976940963,2339.0315906427923,Medium,Medium,1,GENERATE_PAYMENT_LINK,APPROVED,2026-08-31T00:01:34.677081,Recovery opportunity is suitable for automated customer recovery,"Hi,

Your recent payment of ₹5,835.98 could not be completed because there were insufficient funds to complete the payment.

You can complete the payment using the secure payment link provided below.

If you have already completed the payment, please ignore this message.

Thank you.",plink_test_a4246e702bd2,https://rzp.io/i/mock_6e702bd2,created
P02736,5976.91,0.3910985603302532,2337.5608962234937,Medium,Low,0,STOP,BLOCKED,2026-08-31T00:01:34.677121,Recovery attempt limit reached or recovery opportunity is not suitable,,,,
P05496,7533.93,0.30837961824622107,2323.3104572937523,Medium,Low,2,STOP,BLOCKED,2026-08-31T00:01:34.677155,Recovery attempt limit reached or recovery opportunity is not suitable,,,,
P08104,5755.85,0.4033326759643677,2321.522382949506,Medium,Low,0,STOP,BLOCKED,2026-08-31T00:01:34.677218,Recovery attempt limit reached or recovery opportunity is not suitable,,,,
P01237,7899.93,0.2926730182525741,2312.0963570840577,Medium,Medium,0,GENERATE_PAYMENT_LINK,APPROVED,2026-08-31T00:01:34.677264,Recovery opportunity is suitable for automated customer recovery,"Hi,

Your recent payment of ₹7,899.93 could not be completed because your bank was unable to complete the payment.

You can complete the payment using the secure payment link provided below.

If you have already completed the payment, please ignore this message.

Thank you.",plink_test_ea466ff9ee95,https://rzp.io/i/mock_6ff9ee95,created
P04703,4510.28,0.5124818173281142,2311.4364910586464,Medium,Low,0,STOP,BLOCKED,2026-08-31T00:01:34.677336,Recovery attempt limit reached or recovery opportunity is not suitable,,,,
P01434,5753.91,0.40139963857928423,2309.6173944177294,Medium,Medium,1,GENERATE_PAYMENT_LINK,APPROVED,2026-08-31T00:01:34.677377,Recovery opportunity is suitable for automated customer recovery,"Hi,

Your recent payment of ₹5,753.91 could not be completed because there were insufficient funds to complete the payment.

You can complete the payment using the secure payment link provided below.

If you have already completed the payment, please ignore this message.

Thank you.",plink_test_cb5b766294e9,https://rzp.io/i/mock_766294e9,created
P02400,6534.82,0.3532521837148835,2308.439435183695,Medium,Medium,0,GENERATE_PAYMENT_LINK,APPROVED,2026-08-31T00:01:34.677436,Recovery opportunity is suitable for automated customer recovery,"Hi,

Your recent payment of ₹6,534.82 could not be completed because the payment authentication could not be completed.

You can complete the payment using the secure payment link provided below.

If you have already completed the payment, please ignore this message.

Thank you.",plink_test_64fa2c17249a,https://rzp.io/i/mock_2c17249a,created
P03793,6064.03,0.37690839653034397,2285.5838238119018,Medium,Low,1,STOP,BLOCKED,2026-08-31T00:01:34.677479,Recovery attempt limit reached or recovery opportunity is not suitable,,,,
P03734,5986.3,0.3814579572091786,2283.5217692413057,Medium,Medium,0,GENERATE_PAYMENT_LINK,APPROVED,2026-08-31T00:01:34.677524,Recovery opportunity is suitable for automated customer recovery,"Hi,

Your recent payment of ₹5,986.30 could not be completed because your card payment was declined by the issuing bank.

You can complete the payment using the secure payment link provided below.

If you have already completed the payment, please ignore this message.

Thank you.",plink_test_f45ae1388f02,https://rzp.io/i/mock_e1388f02,created
P08056,6647.62,0.3434267403206068,2282.970467490072,Medium,Low,2,STOP,BLOCKED,2026-08-31T00:01:34.677609,Recovery attempt limit reached or recovery opportunity is not suitable,,,,
P06616,9682.43,0.23502807703660045,2275.642903941491,Medium,Low,1,STOP,BLOCKED,2026-08-31T00:01:34.677661,Recovery attempt limit reached or recovery opportunity is not suitable,,,,
P07889,6044.27,0.3751170084467793,2267.308480644615,Medium,Low,0,STOP,BLOCKED,2026-08-31T00:01:34.677707,Recovery attempt limit reached or recovery opportunity is not suitable,,,,
P03946,4552.43,0.49544441733278033,2255.4760287982695,Medium,High,0,GENERATE_PAYMENT_LINK,APPROVED,2026-08-31T00:01:34.677753,Recovery opportunity is suitable for automated customer recovery,"Hi,

Your recent payment of ₹4,552.43 could not be completed because a temporary network issue interrupted the payment.

You can complete the payment using the secure payment link provided below.

If you have already completed the payment, please ignore this message.

Thank you.",plink_test_49c2550422f2,https://rzp.io/i/mock_550422f2,created
P08479,5183.72,0.4335883110611969,2247.6003998141477,Medium,Medium,0,GENERATE_PAYMENT_LINK,APPROVED,2026-08-31T00:01:34.677835,Recovery opportunity is suitable for automated customer recovery,"Hi,

Your recent payment of ₹5,183.72 could not be completed because there were insufficient funds to complete the payment.

You can complete the payment using the secure payment link provided below.

If you have already completed the payment, please ignore this message.

Thank you.",plink_test_7658b235aad1,https://rzp.io/i/mock_b235aad1,created
P01939,4603.34,0.48697833158407716,2241.7268329142457,Medium,High,0,GENERATE_PAYMENT_LINK,APPROVED,2026-08-31T00:01:34.677884,Recovery opportunity is suitable for automated customer recovery,"Hi,

Your recent payment of ₹4,603.34 could not be completed because there were insufficient funds to complete the payment.

You can complete the payment using the secure payment link provided below.

If you have already completed the payment, please ignore this message.

Thank you.",plink_test_e5ed2ccde5ce,https://rzp.io/i/mock_2ccde5ce,created
P07679,3989.19,0.560866383570216,2237.40256867447,Medium,High,0,GENERATE_PAYMENT_LINK,APPROVED,2026-08-31T00:01:34.677932,Recovery opportunity is suitable for automated customer recovery,"Hi,

Your recent payment of ₹3,989.19 could not be completed because there were insufficient funds to complete the payment.

You can complete the payment using the secure payment link provided below.

If you have already completed the payment, please ignore this message.

Thank you.",plink_test_76c013c9ed65,https://rzp.io/i/mock_13c9ed65,created
P09085,8711.56,0.2565119809420202,2234.6195126952653,Medium,Low,0,STOP,BLOCKED,2026-08-31T00:01:34.678026,Recovery attempt limit reached or recovery opportunity is not suitable,,,,
P00414,4752.37,0.4686127311481771,2227.0210851266625,Medium,High,0,GENERATE_PAYMENT_LINK,APPROVED,2026-08-31T00:01:34.678076,Recovery opportunity is suitable for automated customer recovery,"Hi,

Your recent payment of ₹4,752.37 could not be completed because there were insufficient funds to complete the payment.

You can complete the payment using the secure payment link provided below.

If you have already completed the payment, please ignore this message.

Thank you.",plink_test_5e21d07ca48e,https://rzp.io/i/mock_d07ca48e,created
P08547,5998.52,0.3703936376097636,2221.8136430749196,Medium,Low,1,STOP,BLOCKED,2026-08-31T00:01:34.678150,Recovery attempt limit reached or recovery opportunity is not suitable,,,,
P03240,6207.53,0.35734849524742446,2218.251504703245,Medium,Low,0,STOP,BLOCKED,2026-08-31T00:01:34.678183,Recovery attempt limit reached or recovery opportunity is not suitable,,,,
P09711,6452.53,0.34304002748973816,2213.47606857836,Medium,Medium,0,GENERATE_PAYMENT_LINK,APPROVED,2026-08-31T00:01:34.678210,Recovery opportunity is suitable for automated customer recovery,"Hi,

Your recent payment of ₹6,452.53 could not be completed because a temporary network issue interrupted the payment.

You can complete the payment using the secure payment link provided below.

If you have already completed the payment, please ignore this message.

Thank you.",plink_test_c79b1ec07d42,https://rzp.io/i/mock_1ec07d42,created
P05478,4420.61,0.49954451537571704,2208.291480115048,Medium,Medium,0,GENERATE_PAYMENT_LINK,APPROVED,2026-08-31T00:01:34.678253,Recovery opportunity is suitable for automated customer recovery,"Hi,

Your recent payment of ₹4,420.61 could not be completed because there were insufficient funds to complete the payment.

You can complete the payment using the secure payment link provided below.

If you have already completed the payment, please ignore this message.

Thank you.",plink_test_c950df1edcda,https://rzp.io/i/mock_df1edcda,created
P03001,4166.83,0.5290233423743906,2204.350333705882,Medium,Low,0,STOP,BLOCKED,2026-08-31T00:01:34.678294,Recovery attempt limit reached or recovery opportunity is not suitable,,,,
P08947,7208.72,0.30524851381884155,2200.4510665361595,Medium,Low,1,STOP,BLOCKED,2026-08-31T00:01:34.678340,Recovery attempt limit reached or recovery opportunity is not suitable,,,,
P01323,6591.82,0.3338068482259267,2200.394658272628,Medium,High,2,STOP,BLOCKED,2026-08-31T00:01:34.678368,Recovery attempt limit reached or recovery opportunity is not suitable,,,,
P06410,4989.64,0.4403301994942606,2197.0891766045424,Medium,Low,0,STOP,BLOCKED,2026-08-31T00:01:34.678392,Recovery attempt limit reached or recovery opportunity is not suitable,,,,
P02641,6034.71,0.3637540194621586,2195.150018788483,Medium,Low,0,STOP,BLOCKED,2026-08-31T00:01:34.678416,Recovery attempt limit reached or recovery opportunity is not suitable,,,,
P02747,5360.8,0.40873858208523317,2191.165790842518,Medium,Low,1,STOP,BLOCKED,2026-08-31T00:01:34.678447,Recovery attempt limit reached or recovery opportunity is not suitable,,,,
P02194,6719.28,0.3259589957776123,2190.2097611485947,Medium,Medium,0,GENERATE_PAYMENT_LINK,APPROVED,2026-08-31T00:01:34.678508,Recovery opportunity is suitable for automated customer recovery,"Hi,

Your recent payment of ₹6,719.28 could not be completed because a temporary network issue interrupted the payment.

You can complete the payment using the secure payment link provided below.

If you have already completed the payment, please ignore this message.

Thank you.",plink_test_4f276124941e,https://rzp.io/i/mock_6124941e,created
P08346,6973.39,0.31385768491668986,2188.652041421196,Medium,Medium,0,GENERATE_PAYMENT_LINK,APPROVED,2026-08-31T00:01:34.678580,Recovery opportunity is suitable for automated customer recovery,"Hi,

Your recent payment of ₹6,973.39 could not be completed because the payment authentication could not be completed.

You can complete the payment using the secure payment link provided below.

If you have already completed the payment, please ignore this message.

Thank you.",plink_test_3a9abe220787,https://rzp.io/i/mock_be220787,created
P02177,11048.57,0.19693127118153217,2175.808934838141,Medium,High,1,GENERATE_PAYMENT_LINK,APPROVED,2026-08-31T00:01:34.678654,Recovery opportunity is suitable for automated customer recovery,"Hi,

Your recent payment of ₹11,048.57 could not be completed because your bank was unable to complete the payment.

You can complete the payment using the secure payment link provided below.

If you have already completed the payment, please ignore this message.

Thank you.",plink_test_f3d3209f8315,https://rzp.io/i/mock_209f8315,created
P06114,4539.28,0.4768552599284989,2164.5795442882363,Medium,Medium,0,GENERATE_PAYMENT_LINK,APPROVED,2026-08-31T00:01:34.678708,Recovery opportunity is suitable for automated customer recovery,"Hi,

Your recent payment of ₹4,539.28 could not be completed because the payment authentication could not be completed.

You can complete the payment using the secure payment link provided below.

If you have already completed the payment, please ignore this message.

Thank you.",plink_test_714e02f08a14,https://rzp.io/i/mock_02f08a14,created
P03471,7548.69,0.28648874278293446,2162.6147077581095,Medium,Medium,0,GENERATE_PAYMENT_LINK,APPROVED,2026-08-31T00:01:34.678748,Recovery opportunity is suitable for automated customer recovery,"Hi,

Your recent payment of ₹7,548.69 could not be completed because your bank was unable to complete the payment.

You can complete the payment using the secure payment link provided below.

If you have already completed the payment, please ignore this message.

Thank you.",plink_test_caa3a0cf909d,https://rzp.io/i/mock_a0cf909d,created
P02099,9666.31,0.22302707938208366,2155.848887701829,Medium,High,1,GENERATE_PAYMENT_LINK,APPROVED,2026-08-31T00:01:34.678786,Recovery opportunity is suitable for automated customer recovery,"Hi,

Your recent payment of ₹9,666.31 could not be completed because the payment authentication could not be completed.

You can complete the payment using the secure payment link provided below.

If you have already completed the payment, please ignore this message.

Thank you.",plink_test_fe49520babde,https://rzp.io/i/mock_520babde,created
P09439,7187.25,0.29831233209361535,2144.0453088398367,Medium,High,0,GENERATE_PAYMENT_LINK,APPROVED,2026-08-31T00:01:34.678827,Recovery opportunity is suitable for automated customer recovery,"Hi,

Your recent payment of ₹7,187.25 could not be completed because your card payment was declined by the issuing bank.

You can complete the payment using the secure payment link provided below.

If you have already completed the payment, please ignore this message.

Thank you.",plink_test_2730064b5f37,https://rzp.io/i/mock_064b5f37,created
P08713,3968.55,0.5397112775605167,2141.871190562789,Medium,Low,0,STOP,BLOCKED,2026-08-31T00:01:34.678878,Recovery attempt limit reached or recovery opportunity is not suitable,,,,
P04642,8640.72,0.24703823110620257,2134.5881842839867,Medium,Low,2,STOP,BLOCKED,2026-08-31T00:01:34.678906,Recovery attempt limit reached or recovery opportunity is not suitable,,,,
P04355,5460.26,0.3908657361345803,2134.228544386204,Medium,Low,1,STOP,BLOCKED,2026-08-31T00:01:34.678932,Recovery attempt limit reached or recovery opportunity is not suitable,,,,
P08244,6571.32,0.3246720146000491,2133.5237029815944,Medium,High,0,GENERATE_PAYMENT_LINK,APPROVED,2026-08-31T00:01:34.678962,Recovery opportunity is suitable for automated customer recovery,"Hi,

Your recent payment of ₹6,571.32 could not be completed because your bank was unable to complete the payment.

You can complete the payment using the secure payment link provided below.

If you have already completed the payment, please ignore this message.

Thank you.",plink_test_1b7d18b745ec,https://rzp.io/i/mock_18b745ec,created
P05571,5076.59,0.420145847555866,2132.908208243634,Medium,High,0,GENERATE_PAYMENT_LINK,APPROVED,2026-08-31T00:01:34.679043,Recovery opportunity is suitable for automated customer recovery,"Hi,

Your recent payment of ₹5,076.59 could not be completed because there were insufficient funds to complete the payment.

You can complete the payment using the secure payment link provided below.

If you have already completed the payment, please ignore this message.

Thank you.",plink_test_52e7e99c4cbb,https://rzp.io/i/mock_e99c4cbb,created
P02664,4939.36,0.4316729635139534,2132.188169062281,Medium,Medium,0,GENERATE_PAYMENT_LINK,APPROVED,2026-08-31T00:01:34.679110,Recovery opportunity is suitable for automated customer recovery,"Hi,

Your recent payment of ₹4,939.36 could not be completed because the OTP verification was unsuccessful.

You can complete the payment using the secure payment link provided below.

If you have already completed the payment, please ignore this message.

Thank you.",plink_test_5b6eaaae4e0a,https://rzp.io/i/mock_aaae4e0a,created
P04707,4288.29,0.4967856061839157,2130.360747142424,Medium,Medium,0,GENERATE_PAYMENT_LINK,APPROVED,2026-08-31T00:01:34.679176,Recovery opportunity is suitable for automated customer recovery,"Hi,

Your recent payment of ₹4,288.29 could not be completed because there were insufficient funds to complete the payment.

You can complete the payment using the secure payment link provided below.

If you have already completed the payment, please ignore this message.

Thank you.",plink_test_394337aaeb97,https://rzp.io/i/mock_37aaeb97,created
P04427,5656.97,0.3755311274560773,2124.368322085206,Medium,Medium,0,GENERATE_PAYMENT_LINK,APPROVED,2026-08-31T00:01:34.679246,Recovery opportunity is suitable for automated customer recovery,"Hi,

Your recent payment of ₹5,656.97 could not be completed because a temporary network issue interrupted the payment.

You can complete the payment using the secure payment link provided below.

If you have already completed the payment, please ignore this message.

Thank you.",plink_test_e7567bbf1029,https://rzp.io/i/mock_7bbf1029,created
P02655,4721.5,0.449504895174849,2122.3373625680497,Medium,Low,0,STOP,BLOCKED,2026-08-31T00:01:34.679302,Recovery attempt limit reached or recovery opportunity is not suitable,,,,
P03983,5282.14,0.4015619604618745,2121.106493834086,Medium,Medium,0,GENERATE_PAYMENT_LINK,APPROVED,2026-08-31T00:01:34.679330,Recovery opportunity is suitable for automated customer recovery,"Hi,

Your recent payment of ₹5,282.14 could not be completed because there were insufficient funds to complete the payment.

You can complete the payment using the secure payment link provided below.

If you have already completed the payment, please ignore this message.

Thank you.",plink_test_8b12b0d62ebe,https://rzp.io/i/mock_b0d62ebe,created
P06243,4762.11,0.4449507107821331,2118.904229322704,Medium,Medium,0,GENERATE_PAYMENT_LINK,APPROVED,2026-08-31T00:01:34.679370,Recovery opportunity is suitable for automated customer recovery,"Hi,

Your recent payment of ₹4,762.11 could not be completed because there were insufficient funds to complete the payment.

You can complete the payment using the secure payment link provided below.

If you have already completed the payment, please ignore this message.

Thank you.",plink_test_47a9c2378b4e,https://rzp.io/i/mock_c2378b4e,created
P01462,5191.26,0.407116170322676,2113.445890349295,Medium,Medium,0,GENERATE_PAYMENT_LINK,APPROVED,2026-08-31T00:01:34.679465,Recovery opportunity is suitable for automated customer recovery,"Hi,

Your recent payment of ₹5,191.26 could not be completed because the payment authentication could not be completed.

You can complete the payment using the secure payment link provided below.

If you have already completed the payment, please ignore this message.

Thank you.",plink_test_dc79806b9e62,https://rzp.io/i/mock_806b9e62,created
P03610,7114.06,0.2968435551655815,2111.762862061257,Medium,Low,2,STOP,BLOCKED,2026-08-31T00:01:34.679534,Recovery attempt limit reached or recovery opportunity is not suitable,,,,
P05975,5121.65,0.41225275658416966,2111.414330759312,Medium,Medium,0,GENERATE_PAYMENT_LINK,APPROVED,2026-08-31T00:01:34.679581,Recovery opportunity is suitable for automated customer recovery,"Hi,

Your recent payment of ₹5,121.65 could not be completed because the payment authentication could not be completed.

You can complete the payment using the secure payment link provided below.

If you have already completed the payment, please ignore this message.

Thank you.",plink_test_a9fb271ab2b2,https://rzp.io/i/mock_271ab2b2,created
P00474,4854.28,0.4348233410665988,2110.7542480727693,Medium,High,0,GENERATE_PAYMENT_LINK,APPROVED,2026-08-31T00:01:34.679634,Recovery opportunity is suitable for automated customer recovery,"Hi,

Your recent payment of ₹4,854.28 could not be completed because your bank was unable to complete the payment.

You can complete the payment using the secure payment link provided below.

If you have already completed the payment, please ignore this message.

Thank you.",plink_test_6e07d9511cdd,https://rzp.io/i/mock_d9511cdd,created
P09927,4915.42,0.42922149138785337,2109.8039031976823,Medium,Low,1,STOP,BLOCKED,2026-08-31T00:01:34.679687,Recovery attempt limit reached or recovery opportunity is not suitable,,,,
P06789,6636.59,0.316611775341479,2101.2225421135063,Medium,High,1,GENERATE_PAYMENT_LINK,APPROVED,2026-08-31T00:01:34.679714,Recovery opportunity is suitable for automated customer recovery,"Hi,

Your recent payment of ₹6,636.59 could not be completed because the OTP verification was unsuccessful.

You can complete the payment using the secure payment link provided below.

If you have already completed the payment, please ignore this message.

Thank you.",plink_test_a18a97b56135,https://rzp.io/i/mock_97b56135,created
P07241,4028.59,0.5183478415207851,2088.2109308722197,Medium,Medium,0,GENERATE_PAYMENT_LINK,APPROVED,2026-08-31T00:01:34.679759,Recovery opportunity is suitable for automated customer recovery,"Hi,

Your recent payment of ₹4,028.59 could not be completed because the OTP verification was unsuccessful.

You can complete the payment using the secure payment link provided below.

If you have already completed the payment, please ignore this message.

Thank you.",plink_test_a665c8ace3d5,https://rzp.io/i/mock_c8ace3d5,created
P05434,5012.88,0.4160873563083112,2085.795986690807,Medium,Medium,0,GENERATE_PAYMENT_LINK,APPROVED,2026-08-31T00:01:34.679871,Recovery opportunity is suitable for automated customer recovery,"Hi,

Your recent payment of ₹5,012.88 could not be completed because a temporary network issue interrupted the payment.

You can complete the payment using the secure payment link provided below.

If you have already completed the payment, please ignore this message.

Thank you.",plink_test_e976cd695d15,https://rzp.io/i/mock_cd695d15,created
P04319,4812.76,0.43321637753215575,2084.966453131658,Medium,Medium,0,GENERATE_PAYMENT_LINK,APPROVED,2026-08-31T00:01:34.679958,Recovery opportunity is suitable for automated customer recovery,"Hi,

Your recent payment of ₹4,812.76 could not be completed because your card payment was declined by the issuing bank.

You can complete the payment using the secure payment link provided below.

If you have already completed the payment, please ignore this message.

Thank you.",plink_test_1ef48e003bca,https://rzp.io/i/mock_8e003bca,created
P01455,5519.02,0.37746344125238007,2083.2282815407107,Medium,High,0,GENERATE_PAYMENT_LINK,APPROVED,2026-08-31T00:01:34.680033,Recovery opportunity is suitable for automated customer recovery,"Hi,

Your recent payment of ₹5,519.02 could not be completed because there were insufficient funds to complete the payment.

You can complete the payment using the secure payment link provided below.

If you have already completed the payment, please ignore this message.

Thank you.",plink_test_c1c894497644,https://rzp.io/i/mock_94497644,created
P01499,3826.19,0.5426426827709045,2076.2540063912074,Medium,Medium,0,GENERATE_PAYMENT_LINK,APPROVED,2026-08-31T00:01:34.680101,Recovery opportunity is suitable for automated customer recovery,"Hi,

Your recent payment of ₹3,826.19 could not be completed because a temporary network issue interrupted the payment.

You can complete the payment using the secure payment link provided below.

If you have already completed the payment, please ignore this message.

Thank you.",plink_test_9cd485b6c5ed,https://rzp.io/i/mock_85b6c5ed,created
P02452,4527.54,0.4585148108422421,2075.9441466806848,Medium,Low,1,STOP,BLOCKED,2026-08-31T00:01:34.680168,Recovery attempt limit reached or recovery opportunity is not suitable,,,,
P00870,6987.41,0.29706670960484105,2075.7268973599625,Medium,High,0,GENERATE_PAYMENT_LINK,APPROVED,2026-08-31T00:01:34.680215,Recovery opportunity is suitable for automated customer recovery,"Hi,

Your recent payment of ₹6,987.41 could not be completed because the payment authentication could not be completed.

You can complete the payment using the secure payment link provided below.

If you have already completed the payment, please ignore this message.

Thank you.",plink_test_3fa31a94d36c,https://rzp.io/i/mock_1a94d36c,created
P06290,6182.56,0.335597585124517,2074.8522058874337,Medium,Medium,0,GENERATE_PAYMENT_LINK,APPROVED,2026-08-31T00:01:34.680290,Recovery opportunity is suitable for automated customer recovery,"Hi,

Your recent payment of ₹6,182.56 could not be completed because your card payment was declined by the issuing bank.

You can complete the payment using the secure payment link provided below.

If you have already completed the payment, please ignore this message.

Thank you.",plink_test_7c9ed41f08ac,https://rzp.io/i/mock_d41f08ac,created
P05880,7754.36,0.2672575535103964,2072.4112826388773,Medium,Medium,1,GENERATE_PAYMENT_LINK,APPROVED,2026-08-31T00:01:34.680358,Recovery opportunity is suitable for automated customer recovery,"Hi,

Your recent payment of ₹7,754.36 could not be completed because your bank was unable to complete the payment.

You can complete the payment using the secure payment link provided below.

If you have already completed the payment, please ignore this message.

Thank you.",plink_test_1e31edf159b7,https://rzp.io/i/mock_edf159b7,created
P07623,5847.27,0.3535874414499776,2067.521238767211,Medium,High,0,GENERATE_PAYMENT_LINK,APPROVED,2026-08-31T00:01:34.680428,Recovery opportunity is suitable for automated customer recovery,"Hi,

Your recent payment of ₹5,847.27 could not be completed because a temporary network issue interrupted the payment.

You can complete the payment using the secure payment link provided below.

If you have already completed the payment, please ignore this message.

Thank you.",plink_test_e9b07540f2f0,https://rzp.io/i/mock_7540f2f0,created
P01849,7141.93,0.28922591486930804,2065.6312381825574,Medium,Medium,0,GENERATE_PAYMENT_LINK,APPROVED,2026-08-31T00:01:34.680496,Recovery opportunity is suitable for automated customer recovery,"Hi,

Your recent payment of ₹7,141.93 could not be completed because the payment authentication could not be completed.

You can complete the payment using the secure payment link provided below.

If you have already completed the payment, please ignore this message.

Thank you.",plink_test_8d0b5f348a4a,https://rzp.io/i/mock_5f348a4a,created
P07508,3866.9,0.5340513184912313,2065.1230434737427,Medium,Low,0,STOP,BLOCKED,2026-08-31T00:01:34.680561,Recovery attempt limit reached or recovery opportunity is not suitable,,,,
P09798,5277.6,0.39068248056468674,2061.865859428191,Medium,High,2,STOP,BLOCKED,2026-08-31T00:01:34.680608,Recovery attempt limit reached or recovery opportunity is not suitable,,,,
P00665,6265.98,0.3279183511693365,2054.7298300600387,Medium,Medium,1,GENERATE_PAYMENT_LINK,APPROVED,2026-08-31T00:01:34.680654,Recovery opportunity is suitable for automated customer recovery,"Hi,

Your recent payment of ₹6,265.98 could not be completed because your bank was unable to complete the payment.

You can complete the payment using the secure payment link provided below.

If you have already completed the payment, please ignore this message.

Thank you.",plink_test_0de6944ca519,https://rzp.io/i/mock_944ca519,created
P01128,6313.82,0.3248436753482652,2051.0044942873837,Medium,High,0,GENERATE_PAYMENT_LINK,APPROVED,2026-08-31T00:01:34.680722,Recovery opportunity is suitable for automated customer recovery,"Hi,

Your recent payment of ₹6,313.82 could not be completed because your card payment was declined by the issuing bank.

You can complete the payment using the secure payment link provided below.

If you have already completed the payment, please ignore this message.

Thank you.",plink_test_6c6b0d84927a,https://rzp.io/i/mock_0d84927a,created
P00451,7184.91,0.28496438258925866,2047.4434421093904,Medium,High,0,GENERATE_PAYMENT_LINK,APPROVED,2026-08-31T00:01:34.680789,Recovery opportunity is suitable for automated customer recovery,"Hi,

Your recent payment of ₹7,184.91 could not be completed because the payment authentication could not be completed.

You can complete the payment using the secure payment link provided below.

If you have already completed the payment, please ignore this message.

Thank you.",plink_test_6a5f5f7a0618,https://rzp.io/i/mock_5f7a0618,created
P04385,7421.34,0.2752220337819098,2042.5162881870385,Medium,Low,1,STOP,BLOCKED,2026-08-31T00:01:34.680856,Recovery attempt limit reached or recovery opportunity is not suitable,,,,
P05106,4642.37,0.43979200261429696,2041.6771991765338,Medium,Low,0,STOP,BLOCKED,2026-08-31T00:01:34.681261,Recovery attempt limit reached or recovery opportunity is not suitable,,,,
P07142,4649.5,0.43889279292960887,2040.6320407262165,Medium,High,2,STOP,BLOCKED,2026-08-31T00:01:34.682086,Recovery attempt limit reached or recovery opportunity is not suitable,,,,
P00419,7699.15,0.2648234164613888,2038.9152068487015,Medium,Low,0,STOP,BLOCKED,2026-08-31T00:01:34.682366,Recovery attempt limit reached or recovery opportunity is not suitable,,,,
P04964,3978.52,0.511919040275948,2036.6801401186647,Medium,Low,0,STOP,BLOCKED,2026-08-31T00:01:34.682582,Recovery attempt limit reached or recovery opportunity is not suitable,,,,
P09267,5007.71,0.40487521357171746,2027.4976557552252,Medium,Low,0,STOP,BLOCKED,2026-08-31T00:01:34.682714,Recovery attempt limit reached or recovery opportunity is not suitable,,,,
P06056,3695.14,0.5475260318888352,2023.1853414737104,Medium,High,0,GENERATE_PAYMENT_LINK,APPROVED,2026-08-31T00:01:34.682837,Recovery opportunity is suitable for automated customer recovery,"Hi,

Your recent payment of ₹3,695.14 could not be completed because the OTP verification was unsuccessful.

You can complete the payment using the secure payment link provided below.

If you have already completed the payment, please ignore this message.

Thank you.",plink_test_17f0edb9b2e8,https://rzp.io/i/mock_edb9b2e8,created
P08477,9523.54,0.2122756689904939,2021.6158246577286,Medium,Medium,2,STOP,BLOCKED,2026-08-31T00:01:34.683273,Recovery attempt limit reached or recovery opportunity is not suitable,,,,
P07287,5900.05,0.3422565152082884,2019.3305525546623,Medium,High,1,GENERATE_PAYMENT_LINK,APPROVED,2026-08-31T00:01:34.683428,Recovery opportunity is suitable for automated customer recovery,"Hi,

Your recent payment of ₹5,900.05 could not be completed because your bank was unable to complete the payment.

You can complete the payment using the secure payment link provided below.

If you have already completed the payment, please ignore this message.

Thank you.",plink_test_7f99bbbf1db9,https://rzp.io/i/mock_bbbf1db9,created
P00761,5272.62,0.3828675102534645,2018.7148919126219,Medium,Medium,0,GENERATE_PAYMENT_LINK,APPROVED,2026-08-31T00:01:34.683747,Recovery opportunity is suitable for automated customer recovery,"Hi,

Your recent payment of ₹5,272.62 could not be completed because the payment authentication could not be completed.

You can complete the payment using the secure payment link provided below.

If you have already completed the payment, please ignore this message.

Thank you.",plink_test_1a086b5e7f40,https://rzp.io/i/mock_6b5e7f40,created
P07554,7908.86,0.2550904358448914,2017.4745444362277,Medium,High,2,STOP,BLOCKED,2026-08-31T00:01:34.683830,Recovery attempt limit reached or recovery opportunity is not suitable,,,,
P00191,5487.54,0.36689679143946435,2013.3608188957182,Medium,High,1,GENERATE_PAYMENT_LINK,APPROVED,2026-08-31T00:01:34.683869,Recovery opportunity is suitable for automated customer recovery,"Hi,

Your recent payment of ₹5,487.54 could not be completed because a temporary network issue interrupted the payment.

You can complete the payment using the secure payment link provided below.

If you have already completed the payment, please ignore this message.

Thank you.",plink_test_8489bffe545a,https://rzp.io/i/mock_bffe545a,created
P00672,5016.07,0.40133301710786323,2013.1145071242395,Medium,High,0,GENERATE_PAYMENT_LINK,APPROVED,2026-08-31T00:01:34.683918,Recovery opportunity is suitable for automated customer recovery,"Hi,

Your recent payment of ₹5,016.07 could not be completed because the payment authentication could not be completed.

You can complete the payment using the secure payment link provided below.

If you have already completed the payment, please ignore this message.

Thank you.",plink_test_5706ada496df,https://rzp.io/i/mock_ada496df,created
P02526,6512.76,0.30862248974911194,2009.9842063384262,Medium,High,1,GENERATE_PAYMENT_LINK,APPROVED,2026-08-31T00:01:34.684034,Recovery opportunity is suitable for automated customer recovery,"Hi,

Your recent payment of ₹6,512.76 could not be completed because there were insufficient funds to complete the payment.

You can complete the payment using the secure payment link provided below.

If you have already completed the payment, please ignore this message.

Thank you.",plink_test_ab8b0730bf31,https://rzp.io/i/mock_0730bf31,created
P08779,7224.91,0.27818794415265186,2009.8828595879359,Medium,Low,2,STOP,BLOCKED,2026-08-31T00:01:34.684083,Recovery attempt limit reached or recovery opportunity is not suitable,,,,
P01621,5083.83,0.3952797417878771,2009.5350096934633,Medium,Low,0,STOP,BLOCKED,2026-08-31T00:01:34.684114,Recovery attempt limit reached or recovery opportunity is not suitable,,,,
P00845,4630.9,0.43389023491449025,2009.3022888655128,Medium,Medium,0,GENERATE_PAYMENT_LINK,APPROVED,2026-08-31T00:01:34.684143,Recovery opportunity is suitable for automated customer recovery,"Hi,

Your recent payment of ₹4,630.90 could not be completed because there were insufficient funds to complete the payment.

You can complete the payment using the secure payment link provided below.

If you have already completed the payment, please ignore this message.

Thank you.",plink_test_dabf221a9f41,https://rzp.io/i/mock_221a9f41,created
P06623,5682.51,0.35233811309124363,2002.164851022123,Medium,Low,0,STOP,BLOCKED,2026-08-31T00:01:34.684187,Recovery attempt limit reached or recovery opportunity is not suitable,,,,
P03720,4651.84,0.429586757297245,1998.368861065616,Medium,High,0,GENERATE_PAYMENT_LINK,APPROVED,2026-08-31T00:01:34.684216,Recovery opportunity is suitable for automated customer recovery,"Hi,

Your recent payment of ₹4,651.84 could not be completed because the payment authentication could not be completed.

You can complete the payment using the secure payment link provided below.

If you have already completed the payment, please ignore this message.

Thank you.",plink_test_e8037d4ef35c,https://rzp.io/i/mock_7d4ef35c,created
P03027,4639.02,0.4304038886489487,1996.6522475202462,Medium,Medium,0,GENERATE_PAYMENT_LINK,APPROVED,2026-08-31T00:01:34.684264,Recovery opportunity is suitable for automated customer recovery,"Hi,

Your recent payment of ₹4,639.02 could not be completed because your bank was unable to complete the payment.

You can complete the payment using the secure payment link provided below.

If you have already completed the payment, please ignore this message.

Thank you.",plink_test_31feecc0c2ed,https://rzp.io/i/mock_ecc0c2ed,created
P00409,3669.34,0.5433679831781846,1993.8018753950398,Medium,High,0,GENERATE_PAYMENT_LINK,APPROVED,2026-08-31T00:01:34.684307,Recovery opportunity is suitable for automated customer recovery,"Hi,

Your recent payment of ₹3,669.34 could not be completed because there were insufficient funds to complete the payment.

You can complete the payment using the secure payment link provided below.

If you have already completed the payment, please ignore this message.

Thank you.",plink_test_5649c43d9e98,https://rzp.io/i/mock_c43d9e98,created
P06967,4238.87,0.46931186422303883,1989.3519818991126,Medium,Medium,0,GENERATE_PAYMENT_LINK,APPROVED,2026-08-31T00:01:34.684349,Recovery opportunity is suitable for automated customer recovery,"Hi,

Your recent payment of ₹4,238.87 could not be completed because there were insufficient funds to complete the payment.

You can complete the payment using the secure payment link provided below.

If you have already completed the payment, please ignore this message.

Thank you.",plink_test_755bec4c2e7c,https://rzp.io/i/mock_ec4c2e7c,created
P01250,4766.22,0.41726679734643857,1988.7853548485425,Medium,Low,0,STOP,BLOCKED,2026-08-31T00:01:34.684388,Recovery attempt limit reached or recovery opportunity is not suitable,,,,
P00497,4678.08,0.4241471212089199,1984.194164785024,Medium,Medium,0,GENERATE_PAYMENT_LINK,APPROVED,2026-08-31T00:01:34.684415,Recovery opportunity is suitable for automated customer recovery,"Hi,

Your recent payment of ₹4,678.08 could not be completed because a temporary network issue interrupted the payment.

You can complete the payment using the secure payment link provided below.

If you have already completed the payment, please ignore this message.

Thank you.",plink_test_d62df31021bd,https://rzp.io/i/mock_f31021bd,created
P04128,5196.3,0.3813418051588846,1981.5664221471122,Medium,Low,0,STOP,BLOCKED,2026-08-31T00:01:34.684456,Recovery attempt limit reached or recovery opportunity is not suitable,,,,
P06632,4755.62,0.41567485921018105,1976.7916739571212,Medium,Low,0,STOP,BLOCKED,2026-08-31T00:01:34.684483,Recovery attempt limit reached or recovery opportunity is not suitable,,,,
P00496,10679.69,0.1848805312044786,1974.466760299158,Medium,High,1,GENERATE_PAYMENT_LINK,APPROVED,2026-08-31T00:01:34.684510,Recovery opportunity is suitable for automated customer recovery,"Hi,

Your recent payment of ₹10,679.69 could not be completed because your card payment was declined by the issuing bank.

You can complete the payment using the secure payment link provided below.

If you have already completed the payment, please ignore this message.

Thank you.",plink_test_68b54fee7431,https://rzp.io/i/mock_4fee7431,created
P07139,4115.81,0.4785604773668503,1969.6639983512564,Medium,High,0,GENERATE_PAYMENT_LINK,APPROVED,2026-08-31T00:01:34.684552,Recovery opportunity is suitable for automated customer recovery,"Hi,

Your recent payment of ₹4,115.81 could not be completed because a temporary network issue interrupted the payment.

You can complete the payment using the secure payment link provided below.

If you have already completed the payment, please ignore this message.

Thank you.",plink_test_7ef06f1bff98,https://rzp.io/i/mock_6f1bff98,created
P03196,3895.15,0.5054213415860107,1968.6919386787497,Medium,High,0,GENERATE_PAYMENT_LINK,APPROVED,2026-08-31T00:01:34.684592,Recovery opportunity is suitable for automated customer recovery,"Hi,

Your recent payment of ₹3,895.15 could not be completed because your bank was unable to complete the payment.

You can complete the payment using the secure payment link provided below.

If you have already completed the payment, please ignore this message.

Thank you.",plink_test_93137fc0f19d,https://rzp.io/i/mock_7fc0f19d,created
P05216,6021.33,0.3267901894837675,1967.7115716442936,Medium,Low,0,STOP,BLOCKED,2026-08-31T00:01:34.684646,Recovery attempt limit reached or recovery opportunity is not suitable,,,,
P08478,6064.93,0.3236645382502052,1963.0027679698171,Medium,Medium,0,GENERATE_PAYMENT_LINK,APPROVED,2026-08-31T00:01:34.684676,Recovery opportunity is suitable for automated customer recovery,"Hi,

Your recent payment of ₹6,064.93 could not be completed because your card payment was declined by the issuing bank.

You can complete the payment using the secure payment link provided below.

If you have already completed the payment, please ignore this message.

Thank you.",plink_test_15dd55328dc7,https://rzp.io/i/mock_55328dc7,created
P04836,5524.77,0.35524195970509787,1962.6301217199336,Medium,Low,2,STOP,BLOCKED,2026-08-31T00:01:34.684718,Recovery attempt limit reached or recovery opportunity is not suitable,,,,
P00583,8510.03,0.23018795394564256,1958.9063937160367,Medium,Low,0,STOP,BLOCKED,2026-08-31T00:01:34.684746,Recovery attempt limit reached or recovery opportunity is not suitable,,,,
P04485,4836.87,0.4045915247217468,1956.9566081808755,Medium,Medium,1,GENERATE_PAYMENT_LINK,APPROVED,2026-08-31T00:01:34.684773,Recovery opportunity is suitable for automated customer recovery,"Hi,

Your recent payment of ₹4,836.87 could not be completed because a temporary network issue interrupted the payment.

You can complete the payment using the secure payment link provided below.

If you have already completed the payment, please ignore this message.

Thank you.",plink_test_5ccf979647bb,https://rzp.io/i/mock_979647bb,created
P04122,7537.3,0.25942990804335697,1955.4010458951946,Medium,High,0,GENERATE_PAYMENT_LINK,APPROVED,2026-08-31T00:01:34.684816,Recovery opportunity is suitable for automated customer recovery,"Hi,

Your recent payment of ₹7,537.30 could not be completed because your bank was unable to complete the payment.

You can complete the payment using the secure payment link provided below.

If you have already completed the payment, please ignore this message.

Thank you.",plink_test_06dc4c0b15e3,https://rzp.io/i/mock_4c0b15e3,created
P09996,4128.41,0.47264578904418264,1951.275601947894,Medium,High,0,GENERATE_PAYMENT_LINK,APPROVED,2026-08-31T00:01:34.684862,Recovery opportunity is suitable for automated customer recovery,"Hi,

Your recent payment of ₹4,128.41 could not be completed because there were insufficient funds to complete the payment.

You can complete the payment using the secure payment link provided below.

If you have already completed the payment, please ignore this message.

Thank you.",plink_test_bbf7351ff0ca,https://rzp.io/i/mock_351ff0ca,created
P04658,9666.8,0.2008576410136217,1941.650644150478,Medium,Low,0,STOP,BLOCKED,2026-08-31T00:01:34.684902,Recovery attempt limit reached or recovery opportunity is not suitable,,,,
P08681,4454.43,0.435311027563907,1939.0625005114944,Medium,High,1,GENERATE_PAYMENT_LINK,APPROVED,2026-08-31T00:01:34.684930,Recovery opportunity is suitable for automated customer recovery,"Hi,

Your recent payment of ₹4,454.43 could not be completed because your card payment was declined by the issuing bank.

You can complete the payment using the secure payment link provided below.

If you have already completed the payment, please ignore this message.

Thank you.",plink_test_b2658e96969a,https://rzp.io/i/mock_8e96969a,created
P02574,5456.32,0.35492551440816505,1936.587182775559,Medium,Low,0,STOP,BLOCKED,2026-08-31T00:01:34.684970,Recovery attempt limit reached or recovery opportunity is not suitable,,,,
P01946,4657.87,0.415417334356499,1934.959939179106,Medium,Medium,1,GENERATE_PAYMENT_LINK,APPROVED,2026-08-31T00:01:34.684996,Recovery opportunity is suitable for automated customer recovery,"Hi,

Your recent payment of ₹4,657.87 could not be completed because there were insufficient funds to complete the payment.

You can complete the payment using the secure payment link provided below.

If you have already completed the payment, please ignore this message.

Thank you.",plink_test_acafb3235c1a,https://rzp.io/i/mock_b3235c1a,created
P02768,4661.55,0.4143144106900438,1931.3473411521738,Medium,Medium,0,GENERATE_PAYMENT_LINK,APPROVED,2026-08-31T00:01:34.685039,Recovery opportunity is suitable for automated customer recovery,"Hi,

Your recent payment of ₹4,661.55 could not be completed because there were insufficient funds to complete the payment.

You can complete the payment using the secure payment link provided below.

If you have already completed the payment, please ignore this message.

Thank you.",plink_test_ca791cf74b19,https://rzp.io/i/mock_1cf74b19,created
P08769,7203.82,0.2677086303906607,1928.524785780849,Medium,Low,1,STOP,BLOCKED,2026-08-31T00:01:34.685079,Recovery attempt limit reached or recovery opportunity is not suitable,,,,
P02680,4248.89,0.45341917260181464,1926.5281882761244,Medium,Medium,0,GENERATE_PAYMENT_LINK,APPROVED,2026-08-31T00:01:34.685107,Recovery opportunity is suitable for automated customer recovery,"Hi,

Your recent payment of ₹4,248.89 could not be completed because the OTP verification was unsuccessful.

You can complete the payment using the secure payment link provided below.

If you have already completed the payment, please ignore this message.

Thank you.",plink_test_0c79caff51b4,https://rzp.io/i/mock_caff51b4,created
P03425,4652.84,0.4132697267424969,1922.8779153765593,Medium,High,0,GENERATE_PAYMENT_LINK,APPROVED,2026-08-31T00:01:34.685145,Recovery opportunity is suitable for automated customer recovery,"Hi,

Your recent payment of ₹4,652.84 could not be completed because your card appears to have expired.

You can complete the payment using the secure payment link provided below.

If you have already completed the payment, please ignore this message.

Thank you.",plink_test_1e2d4dc2cfa5,https://rzp.io/i/mock_4dc2cfa5,created
P04614,3789.43,0.5066189966593838,1919.7972245109688,Medium,High,0,GENERATE_PAYMENT_LINK,APPROVED,2026-08-31T00:01:34.685184,Recovery opportunity is suitable for automated customer recovery,"Hi,

Your recent payment of ₹3,789.43 could not be completed because there were insufficient funds to complete the payment.

You can complete the payment using the secure payment link provided below.

If you have already completed the payment, please ignore this message.

Thank you.",plink_test_a8fa4974b964,https://rzp.io/i/mock_4974b964,created
P02884,7916.2,0.2424176359055678,1919.026489355656,Medium,Low,2,STOP,BLOCKED,2026-08-31T00:01:34.685226,Recovery attempt limit reached or recovery opportunity is not suitable,,,,
P05942,5791.35,0.33121184674138815,1918.1637286257385,Medium,High,0,GENERATE_PAYMENT_LINK,APPROVED,2026-08-31T00:01:34.685254,Recovery opportunity is suitable for automated customer recovery,"Hi,

Your recent payment of ₹5,791.35 could not be completed because your bank was unable to complete the payment.

You can complete the payment using the secure payment link provided below.

If you have already completed the payment, please ignore this message.

Thank you.",plink_test_a4c18a139f23,https://rzp.io/i/mock_8a139f23,created
P03493,6117.87,0.3134467490000872,1917.6264623051634,Medium,High,0,GENERATE_PAYMENT_LINK,APPROVED,2026-08-31T00:01:34.685295,Recovery opportunity is suitable for automated customer recovery,"Hi,

Your recent payment of ₹6,117.87 could not be completed because the payment authentication could not be completed.

You can complete the payment using the secure payment link provided below.

If you have already completed the payment, please ignore this message.

Thank you.",plink_test_deb726c61b4f,https://rzp.io/i/mock_26c61b4f,created
P00623,5701.47,0.3360421539448654,1915.934259452032,Medium,High,1,GENERATE_PAYMENT_LINK,APPROVED,2026-08-31T00:01:34.685336,Recovery opportunity is suitable for automated customer recovery,"Hi,

Your recent payment of ₹5,701.47 could not be completed because your bank was unable to complete the payment.

You can complete the payment using the secure payment link provided below.

If you have already completed the payment, please ignore this message.

Thank you.",plink_test_8b513f43d59c,https://rzp.io/i/mock_3f43d59c,created
P06259,4099.07,0.46725187040845234,1915.2981244351747,Medium,Medium,0,GENERATE_PAYMENT_LINK,APPROVED,2026-08-31T00:01:34.685377,Recovery opportunity is suitable for automated customer recovery,"Hi,

Your recent payment of ₹4,099.07 could not be completed because there were insufficient funds to complete the payment.

You can complete the payment using the secure payment link provided below.

If you have already completed the payment, please ignore this message.

Thank you.",plink_test_b36c9b86e24a,https://rzp.io/i/mock_9b86e24a,created
P03507,5148.64,0.3716619554831643,1913.5536104788391,Medium,Medium,0,GENERATE_PAYMENT_LINK,APPROVED,2026-08-31T00:01:34.685421,Recovery opportunity is suitable for automated customer recovery,"Hi,

Your recent payment of ₹5,148.64 could not be completed because the OTP verification was unsuccessful.

You can complete the payment using the secure payment link provided below.

If you have already completed the payment, please ignore this message.

Thank you.",plink_test_908ccfbaaf93,https://rzp.io/i/mock_cfbaaf93,created
P03420,4839.29,0.3938310882381484,1905.8628469999892,Medium,Medium,0,GENERATE_PAYMENT_LINK,APPROVED,2026-08-31T00:01:34.685460,Recovery opportunity is suitable for automated customer recovery,"Hi,

Your recent payment of ₹4,839.29 could not be completed because the payment authentication could not be completed.

You can complete the payment using the secure payment link provided below.

If you have already completed the payment, please ignore this message.

Thank you.",plink_test_26ae287fad34,https://rzp.io/i/mock_287fad34,created
P01786,4323.33,0.4401405227586259,1902.87272625805,Medium,Low,2,STOP,BLOCKED,2026-08-31T00:01:34.685497,Recovery attempt limit reached or recovery opportunity is not suitable,,,,
P02632,4068.14,0.46675516403470607,1898.8253530161492,Medium,Medium,1,GENERATE_PAYMENT_LINK,APPROVED,2026-08-31T00:01:34.685523,Recovery opportunity is suitable for automated customer recovery,"Hi,

Your recent payment of ₹4,068.14 could not be completed because there were insufficient funds to complete the payment.

You can complete the payment using the secure payment link provided below.

If you have already completed the payment, please ignore this message.

Thank you.",plink_test_f41b65e4df9b,https://rzp.io/i/mock_65e4df9b,created
P03127,7696.45,0.2464968644516613,1897.1507924089885,Medium,Low,2,STOP,BLOCKED,2026-08-31T00:01:34.685562,Recovery attempt limit reached or recovery opportunity is not suitable,,,,
P06542,4067.69,0.46637792929076594,1897.0808391967557,Medium,High,0,GENERATE_PAYMENT_LINK,APPROVED,2026-08-31T00:01:34.685588,Recovery opportunity is suitable for automated customer recovery,"Hi,

Your recent payment of ₹4,067.69 could not be completed because your bank was unable to complete the payment.

You can complete the payment using the secure payment link provided below.

If you have already completed the payment, please ignore this message.

Thank you.",plink_test_86b9f1a8e1a6,https://rzp.io/i/mock_f1a8e1a6,created
P02454,7333.87,0.2583655813704539,1894.8195862453308,Medium,Medium,1,GENERATE_PAYMENT_LINK,APPROVED,2026-08-31T00:01:34.685625,Recovery opportunity is suitable for automated customer recovery,"Hi,

Your recent payment of ₹7,333.87 could not be completed because your bank was unable to complete the payment.

You can complete the payment using the secure payment link provided below.

If you have already completed the payment, please ignore this message.

Thank you.",plink_test_7fac039196d4,https://rzp.io/i/mock_039196d4,created
P05891,5645.31,0.33534906904951717,1893.14945299593,Medium,Low,0,STOP,BLOCKED,2026-08-31T00:01:34.685663,Recovery attempt limit reached or recovery opportunity is not suitable,,,,
P01045,4474.54,0.42292178374958184,1892.380438258854,Medium,Medium,0,GENERATE_PAYMENT_LINK,APPROVED,2026-08-31T00:01:34.685689,Recovery opportunity is suitable for automated customer recovery,"Hi,

Your recent payment of ₹4,474.54 could not be completed because the payment authentication could not be completed.

You can complete the payment using the secure payment link provided below.

If you have already completed the payment, please ignore this message.

Thank you.",plink_test_da49c9259713,https://rzp.io/i/mock_c9259713,created
P07540,4062.37,0.46581715522114125,1892.3216368557075,Medium,High,0,GENERATE_PAYMENT_LINK,APPROVED,2026-08-31T00:01:34.685728,Recovery opportunity is suitable for automated customer recovery,"Hi,

Your recent payment of ₹4,062.37 could not be completed because the payment authentication could not be completed.

You can complete the payment using the secure payment link provided below.

If you have already completed the payment, please ignore this message.

Thank you.",plink_test_8e6c90784920,https://rzp.io/i/mock_90784920,created
P03401,9615.49,0.19593794336115836,1884.0393350097845,Medium,High,0,GENERATE_PAYMENT_LINK,APPROVED,2026-08-31T00:01:34.685765,Recovery opportunity is suitable for automated customer recovery,"Hi,

Your recent payment of ₹9,615.49 could not be completed because the payment authentication could not be completed.

You can complete the payment using the secure payment link provided below.

If you have already completed the payment, please ignore this message.

Thank you.",plink_test_9159f7b75cc4,https://rzp.io/i/mock_f7b75cc4,created
P07103,3649.93,0.5159511844611648,1883.1857067003393,Medium,Low,0,STOP,BLOCKED,2026-08-31T00:01:34.685802,Recovery attempt limit reached or recovery opportunity is not suitable,,,,
P09861,4689.93,0.40055512330316595,1878.5754894332172,Medium,Medium,1,GENERATE_PAYMENT_LINK,APPROVED,2026-08-31T00:01:34.685828,Recovery opportunity is suitable for automated customer recovery,"Hi,

Your recent payment of ₹4,689.93 could not be completed because there were insufficient funds to complete the payment.

You can complete the payment using the secure payment link provided below.

If you have already completed the payment, please ignore this message.

Thank you.",plink_test_6a9f921aca6a,https://rzp.io/i/mock_921aca6a,created
P00484,5241.18,0.35829884209095814,1877.9087251902881,Medium,Low,0,STOP,BLOCKED,2026-08-31T00:01:34.685866,Recovery attempt limit reached or recovery opportunity is not suitable,,,,
P03708,5440.01,0.3447316175005591,1875.3434465192165,Medium,High,0,GENERATE_PAYMENT_LINK,APPROVED,2026-08-31T00:01:34.685892,Recovery opportunity is suitable for automated customer recovery,"Hi,

Your recent payment of ₹5,440.01 could not be completed because the OTP verification was unsuccessful.

You can complete the payment using the secure payment link provided below.

If you have already completed the payment, please ignore this message.

Thank you.",plink_test_f266db81d252,https://rzp.io/i/mock_db81d252,created
P04151,7918.13,0.23649637621310626,1872.609051384283,Medium,Medium,0,GENERATE_PAYMENT_LINK,APPROVED,2026-08-31T00:01:34.685942,Recovery opportunity is suitable for automated customer recovery,"Hi,

Your recent payment of ₹7,918.13 could not be completed because the payment authentication could not be completed.

You can complete the payment using the secure payment link provided below.

If you have already completed the payment, please ignore this message.

Thank you.",plink_test_9062088f6d73,https://rzp.io/i/mock_088f6d73,created
P07604,5055.96,0.3702423981921908,1871.930755563789,Medium,Low,0,STOP,BLOCKED,2026-08-31T00:01:34.685991,Recovery attempt limit reached or recovery opportunity is not suitable,,,,
P03157,6462.33,0.28960108713365496,1871.4977934164324,Medium,Low,0,STOP,BLOCKED,2026-08-31T00:01:34.686020,Recovery attempt limit reached or recovery opportunity is not suitable,,,,
P04991,4394.35,0.4255039681796269,1869.8133625701435,Medium,High,0,GENERATE_PAYMENT_LINK,APPROVED,2026-08-31T00:01:34.686047,Recovery opportunity is suitable for automated customer recovery,"Hi,

Your recent payment of ₹4,394.35 could not be completed because the payment authentication could not be completed.

You can complete the payment using the secure payment link provided below.

If you have already completed the payment, please ignore this message.

Thank you.",plink_test_01313af32523,https://rzp.io/i/mock_3af32523,created
P03646,4078.2,0.45825907292708107,1868.872151211222,Medium,Low,1,STOP,BLOCKED,2026-08-31T00:01:34.686087,Recovery attempt limit reached or recovery opportunity is not suitable,,,,
P06413,3466.81,0.5390101613575041,1868.6458174958088,Medium,Medium,0,GENERATE_PAYMENT_LINK,APPROVED,2026-08-31T00:01:34.686114,Recovery opportunity is suitable for automated customer recovery,"Hi,

Your recent payment of ₹3,466.81 could not be completed because there were insufficient funds to complete the payment.

You can complete the payment using the secure payment link provided below.

If you have already completed the payment, please ignore this message.

Thank you.",plink_test_13f2df74f888,https://rzp.io/i/mock_df74f888,created
P01791,5117.11,0.36345040988350485,1859.8157269189815,Medium,High,0,GENERATE_PAYMENT_LINK,APPROVED,2026-08-31T00:01:34.686154,Recovery opportunity is suitable for automated customer recovery,"Hi,

Your recent payment of ₹5,117.11 could not be completed because your bank was unable to complete the payment.

You can complete the payment using the secure payment link provided below.

If you have already completed the payment, please ignore this message.

Thank you.",plink_test_a90ca6987084,https://rzp.io/i/mock_a6987084,created
P07056,5908.84,0.3145145041781181,1858.4158828678314,Medium,Low,1,STOP,BLOCKED,2026-08-31T00:01:34.686193,Recovery attempt limit reached or recovery opportunity is not suitable,,,,
P02050,3560.96,0.5210427102129241,1855.4122493598143,Medium,Medium,0,GENERATE_PAYMENT_LINK,APPROVED,2026-08-31T00:01:34.686219,Recovery opportunity is suitable for automated customer recovery,"Hi,

Your recent payment of ₹3,560.96 could not be completed because there were insufficient funds to complete the payment.

You can complete the payment using the secure payment link provided below.

If you have already completed the payment, please ignore this message.

Thank you.",plink_test_ab90fb8ef24b,https://rzp.io/i/mock_fb8ef24b,created
P07193,4850.45,0.3817830233062803,1851.8194653959472,Medium,Medium,0,GENERATE_PAYMENT_LINK,APPROVED,2026-08-31T00:01:34.686257,Recovery opportunity is suitable for automated customer recovery,"Hi,

Your recent payment of ₹4,850.45 could not be completed because your card payment was declined by the issuing bank.

You can complete the payment using the secure payment link provided below.

If you have already completed the payment, please ignore this message.

Thank you.",plink_test_66db259e6012,https://rzp.io/i/mock_259e6012,created
P01931,3894.94,0.47496723490097176,1849.968881905191,Medium,High,0,GENERATE_PAYMENT_LINK,APPROVED,2026-08-31T00:01:34.686295,Recovery opportunity is suitable for automated customer recovery,"Hi,

Your recent payment of ₹3,894.94 could not be completed because the OTP verification was unsuccessful.

You can complete the payment using the secure payment link provided below.

If you have already completed the payment, please ignore this message.

Thank you.",plink_test_1e0f20aed40f,https://rzp.io/i/mock_20aed40f,created
P07707,6773.38,0.2717616792469413,1840.745122977647,Medium,Low,2,STOP,BLOCKED,2026-08-31T00:01:34.686335,Recovery attempt limit reached or recovery opportunity is not suitable,,,,
P00918,3701.75,0.4966825854140837,1838.5947605565843,Medium,High,0,GENERATE_PAYMENT_LINK,APPROVED,2026-08-31T00:01:34.686361,Recovery opportunity is suitable for automated customer recovery,"Hi,

Your recent payment of ₹3,701.75 could not be completed because there were insufficient funds to complete the payment.

You can complete the payment using the secure payment link provided below.

If you have already completed the payment, please ignore this message.

Thank you.",plink_test_2c448320b413,https://rzp.io/i/mock_8320b413,created
P02233,4429.66,0.4134518871799526,1831.4512865655488,Medium,High,1,GENERATE_PAYMENT_LINK,APPROVED,2026-08-31T00:01:34.686399,Recovery opportunity is suitable for automated customer recovery,"Hi,

Your recent payment of ₹4,429.66 could not be completed because the payment authentication could not be completed.

You can complete the payment using the secure payment link provided below.

If you have already completed the payment, please ignore this message.

Thank you.",plink_test_aa161fb062ba,https://rzp.io/i/mock_1fb062ba,created
P06932,3353.66,0.5439771119779798,1824.3142813560717,Medium,Medium,0,GENERATE_PAYMENT_LINK,APPROVED,2026-08-31T00:01:34.686439,Recovery opportunity is suitable for automated customer recovery,"Hi,

Your recent payment of ₹3,353.66 could not be completed because a temporary network issue interrupted the payment.

You can complete the payment using the secure payment link provided below.

If you have already completed the payment, please ignore this message.

Thank you.",plink_test_41a94c87fc71,https://rzp.io/i/mock_4c87fc71,created
P02065,6047.34,0.30122177610782863,1821.5904955279163,Medium,Medium,0,GENERATE_PAYMENT_LINK,APPROVED,2026-08-31T00:01:34.686477,Recovery opportunity is suitable for automated customer recovery,"Hi,

Your recent payment of ₹6,047.34 could not be completed because the payment authentication could not be completed.

You can complete the payment using the secure payment link provided below.

If you have already completed the payment, please ignore this message.

Thank you.",plink_test_2396006f9bab,https://rzp.io/i/mock_006f9bab,created
P06065,5892.25,0.308213729288219,1816.0723463985084,Medium,Medium,0,GENERATE_PAYMENT_LINK,APPROVED,2026-08-31T00:01:34.686514,Recovery opportunity is suitable for automated customer recovery,"Hi,

Your recent payment of ₹5,892.25 could not be completed because the payment authentication could not be completed.

You can complete the payment using the secure payment link provided below.

If you have already completed the payment, please ignore this message.

Thank you.",plink_test_6d3354f437a4,https://rzp.io/i/mock_54f437a4,created
P01356,3903.97,0.4643534536234508,1812.8219523423431,Medium,Low,1,STOP,BLOCKED,2026-08-31T00:01:34.686550,Recovery attempt limit reached or recovery opportunity is not suitable,,,,
P08667,3483.44,0.5200414101701314,1811.5330498430426,Medium,Medium,0,GENERATE_PAYMENT_LINK,APPROVED,2026-08-31T00:01:34.686575,Recovery opportunity is suitable for automated customer recovery,"Hi,

Your recent payment of ₹3,483.44 could not be completed because a temporary network issue interrupted the payment.

You can complete the payment using the secure payment link provided below.

If you have already completed the payment, please ignore this message.

Thank you.",plink_test_106811355108,https://rzp.io/i/mock_11355108,created
P05377,3366.43,0.5380134516392432,1811.1846240018974,Medium,High,1,GENERATE_PAYMENT_LINK,APPROVED,2026-08-31T00:01:34.686614,Recovery opportunity is suitable for automated customer recovery,"Hi,

Your recent payment of ₹3,366.43 could not be completed because there were insufficient funds to complete the payment.

You can complete the payment using the secure payment link provided below.

If you have already completed the payment, please ignore this message.

Thank you.",plink_test_4eec3317c0e5,https://rzp.io/i/mock_3317c0e5,created
P07748,4462.42,0.40558745660521417,1809.90157810424,Medium,Low,0,STOP,BLOCKED,2026-08-31T00:01:34.686651,Recovery attempt limit reached or recovery opportunity is not suitable,,,,
P09282,4513.89,0.39834830625522,1798.1004361223752,Medium,Medium,0,GENERATE_PAYMENT_LINK,APPROVED,2026-08-31T00:01:34.686676,Recovery opportunity is suitable for automated customer recovery,"Hi,

Your recent payment of ₹4,513.89 could not be completed because a temporary network issue interrupted the payment.

You can complete the payment using the secure payment link provided below.

If you have already completed the payment, please ignore this message.

Thank you.",plink_test_e61f2989a108,https://rzp.io/i/mock_2989a108,created
P02014,3733.84,0.48120728475530267,1796.7510081107393,Medium,Low,0,STOP,BLOCKED,2026-08-31T00:01:34.686713,Recovery attempt limit reached or recovery opportunity is not suitable,,,,
P02595,7186.7,0.24996614048127658,1796.4316617967904,Medium,Medium,1,GENERATE_PAYMENT_LINK,APPROVED,2026-08-31T00:01:34.686737,Recovery opportunity is suitable for automated customer recovery,"Hi,

Your recent payment of ₹7,186.70 could not be completed because the payment authentication could not be completed.

You can complete the payment using the secure payment link provided below.

If you have already completed the payment, please ignore this message.

Thank you.",plink_test_0a80f4ed72ea,https://rzp.io/i/mock_f4ed72ea,created
P09116,4101.14,0.43787514797687493,1795.787284373881,Medium,Medium,0,GENERATE_PAYMENT_LINK,APPROVED,2026-08-31T00:01:34.686773,Recovery opportunity is suitable for automated customer recovery,"Hi,

Your recent payment of ₹4,101.14 could not be completed because your bank was unable to complete the payment.

You can complete the payment using the secure payment link provided below.

If you have already completed the payment, please ignore this message.

Thank you.",plink_test_f067b4a19ce4,https://rzp.io/i/mock_b4a19ce4,created
P01620,5867.5,0.3059946395793913,1795.4235477320785,Medium,High,0,GENERATE_PAYMENT_LINK,APPROVED,2026-08-31T00:01:34.686810,Recovery opportunity is suitable for automated customer recovery,"Hi,

Your recent payment of ₹5,867.50 could not be completed because the payment authentication could not be completed.

You can complete the payment using the secure payment link provided below.

If you have already completed the payment, please ignore this message.

Thank you.",plink_test_000da559d98e,https://rzp.io/i/mock_a559d98e,created
P02928,4466.67,0.4012557556096283,1792.2770459088583,Medium,Medium,0,GENERATE_PAYMENT_LINK,APPROVED,2026-08-31T00:01:34.686847,Recovery opportunity is suitable for automated customer recovery,"Hi,

Your recent payment of ₹4,466.67 could not be completed because there were insufficient funds to complete the payment.

You can complete the payment using the secure payment link provided below.

If you have already completed the payment, please ignore this message.

Thank you.",plink_test_f60d659c751a,https://rzp.io/i/mock_659c751a,created
P04001,4962.59,0.3610117521127066,1791.5533109169967,Medium,Low,0,STOP,BLOCKED,2026-08-31T00:01:34.686884,Recovery attempt limit reached or recovery opportunity is not suitable,,,,
P03134,6818.98,0.2623596870981786,1789.0254591287378,Medium,Medium,2,STOP,BLOCKED,2026-08-31T00:01:34.686911,Recovery attempt limit reached or recovery opportunity is not suitable,,,,
P07566,3335.45,0.5348901514148788,1784.0993555367575,Medium,High,0,GENERATE_PAYMENT_LINK,APPROVED,2026-08-31T00:01:34.686936,Recovery opportunity is suitable for automated customer recovery,"Hi,

Your recent payment of ₹3,335.45 could not be completed because there were insufficient funds to complete the payment.

You can complete the payment using the secure payment link provided below.

If you have already completed the payment, please ignore this message.

Thank you.",plink_test_17db54c9f748,https://rzp.io/i/mock_54c9f748,created
P03249,5318.6,0.33544396405619403,1784.0922672292736,Medium,High,1,GENERATE_PAYMENT_LINK,APPROVED,2026-08-31T00:01:34.686974,Recovery opportunity is suitable for automated customer recovery,"Hi,

Your recent payment of ₹5,318.60 could not be completed because the payment authentication could not be completed.

You can complete the payment using the secure payment link provided below.

If you have already completed the payment, please ignore this message.

Thank you.",plink_test_f3764cb963ef,https://rzp.io/i/mock_4cb963ef,created
P06388,5383.27,0.33092628334307495,1781.4655333322753,Medium,High,0,GENERATE_PAYMENT_LINK,APPROVED,2026-08-31T00:01:34.687010,Recovery opportunity is suitable for automated customer recovery,"Hi,

Your recent payment of ₹5,383.27 could not be completed because your bank was unable to complete the payment.

You can complete the payment using the secure payment link provided below.

If you have already completed the payment, please ignore this message.

Thank you.",plink_test_5fedc1c81858,https://rzp.io/i/mock_c1c81858,created
P08816,8917.98,0.19928129614580087,1777.1866134023292,Medium,High,1,GENERATE_PAYMENT_LINK,APPROVED,2026-08-31T00:01:34.687047,Recovery opportunity is suitable for automated customer recovery,"Hi,

Your recent payment of ₹8,917.98 could not be completed because your card appears to have expired.

You can complete the payment using the secure payment link provided below.

If you have already completed the payment, please ignore this message.

Thank you.",plink_test_c82af593aafe,https://rzp.io/i/mock_f593aafe,created
P09726,4125.41,0.4306596553015258,1776.6476485774674,Medium,Medium,1,GENERATE_PAYMENT_LINK,APPROVED,2026-08-31T00:01:34.687085,Recovery opportunity is suitable for automated customer recovery,"Hi,

Your recent payment of ₹4,125.41 could not be completed because a temporary network issue interrupted the payment.

You can complete the payment using the secure payment link provided below.

If you have already completed the payment, please ignore this message.

Thank you.",plink_test_abfd3908ffdf,https://rzp.io/i/mock_3908ffdf,created
P05943,3349.34,0.5302482102120814,1775.9815403917326,Medium,Medium,0,GENERATE_PAYMENT_LINK,APPROVED,2026-08-31T00:01:34.687123,Recovery opportunity is suitable for automated customer recovery,"Hi,

Your recent payment of ₹3,349.34 could not be completed because there were insufficient funds to complete the payment.

You can complete the payment using the secure payment link provided below.

If you have already completed the payment, please ignore this message.

Thank you.",plink_test_3c7f149987f6,https://rzp.io/i/mock_149987f6,created
P09975,6714.6,0.2643424313850364,1774.9536897779653,Medium,High,0,GENERATE_PAYMENT_LINK,APPROVED,2026-08-31T00:01:34.687161,Recovery opportunity is suitable for automated customer recovery,"Hi,

Your recent payment of ₹6,714.60 could not be completed because your card payment was declined by the issuing bank.

You can complete the payment using the secure payment link provided below.

If you have already completed the payment, please ignore this message.

Thank you.",plink_test_ad621a27b358,https://rzp.io/i/mock_1a27b358,created
P01642,3742.34,0.4740100746310091,1773.9068626946107,Medium,Low,0,STOP,BLOCKED,2026-08-31T00:01:34.687199,Recovery attempt limit reached or recovery opportunity is not suitable,,,,
P08945,4602.15,0.3852167299358276,1772.825173674169,Medium,High,0,GENERATE_PAYMENT_LINK,APPROVED,2026-08-31T00:01:34.687225,Recovery opportunity is suitable for automated customer recovery,"Hi,

Your recent payment of ₹4,602.15 could not be completed because your card appears to have expired.

You can complete the payment using the secure payment link provided below.

If you have already completed the payment, please ignore this message.

Thank you.",plink_test_22fde9ab8ff8,https://rzp.io/i/mock_e9ab8ff8,created
P09208,6186.67,0.2864009446541111,1771.8681322632494,Medium,Medium,2,STOP,BLOCKED,2026-08-31T00:01:34.687262,Recovery attempt limit reached or recovery opportunity is not suitable,,,,
P07261,3817.43,0.46285138670299414,1766.9027691416109,Medium,Medium,0,GENERATE_PAYMENT_LINK,APPROVED,2026-08-31T00:01:34.687287,Recovery opportunity is suitable for automated customer recovery,"Hi,

Your recent payment of ₹3,817.43 could not be completed because there were insufficient funds to complete the payment.

You can complete the payment using the secure payment link provided below.

If you have already completed the payment, please ignore this message.

Thank you.",plink_test_61c8a1ef946b,https://rzp.io/i/mock_a1ef946b,created
P04246,4111.61,0.42915177075415784,1764.5047121505027,Medium,Medium,0,GENERATE_PAYMENT_LINK,APPROVED,2026-08-31T00:01:34.687323,Recovery opportunity is suitable for automated customer recovery,"Hi,

Your recent payment of ₹4,111.61 could not be completed because your bank was unable to complete the payment.

You can complete the payment using the secure payment link provided below.

If you have already completed the payment, please ignore this message.

Thank you.",plink_test_a33ef7253797,https://rzp.io/i/mock_f7253797,created
P06136,5382.29,0.3277162819937453,1763.8640674121154,Medium,Low,0,STOP,BLOCKED,2026-08-31T00:01:34.687361,Recovery attempt limit reached or recovery opportunity is not suitable,,,,
P09478,3501.62,0.5036465482591278,1763.5788263151271,Medium,Low,0,STOP,BLOCKED,2026-08-31T00:01:34.687385,Recovery attempt limit reached or recovery opportunity is not suitable,,,,
P04302,3807.24,0.46274838443727795,1761.794159164982,Medium,Low,0,STOP,BLOCKED,2026-08-31T00:01:34.687409,Recovery attempt limit reached or recovery opportunity is not suitable,,,,
P01278,3829.32,0.45958102550130014,1759.8828125726388,Medium,High,0,GENERATE_PAYMENT_LINK,APPROVED,2026-08-31T00:01:34.687433,Recovery opportunity is suitable for automated customer recovery,"Hi,

Your recent payment of ₹3,829.32 could not be completed because the payment authentication could not be completed.

You can complete the payment using the secure payment link provided below.

If you have already completed the payment, please ignore this message.

Thank you.",plink_test_e456e9298310,https://rzp.io/i/mock_e9298310,created
P00046,4758.16,0.3696040628550687,1758.6352677144737,Medium,Medium,0,GENERATE_PAYMENT_LINK,APPROVED,2026-08-31T00:01:34.687475,Recovery opportunity is suitable for automated customer recovery,"Hi,

Your recent payment of ₹4,758.16 could not be completed because your bank was unable to complete the payment.

You can complete the payment using the secure payment link provided below.

If you have already completed the payment, please ignore this message.

Thank you.",plink_test_8ceeaf919b76,https://rzp.io/i/mock_af919b76,created
P04994,4487.4,0.3918857692249274,1758.548200819939,Medium,High,0,GENERATE_PAYMENT_LINK,APPROVED,2026-08-31T00:01:34.687513,Recovery opportunity is suitable for automated customer recovery,"Hi,

Your recent payment of ₹4,487.40 could not be completed because the payment authentication could not be completed.

You can complete the payment using the secure payment link provided below.

If you have already completed the payment, please ignore this message.

Thank you.",plink_test_15e4fa027e76,https://rzp.io/i/mock_fa027e76,created
P05651,3884.59,0.45231331240137107,1757.0517702212421,Medium,Medium,0,GENERATE_PAYMENT_LINK,APPROVED,2026-08-31T00:01:34.687550,Recovery opportunity is suitable for automated customer recovery,"Hi,

Your recent payment of ₹3,884.59 could not be completed because there were insufficient funds to complete the payment.

You can complete the payment using the secure payment link provided below.

If you have already completed the payment, please ignore this message.

Thank you.",plink_test_b7d02fadc195,https://rzp.io/i/mock_2fadc195,created
P05491,5462.84,0.321194691376674,1754.6352078401499,Medium,Medium,0,GENERATE_PAYMENT_LINK,APPROVED,2026-08-31T00:01:34.687587,Recovery opportunity is suitable for automated customer recovery,"Hi,

Your recent payment of ₹5,462.84 could not be completed because the OTP verification was unsuccessful.

You can complete the payment using the secure payment link provided below.

If you have already completed the payment, please ignore this message.

Thank you.",plink_test_902909ea7ecf,https://rzp.io/i/mock_09ea7ecf,created
P01177,4971.63,0.35254037242799546,1752.7002917741952,Medium,Medium,0,GENERATE_PAYMENT_LINK,APPROVED,2026-08-31T00:01:34.687624,Recovery opportunity is suitable for automated customer recovery,"Hi,

Your recent payment of ₹4,971.63 could not be completed because the OTP verification was unsuccessful.

You can complete the payment using the secure payment link provided below.

If you have already completed the payment, please ignore this message.

Thank you.",plink_test_084c9d4a0402,https://rzp.io/i/mock_9d4a0402,created
P01246,7623.97,0.22926373515193652,1747.8998388863095,Medium,Medium,2,STOP,BLOCKED,2026-08-31T00:01:34.687664,Recovery attempt limit reached or recovery opportunity is not suitable,,,,
P02457,3288.74,0.5313291722939424,1747.40350208998,Medium,Medium,0,GENERATE_PAYMENT_LINK,APPROVED,2026-08-31T00:01:34.687692,Recovery opportunity is suitable for automated customer recovery,"Hi,

Your recent payment of ₹3,288.74 could not be completed because there were insufficient funds to complete the payment.

You can complete the payment using the secure payment link provided below.

If you have already completed the payment, please ignore this message.

Thank you.",plink_test_bc138cdf4552,https://rzp.io/i/mock_8cdf4552,created
P05590,4265.74,0.4093376877354081,1746.1281480804396,Medium,Low,0,STOP,BLOCKED,2026-08-31T00:01:34.687734,Recovery attempt limit reached or recovery opportunity is not suitable,,,,
P03334,3752.45,0.46312287929005586,1737.84544839197,Medium,Medium,0,GENERATE_PAYMENT_LINK,APPROVED,2026-08-31T00:01:34.687761,Recovery opportunity is suitable for automated customer recovery,"Hi,

Your recent payment of ₹3,752.45 could not be completed because the payment authentication could not be completed.

You can complete the payment using the secure payment link provided below.

If you have already completed the payment, please ignore this message.

Thank you.",plink_test_6b536b5513f9,https://rzp.io/i/mock_6b5513f9,created
P05127,6093.9,0.2849322424375963,1736.348592190468,Medium,Medium,2,STOP,BLOCKED,2026-08-31T00:01:34.687799,Recovery attempt limit reached or recovery opportunity is not suitable,,,,
P05237,3811.31,0.45461422153850806,1732.6757286919312,Medium,Medium,0,GENERATE_PAYMENT_LINK,APPROVED,2026-08-31T00:01:34.687825,Recovery opportunity is suitable for automated customer recovery,"Hi,

Your recent payment of ₹3,811.31 could not be completed because a temporary network issue interrupted the payment.

You can complete the payment using the secure payment link provided below.

If you have already completed the payment, please ignore this message.

Thank you.",plink_test_f6a643fd45d1,https://rzp.io/i/mock_43fd45d1,created
P06644,4116.51,0.4196264562592311,1727.3965034556875,Medium,High,1,GENERATE_PAYMENT_LINK,APPROVED,2026-08-31T00:01:34.687864,Recovery opportunity is suitable for automated customer recovery,"Hi,

Your recent payment of ₹4,116.51 could not be completed because there were insufficient funds to complete the payment.

You can complete the payment using the secure payment link provided below.

If you have already completed the payment, please ignore this message.

Thank you.",plink_test_be666713aaaf,https://rzp.io/i/mock_6713aaaf,created
P00357,5838.14,0.2957724840942061,1726.7611702897484,Medium,High,0,GENERATE_PAYMENT_LINK,APPROVED,2026-08-31T00:01:34.687901,Recovery opportunity is suitable for automated customer recovery,"Hi,

Your recent payment of ₹5,838.14 could not be completed because the payment authentication could not be completed.

You can complete the payment using the secure payment link provided below.

If you have already completed the payment, please ignore this message.

Thank you.",plink_test_4078da2c2e79,https://rzp.io/i/mock_da2c2e79,created
P07127,3860.18,0.4461159785730469,1722.0879781681042,Medium,Medium,0,GENERATE_PAYMENT_LINK,APPROVED,2026-08-31T00:01:34.687946,Recovery opportunity is suitable for automated customer recovery,"Hi,

Your recent payment of ₹3,860.18 could not be completed because your bank was unable to complete the payment.

You can complete the payment using the secure payment link provided below.

If you have already completed the payment, please ignore this message.

Thank you.",plink_test_251cf2cc73d3,https://rzp.io/i/mock_f2cc73d3,created
P05141,3193.99,0.5389464102623174,1721.389444913739,Medium,Low,0,STOP,BLOCKED,2026-08-31T00:01:34.687995,Recovery attempt limit reached or recovery opportunity is not suitable,,,,
P09288,5392.41,0.31867718177396126,1718.4380217697264,Medium,Medium,1,GENERATE_PAYMENT_LINK,APPROVED,2026-08-31T00:01:34.688024,Recovery opportunity is suitable for automated customer recovery,"Hi,

Your recent payment of ₹5,392.41 could not be completed because your card appears to have expired.

You can complete the payment using the secure payment link provided below.

If you have already completed the payment, please ignore this message.

Thank you.",plink_test_3a42e19fc0b2,https://rzp.io/i/mock_e19fc0b2,created
P02332,5016.02,0.34169220903522635,1713.9349543648761,Medium,Low,0,STOP,BLOCKED,2026-08-31T00:01:34.688066,Recovery attempt limit reached or recovery opportunity is not suitable,,,,
P09634,3818.41,0.4483183833847829,1711.863398300289,Medium,Medium,0,GENERATE_PAYMENT_LINK,APPROVED,2026-08-31T00:01:34.688093,Recovery opportunity is suitable for automated customer recovery,"Hi,

Your recent payment of ₹3,818.41 could not be completed because the OTP verification was unsuccessful.

You can complete the payment using the secure payment link provided below.

If you have already completed the payment, please ignore this message.

Thank you.",plink_test_373b4846e297,https://rzp.io/i/mock_4846e297,created
P09275,5282.63,0.32396647218207925,1711.3950049432174,Medium,Low,0,STOP,BLOCKED,2026-08-31T00:01:34.688134,Recovery attempt limit reached or recovery opportunity is not suitable,,,,
P08596,3421.53,0.5000400915767133,1710.9021745324717,Medium,High,0,GENERATE_PAYMENT_LINK,APPROVED,2026-08-31T00:01:34.689746,Recovery opportunity is suitable for automated customer recovery,"Hi,

Your recent payment of ₹3,421.53 could not be completed because there were insufficient funds to complete the payment.

You can complete the payment using the secure payment link provided below.

If you have already completed the payment, please ignore this message.

Thank you.",plink_test_cc712ced02f0,https://rzp.io/i/mock_2ced02f0,created
P01729,6102.22,0.28028924881072986,1710.386659877812,Medium,Medium,2,STOP,BLOCKED,2026-08-31T00:01:34.690122,Recovery attempt limit reached or recovery opportunity is not suitable,,,,
P08370,4079.25,0.4192621021747878,1710.2749302965033,Medium,High,0,GENERATE_PAYMENT_LINK,APPROVED,2026-08-31T00:01:34.690201,Recovery opportunity is suitable for automated customer recovery,"Hi,

Your recent payment of ₹4,079.25 could not be completed because your bank was unable to complete the payment.

You can complete the payment using the secure payment link provided below.

If you have already completed the payment, please ignore this message.

Thank you.",plink_test_4ff55f780065,https://rzp.io/i/mock_5f780065,created
P04440,5051.03,0.33817948609928244,1708.1547296720585,Medium,Low,1,STOP,BLOCKED,2026-08-31T00:01:34.690364,Recovery attempt limit reached or recovery opportunity is not suitable,,,,
P04985,5254.17,0.3249417463184032,1707.2991752537646,Medium,Low,0,STOP,BLOCKED,2026-08-31T00:01:34.690407,Recovery attempt limit reached or recovery opportunity is not suitable,,,,
P08549,5160.47,0.32973439429496165,1701.5844497273208,Medium,Medium,1,GENERATE_PAYMENT_LINK,APPROVED,2026-08-31T00:01:34.690441,Recovery opportunity is suitable for automated customer recovery,"Hi,

Your recent payment of ₹5,160.47 could not be completed because the payment authentication could not be completed.

You can complete the payment using the secure payment link provided below.

If you have already completed the payment, please ignore this message.

Thank you.",plink_test_ff017afd4d81,https://rzp.io/i/mock_7afd4d81,created
P05014,3493.15,0.48634555022953324,1698.8779587842942,Medium,Low,0,STOP,BLOCKED,2026-08-31T00:01:34.690503,Recovery attempt limit reached or recovery opportunity is not suitable,,,,
P04185,3263.84,0.5200202644764647,1697.2629400088645,Medium,High,0,GENERATE_PAYMENT_LINK,APPROVED,2026-08-31T00:01:34.690539,Recovery opportunity is suitable for automated customer recovery,"Hi,

Your recent payment of ₹3,263.84 could not be completed because there were insufficient funds to complete the payment.

You can complete the payment using the secure payment link provided below.

If you have already completed the payment, please ignore this message.

Thank you.",plink_test_768a1340fda8,https://rzp.io/i/mock_1340fda8,created
P03368,3596.57,0.4718045805997719,1696.8782004477218,Medium,Medium,1,GENERATE_PAYMENT_LINK,APPROVED,2026-08-31T00:01:34.690590,Recovery opportunity is suitable for automated customer recovery,"Hi,

Your recent payment of ₹3,596.57 could not be completed because there were insufficient funds to complete the payment.

You can complete the payment using the secure payment link provided below.

If you have already completed the payment, please ignore this message.

Thank you.",plink_test_2b3214f7d3c1,https://rzp.io/i/mock_14f7d3c1,created
P06624,3476.48,0.48577319013949516,1688.7807800561523,Medium,High,0,GENERATE_PAYMENT_LINK,APPROVED,2026-08-31T00:01:34.690639,Recovery opportunity is suitable for automated customer recovery,"Hi,

Your recent payment of ₹3,476.48 could not be completed because there were insufficient funds to complete the payment.

You can complete the payment using the secure payment link provided below.

If you have already completed the payment, please ignore this message.

Thank you.",plink_test_961682cee16f,https://rzp.io/i/mock_82cee16f,created
P03634,4378.96,0.38541294004853416,1687.707847954929,Medium,Medium,1,GENERATE_PAYMENT_LINK,APPROVED,2026-08-31T00:01:34.690684,Recovery opportunity is suitable for automated customer recovery,"Hi,

Your recent payment of ₹4,378.96 could not be completed because there were insufficient funds to complete the payment.

You can complete the payment using the secure payment link provided below.

If you have already completed the payment, please ignore this message.

Thank you.",plink_test_704d11d44c01,https://rzp.io/i/mock_11d44c01,created
P07245,5673.48,0.2964954263593361,1682.1608715411662,Medium,Medium,1,GENERATE_PAYMENT_LINK,APPROVED,2026-08-31T00:01:34.690730,Recovery opportunity is suitable for automated customer recovery,"Hi,

Your recent payment of ₹5,673.48 could not be completed because your bank was unable to complete the payment.

You can complete the payment using the secure payment link provided below.

If you have already completed the payment, please ignore this message.

Thank you.",plink_test_aff2452914f2,https://rzp.io/i/mock_452914f2,created
P02722,4350.37,0.38666499436632007,1682.1357915414078,Medium,High,0,GENERATE_PAYMENT_LINK,APPROVED,2026-08-31T00:01:34.690806,Recovery opportunity is suitable for automated customer recovery,"Hi,

Your recent payment of ₹4,350.37 could not be completed because your card appears to have expired.

You can complete the payment using the secure payment link provided below.

If you have already completed the payment, please ignore this message.

Thank you.",plink_test_4869f8f7c87e,https://rzp.io/i/mock_f8f7c87e,created
P07134,4310.83,0.39007557918387037,1681.549509013204,Medium,Medium,0,GENERATE_PAYMENT_LINK,APPROVED,2026-08-31T00:01:34.690880,Recovery opportunity is suitable for automated customer recovery,"Hi,

Your recent payment of ₹4,310.83 could not be completed because the payment authentication could not be completed.

You can complete the payment using the secure payment link provided below.

If you have already completed the payment, please ignore this message.

Thank you.",plink_test_e7fed5746b26,https://rzp.io/i/mock_d5746b26,created
P09672,5186.18,0.324153732759533,1681.1196057628351,Medium,Medium,0,GENERATE_PAYMENT_LINK,APPROVED,2026-08-31T00:01:34.690929,Recovery opportunity is suitable for automated customer recovery,"Hi,

Your recent payment of ₹5,186.18 could not be completed because there were insufficient funds to complete the payment.

You can complete the payment using the secure payment link provided below.

If you have already completed the payment, please ignore this message.

Thank you.",plink_test_9f0601f40086,https://rzp.io/i/mock_01f40086,created
P05029,3253.15,0.516523328831119,1680.3278671869546,Medium,Medium,0,GENERATE_PAYMENT_LINK,APPROVED,2026-08-31T00:01:34.690972,Recovery opportunity is suitable for automated customer recovery,"Hi,

Your recent payment of ₹3,253.15 could not be completed because there were insufficient funds to complete the payment.

You can complete the payment using the secure payment link provided below.

If you have already completed the payment, please ignore this message.

Thank you.",plink_test_ca8e8ebaa375,https://rzp.io/i/mock_8ebaa375,created
P05353,3354.05,0.5002328503531555,1677.8059917270011,Medium,Low,0,STOP,BLOCKED,2026-08-31T00:01:34.691014,Recovery attempt limit reached or recovery opportunity is not suitable,,,,
P00109,5257.86,0.3186773585620436,1675.5609364890265,Medium,Low,0,STOP,BLOCKED,2026-08-31T00:01:34.691052,Recovery attempt limit reached or recovery opportunity is not suitable,,,,
P04290,4856.21,0.34476664659002876,1674.2592368369635,Medium,Medium,2,STOP,BLOCKED,2026-08-31T00:01:34.691087,Recovery attempt limit reached or recovery opportunity is not suitable,,,,
P02897,3804.98,0.4390367058261189,1670.525884934266,Medium,Low,0,STOP,BLOCKED,2026-08-31T00:01:34.691115,Recovery attempt limit reached or recovery opportunity is not suitable,,,,
P05901,6126.92,0.27256517168962036,1669.9850017285687,Medium,Low,0,STOP,BLOCKED,2026-08-31T00:01:34.691142,Recovery attempt limit reached or recovery opportunity is not suitable,,,,
P09242,6251.95,0.26710661875006847,1669.9372250944905,Medium,High,1,GENERATE_PAYMENT_LINK,APPROVED,2026-08-31T00:01:34.691169,Recovery opportunity is suitable for automated customer recovery,"Hi,

Your recent payment of ₹6,251.95 could not be completed because your card payment was declined by the issuing bank.

You can complete the payment using the secure payment link provided below.

If you have already completed the payment, please ignore this message.

Thank you.",plink_test_35aec8d911be,https://rzp.io/i/mock_c8d911be,created
P04345,3469.05,0.47901841459083794,1661.7388311363463,Medium,High,0,GENERATE_PAYMENT_LINK,APPROVED,2026-08-31T00:01:34.691223,Recovery opportunity is suitable for automated customer recovery,"Hi,

Your recent payment of ₹3,469.05 could not be completed because there were insufficient funds to complete the payment.

You can complete the payment using the secure payment link provided below.

If you have already completed the payment, please ignore this message.

Thank you.",plink_test_04ed38472d52,https://rzp.io/i/mock_38472d52,created
P08464,3927.57,0.42268779475743284,1660.1359020554505,Medium,High,0,GENERATE_PAYMENT_LINK,APPROVED,2026-08-31T00:01:34.691269,Recovery opportunity is suitable for automated customer recovery,"Hi,

Your recent payment of ₹3,927.57 could not be completed because your bank was unable to complete the payment.

You can complete the payment using the secure payment link provided below.

If you have already completed the payment, please ignore this message.

Thank you.",plink_test_41317e06b07e,https://rzp.io/i/mock_7e06b07e,created
P04187,3171.81,0.5226634315013456,1657.789098670283,Medium,High,0,GENERATE_PAYMENT_LINK,APPROVED,2026-08-31T00:01:34.691320,Recovery opportunity is suitable for automated customer recovery,"Hi,

Your recent payment of ₹3,171.81 could not be completed because there were insufficient funds to complete the payment.

You can complete the payment using the secure payment link provided below.

If you have already completed the payment, please ignore this message.

Thank you.",plink_test_456e9c500843,https://rzp.io/i/mock_9c500843,created
P02169,5111.31,0.3243062301683062,1657.6296773215652,Medium,Medium,1,GENERATE_PAYMENT_LINK,APPROVED,2026-08-31T00:01:34.691389,Recovery opportunity is suitable for automated customer recovery,"Hi,

Your recent payment of ₹5,111.31 could not be completed because your card appears to have expired.

You can complete the payment using the secure payment link provided below.

If you have already completed the payment, please ignore this message.

Thank you.",plink_test_4d8d495f1e99,https://rzp.io/i/mock_495f1e99,created
P00803,5519.56,0.300257486042926,1657.2892096630928,Medium,Medium,2,STOP,BLOCKED,2026-08-31T00:01:34.691469,Recovery attempt limit reached or recovery opportunity is not suitable,,,,
P02966,3804.76,0.4342621282742753,1652.2631751728318,Medium,High,2,STOP,BLOCKED,2026-08-31T00:01:34.691545,Recovery attempt limit reached or recovery opportunity is not suitable,,,,
P09300,7107.34,0.23216007711841796,1650.0406025068169,Medium,Medium,1,GENERATE_PAYMENT_LINK,APPROVED,2026-08-31T00:01:34.691590,Recovery opportunity is suitable for automated customer recovery,"Hi,

Your recent payment of ₹7,107.34 could not be completed because your card payment was declined by the issuing bank.

You can complete the payment using the secure payment link provided below.

If you have already completed the payment, please ignore this message.

Thank you.",plink_test_e2c60953af72,https://rzp.io/i/mock_0953af72,created
P08115,4813.8,0.3427234406095079,1649.802098406049,Medium,High,1,GENERATE_PAYMENT_LINK,APPROVED,2026-08-31T00:01:34.691660,Recovery opportunity is suitable for automated customer recovery,"Hi,

Your recent payment of ₹4,813.80 could not be completed because there were insufficient funds to complete the payment.

You can complete the payment using the secure payment link provided below.

If you have already completed the payment, please ignore this message.

Thank you.",plink_test_a07b9e4d5c3a,https://rzp.io/i/mock_9e4d5c3a,created
P00494,5971.87,0.2761110736171461,1648.8994372020263,Medium,Medium,1,GENERATE_PAYMENT_LINK,APPROVED,2026-08-31T00:01:34.691727,Recovery opportunity is suitable for automated customer recovery,"Hi,

Your recent payment of ₹5,971.87 could not be completed because a temporary network issue interrupted the payment.

You can complete the payment using the secure payment link provided below.

If you have already completed the payment, please ignore this message.

Thank you.",plink_test_693f75dee322,https://rzp.io/i/mock_75dee322,created
P09932,7272.19,0.2263331772334831,1645.9378681455632,Medium,Low,2,STOP,BLOCKED,2026-08-31T00:01:34.691796,Recovery attempt limit reached or recovery opportunity is not suitable,,,,
P08687,3050.14,0.5387536066121712,1643.2739256720479,Medium,Low,0,STOP,BLOCKED,2026-08-31T00:01:34.691844,Recovery attempt limit reached or recovery opportunity is not suitable,,,,
P09923,3327.72,0.4936006357583784,1642.564707625871,Medium,High,0,GENERATE_PAYMENT_LINK,APPROVED,2026-08-31T00:01:34.691889,Recovery opportunity is suitable for automated customer recovery,"Hi,

Your recent payment of ₹3,327.72 could not be completed because there were insufficient funds to complete the payment.

You can complete the payment using the secure payment link provided below.

If you have already completed the payment, please ignore this message.

Thank you.",plink_test_a22f213b29c5,https://rzp.io/i/mock_213b29c5,created
P06696,3486.04,0.47019422833822405,1639.1158877561825,Medium,High,0,GENERATE_PAYMENT_LINK,APPROVED,2026-08-31T00:01:34.691984,Recovery opportunity is suitable for automated customer recovery,"Hi,

Your recent payment of ₹3,486.04 could not be completed because a temporary network issue interrupted the payment.

You can complete the payment using the secure payment link provided below.

If you have already completed the payment, please ignore this message.

Thank you.",plink_test_fbef03eddd71,https://rzp.io/i/mock_03eddd71,created
P07605,4607.56,0.35562459147153036,1638.5616426805645,Medium,High,0,GENERATE_PAYMENT_LINK,APPROVED,2026-08-31T00:01:34.692066,Recovery opportunity is suitable for automated customer recovery,"Hi,

Your recent payment of ₹4,607.56 could not be completed because the payment authentication could not be completed.

You can complete the payment using the secure payment link provided below.

If you have already completed the payment, please ignore this message.

Thank you.",plink_test_ffc3f7b27fdd,https://rzp.io/i/mock_f7b27fdd,created
P02152,3212.41,0.5093982048283322,1636.3958871725827,Medium,Low,0,STOP,BLOCKED,2026-08-31T00:01:34.692156,Recovery attempt limit reached or recovery opportunity is not suitable,,,,
P09517,5405.02,0.3023856017837503,1634.4002253532062,Medium,High,1,GENERATE_PAYMENT_LINK,APPROVED,2026-08-31T00:01:34.692207,Recovery opportunity is suitable for automated customer recovery,"Hi,

Your recent payment of ₹5,405.02 could not be completed because the payment authentication could not be completed.

You can complete the payment using the secure payment link provided below.

If you have already completed the payment, please ignore this message.

Thank you.",plink_test_87ff06dbe920,https://rzp.io/i/mock_06dbe920,created
P04629,3442.7,0.47423634016959737,1632.6534483018727,Medium,Medium,0,GENERATE_PAYMENT_LINK,APPROVED,2026-08-31T00:01:34.692277,Recovery opportunity is suitable for automated customer recovery,"Hi,

Your recent payment of ₹3,442.70 could not be completed because there were insufficient funds to complete the payment.

You can complete the payment using the secure payment link provided below.

If you have already completed the payment, please ignore this message.

Thank you.",plink_test_f7c5b7d6d534,https://rzp.io/i/mock_b7d6d534,created
P09909,4910.32,0.3318925195664275,1629.6984766774203,Medium,Medium,0,GENERATE_PAYMENT_LINK,APPROVED,2026-08-31T00:01:34.692345,Recovery opportunity is suitable for automated customer recovery,"Hi,

Your recent payment of ₹4,910.32 could not be completed because a temporary network issue interrupted the payment.

You can complete the payment using the secure payment link provided below.

If you have already completed the payment, please ignore this message.

Thank you.",plink_test_047e76eafad0,https://rzp.io/i/mock_76eafad0,created
P01713,4693.98,0.3441359332067988,1615.3671877540494,Medium,High,0,GENERATE_PAYMENT_LINK,APPROVED,2026-08-31T00:01:34.692414,Recovery opportunity is suitable for automated customer recovery,"Hi,

Your recent payment of ₹4,693.98 could not be completed because the payment authentication could not be completed.

You can complete the payment using the secure payment link provided below.

If you have already completed the payment, please ignore this message.

Thank you.",plink_test_f3514b57063c,https://rzp.io/i/mock_4b57063c,created
P02767,6088.22,0.2650585235594871,1613.7346043053408,Medium,Medium,1,GENERATE_PAYMENT_LINK,APPROVED,2026-08-31T00:01:34.692482,Recovery opportunity is suitable for automated customer recovery,"Hi,

Your recent payment of ₹6,088.22 could not be completed because your card appears to have expired.

You can complete the payment using the secure payment link provided below.

If you have already completed the payment, please ignore this message.

Thank you.",plink_test_aeca7ec51936,https://rzp.io/i/mock_7ec51936,created
P09731,4671.6,0.3453137309331198,1613.1676254271624,Medium,Medium,2,STOP,BLOCKED,2026-08-31T00:01:34.692555,Recovery attempt limit reached or recovery opportunity is not suitable,,,,
P07749,2916.46,0.5513863459699913,1608.0962225676408,Medium,Low,0,STOP,BLOCKED,2026-08-31T00:01:34.692602,Recovery attempt limit reached or recovery opportunity is not suitable,,,,
P01125,2875.14,0.5587073454549568,1606.3618372113644,Medium,Low,0,STOP,BLOCKED,2026-08-31T00:01:34.692645,Recovery attempt limit reached or recovery opportunity is not suitable,,,,
P02687,5215.59,0.30797292032385143,1606.2604835118764,Medium,High,0,GENERATE_PAYMENT_LINK,APPROVED,2026-08-31T00:01:34.692703,Recovery opportunity is suitable for automated customer recovery,"Hi,

Your recent payment of ₹5,215.59 could not be completed because the payment authentication could not be completed.

You can complete the payment using the secure payment link provided below.

If you have already completed the payment, please ignore this message.

Thank you.",plink_test_9d30f3b9b305,https://rzp.io/i/mock_f3b9b305,created
P03321,4415.84,0.3635594069027549,1605.4201713774612,Medium,High,0,GENERATE_PAYMENT_LINK,APPROVED,2026-08-31T00:01:34.692776,Recovery opportunity is suitable for automated customer recovery,"Hi,

Your recent payment of ₹4,415.84 could not be completed because your card payment was declined by the issuing bank.

You can complete the payment using the secure payment link provided below.

If you have already completed the payment, please ignore this message.

Thank you.",plink_test_3d81534dcb4c,https://rzp.io/i/mock_534dcb4c,created
P08989,3927.66,0.40867879645438904,1605.1513616820455,Medium,Medium,0,GENERATE_PAYMENT_LINK,APPROVED,2026-08-31T00:01:34.692844,Recovery opportunity is suitable for automated customer recovery,"Hi,

Your recent payment of ₹3,927.66 could not be completed because a temporary network issue interrupted the payment.

You can complete the payment using the secure payment link provided below.

If you have already completed the payment, please ignore this message.

Thank you.",plink_test_709a332bd85d,https://rzp.io/i/mock_332bd85d,created
P03588,3502.65,0.4580895034883744,1604.5271993935546,Medium,Medium,0,GENERATE_PAYMENT_LINK,APPROVED,2026-08-31T00:01:34.692913,Recovery opportunity is suitable for automated customer recovery,"Hi,

Your recent payment of ₹3,502.65 could not be completed because the OTP verification was unsuccessful.

You can complete the payment using the secure payment link provided below.

If you have already completed the payment, please ignore this message.

Thank you.",plink_test_6910864d55ee,https://rzp.io/i/mock_864d55ee,created
P01029,4158.67,0.38525337022981276,1602.1416331736154,Medium,Medium,0,GENERATE_PAYMENT_LINK,APPROVED,2026-08-31T00:01:34.692981,Recovery opportunity is suitable for automated customer recovery,"Hi,

Your recent payment of ₹4,158.67 could not be completed because your card appears to have expired.

You can complete the payment using the secure payment link provided below.

If you have already completed the payment, please ignore this message.

Thank you.",plink_test_c97ece88d498,https://rzp.io/i/mock_ce88d498,created
P04196,3757.57,0.4258780086427974,1600.2664289359163,Medium,Medium,0,GENERATE_PAYMENT_LINK,APPROVED,2026-08-31T00:01:34.693048,Recovery opportunity is suitable for automated customer recovery,"Hi,

Your recent payment of ₹3,757.57 could not be completed because the payment authentication could not be completed.

You can complete the payment using the secure payment link provided below.

If you have already completed the payment, please ignore this message.

Thank you.",plink_test_e8c1d5185260,https://rzp.io/i/mock_d5185260,created
P05133,3684.54,0.43413203879010887,1599.5768622037076,Medium,Low,2,STOP,BLOCKED,2026-08-31T00:01:34.693114,Recovery attempt limit reached or recovery opportunity is not suitable,,,,
P00303,5420.34,0.2945263421675418,1596.4329135044136,Medium,Low,0,STOP,BLOCKED,2026-08-31T00:01:34.693159,Recovery attempt limit reached or recovery opportunity is not suitable,,,,
P02097,6187.98,0.2577972618901701,1595.2443006311346,Medium,Medium,1,GENERATE_PAYMENT_LINK,APPROVED,2026-08-31T00:01:34.693205,Recovery opportunity is suitable for automated customer recovery,"Hi,

Your recent payment of ₹6,187.98 could not be completed because your card appears to have expired.

You can complete the payment using the secure payment link provided below.

If you have already completed the payment, please ignore this message.

Thank you.",plink_test_f8ae3c2ab064,https://rzp.io/i/mock_3c2ab064,created
P07359,3380.51,0.471825744431841,1595.0116473092828,Medium,Low,0,STOP,BLOCKED,2026-08-31T00:01:34.693290,Recovery attempt limit reached or recovery opportunity is not suitable,,,,
P01925,6706.91,0.2375064463241434,1592.9343599158606,Medium,High,1,GENERATE_PAYMENT_LINK,APPROVED,2026-08-31T00:01:34.693338,Recovery opportunity is suitable for automated customer recovery,"Hi,

Your recent payment of ₹6,706.91 could not be completed because your bank was unable to complete the payment.

You can complete the payment using the secure payment link provided below.

If you have already completed the payment, please ignore this message.

Thank you.",plink_test_709effc0c3b2,https://rzp.io/i/mock_ffc0c3b2,created
P05855,4672.57,0.3405410158880651,1591.2017346080963,Medium,Medium,0,GENERATE_PAYMENT_LINK,APPROVED,2026-08-31T00:01:34.693405,Recovery opportunity is suitable for automated customer recovery,"Hi,

Your recent payment of ₹4,672.57 could not be completed because your bank was unable to complete the payment.

You can complete the payment using the secure payment link provided below.

If you have already completed the payment, please ignore this message.

Thank you.",plink_test_6e1e30259846,https://rzp.io/i/mock_30259846,created
P06823,6761.35,0.2348816245154917,1588.1168719178197,Medium,Medium,1,GENERATE_PAYMENT_LINK,APPROVED,2026-08-31T00:01:34.693470,Recovery opportunity is suitable for automated customer recovery,"Hi,

Your recent payment of ₹6,761.35 could not be completed because your card appears to have expired.

You can complete the payment using the secure payment link provided below.

If you have already completed the payment, please ignore this message.

Thank you.",plink_test_dc76b5016fdc,https://rzp.io/i/mock_b5016fdc,created
P07106,3190.02,0.4976344435209048,1587.4638275205568,Medium,Medium,0,GENERATE_PAYMENT_LINK,APPROVED,2026-08-31T00:01:34.693537,Recovery opportunity is suitable for automated customer recovery,"Hi,

Your recent payment of ₹3,190.02 could not be completed because your bank was unable to complete the payment.

You can complete the payment using the secure payment link provided below.

If you have already completed the payment, please ignore this message.

Thank you.",plink_test_1b48893f4ccb,https://rzp.io/i/mock_893f4ccb,created
P05522,4280.54,0.3707847315907999,1587.1588749636826,Medium,Medium,0,GENERATE_PAYMENT_LINK,APPROVED,2026-08-31T00:01:34.693603,Recovery opportunity is suitable for automated customer recovery,"Hi,

Your recent payment of ₹4,280.54 could not be completed because there were insufficient funds to complete the payment.

You can complete the payment using the secure payment link provided below.

If you have already completed the payment, please ignore this message.

Thank you.",plink_test_53a5b4ec4204,https://rzp.io/i/mock_b4ec4204,created
P03025,4807.82,0.3296304908831772,1584.8040666779568,Medium,Low,1,STOP,BLOCKED,2026-08-31T00:01:34.693669,Recovery attempt limit reached or recovery opportunity is not suitable,,,,
P02364,3026.24,0.5221726095556924,1580.2196379418185,Medium,Medium,0,GENERATE_PAYMENT_LINK,APPROVED,2026-08-31T00:01:34.693712,Recovery opportunity is suitable for automated customer recovery,"Hi,

Your recent payment of ₹3,026.24 could not be completed because a temporary network issue interrupted the payment.

You can complete the payment using the secure payment link provided below.

If you have already completed the payment, please ignore this message.

Thank you.",plink_test_0e93d1ab3177,https://rzp.io/i/mock_d1ab3177,created
P02030,7530.35,0.20982109836479057,1580.0263080713007,Medium,High,2,STOP,BLOCKED,2026-08-31T00:01:34.693779,Recovery attempt limit reached or recovery opportunity is not suitable,,,,
P03459,3056.0,0.5166098089879818,1578.7595762672725,Medium,Low,1,STOP,BLOCKED,2026-08-31T00:01:34.693824,Recovery attempt limit reached or recovery opportunity is not suitable,,,,
P08273,3235.64,0.48157946172799343,1558.2177695455646,Medium,Medium,0,GENERATE_PAYMENT_LINK,APPROVED,2026-08-31T00:01:34.693868,Recovery opportunity is suitable for automated customer recovery,"Hi,

Your recent payment of ₹3,235.64 could not be completed because the payment authentication could not be completed.

You can complete the payment using the secure payment link provided below.

If you have already completed the payment, please ignore this message.

Thank you.",plink_test_abf5dd1233c9,https://rzp.io/i/mock_dd1233c9,created
P08533,3274.9,0.4738008776301069,1551.6504941508372,Medium,High,1,GENERATE_PAYMENT_LINK,APPROVED,2026-08-31T00:01:34.693936,Recovery opportunity is suitable for automated customer recovery,"Hi,

Your recent payment of ₹3,274.90 could not be completed because a temporary network issue interrupted the payment.

You can complete the payment using the secure payment link provided below.

If you have already completed the payment, please ignore this message.

Thank you.",plink_test_c929ce82c1b8,https://rzp.io/i/mock_ce82c1b8,created
P09515,3288.24,0.4708080860157304,1548.1299807603652,Medium,High,0,GENERATE_PAYMENT_LINK,APPROVED,2026-08-31T00:01:34.694002,Recovery opportunity is suitable for automated customer recovery,"Hi,

Your recent payment of ₹3,288.24 could not be completed because the payment authentication could not be completed.

You can complete the payment using the secure payment link provided below.

If you have already completed the payment, please ignore this message.

Thank you.",plink_test_ed269a521c1e,https://rzp.io/i/mock_9a521c1e,created
P07069,5108.32,0.3019379551216831,1542.395694907196,Medium,Medium,1,GENERATE_PAYMENT_LINK,APPROVED,2026-08-31T00:01:34.694083,Recovery opportunity is suitable for automated customer recovery,"Hi,

Your recent payment of ₹5,108.32 could not be completed because a temporary network issue interrupted the payment.

You can complete the payment using the secure payment link provided below.

If you have already completed the payment, please ignore this message.

Thank you.",plink_test_771266f37f36,https://rzp.io/i/mock_66f37f36,created
P08055,5028.58,0.3065332206161346,1541.426822525882,Medium,High,2,STOP,BLOCKED,2026-08-31T00:01:34.694165,Recovery attempt limit reached or recovery opportunity is not suitable,,,,
P09409,4802.56,0.32094450840974703,1541.355258308315,Medium,Medium,0,GENERATE_PAYMENT_LINK,APPROVED,2026-08-31T00:01:34.694214,Recovery opportunity is suitable for automated customer recovery,"Hi,

Your recent payment of ₹4,802.56 could not be completed because your bank was unable to complete the payment.

You can complete the payment using the secure payment link provided below.

If you have already completed the payment, please ignore this message.

Thank you.",plink_test_d32cb8077de4,https://rzp.io/i/mock_b8077de4,created
P09748,5105.32,0.30187037735288574,1541.1448749072345,Medium,High,1,GENERATE_PAYMENT_LINK,APPROVED,2026-08-31T00:01:34.694285,Recovery opportunity is suitable for automated customer recovery,"Hi,

Your recent payment of ₹5,105.32 could not be completed because your card payment was declined by the issuing bank.

You can complete the payment using the secure payment link provided below.

If you have already completed the payment, please ignore this message.

Thank you.",plink_test_87f69c9c4fc5,https://rzp.io/i/mock_9c9c4fc5,created
P01728,4897.11,0.31467533687850197,1540.9997389810806,Medium,High,0,GENERATE_PAYMENT_LINK,APPROVED,2026-08-31T00:01:34.694354,Recovery opportunity is suitable for automated customer recovery,"Hi,

Your recent payment of ₹4,897.11 could not be completed because the payment authentication could not be completed.

You can complete the payment using the secure payment link provided below.

If you have already completed the payment, please ignore this message.

Thank you.",plink_test_93b73d5fcd8e,https://rzp.io/i/mock_3d5fcd8e,created
P08598,2970.62,0.5179406132714235,1538.6047445963559,Medium,Low,1,STOP,BLOCKED,2026-08-31T00:01:34.694425,Recovery attempt limit reached or recovery opportunity is not suitable,,,,
P04721,2867.21,0.5363534976077392,1537.838111875886,Medium,Medium,0,GENERATE_PAYMENT_LINK,APPROVED,2026-08-31T00:01:34.694471,Recovery opportunity is suitable for automated customer recovery,"Hi,

Your recent payment of ₹2,867.21 could not be completed because there were insufficient funds to complete the payment.

You can complete the payment using the secure payment link provided below.

If you have already completed the payment, please ignore this message.

Thank you.",plink_test_34264873bfee,https://rzp.io/i/mock_4873bfee,created
P07281,4174.36,0.36812118272206185,1536.670340307666,Medium,Medium,2,STOP,BLOCKED,2026-08-31T00:01:34.694541,Recovery attempt limit reached or recovery opportunity is not suitable,,,,
P03809,3008.87,0.5100523025353813,1534.6810715296326,Medium,Medium,0,GENERATE_PAYMENT_LINK,APPROVED,2026-08-31T00:01:34.694586,Recovery opportunity is suitable for automated customer recovery,"Hi,

Your recent payment of ₹3,008.87 could not be completed because your bank was unable to complete the payment.

You can complete the payment using the secure payment link provided below.

If you have already completed the payment, please ignore this message.

Thank you.",plink_test_ef296b6a9653,https://rzp.io/i/mock_6b6a9653,created
P07517,5580.21,0.2736681229680701,1527.1255964676543,Medium,Medium,0,GENERATE_PAYMENT_LINK,APPROVED,2026-08-31T00:01:34.694656,Recovery opportunity is suitable for automated customer recovery,"Hi,

Your recent payment of ₹5,580.21 could not be completed because your bank was unable to complete the payment.

You can complete the payment using the secure payment link provided below.

If you have already completed the payment, please ignore this message.

Thank you.",plink_test_0c96fb5d2d40,https://rzp.io/i/mock_fb5d2d40,created
P00157,10752.01,0.14196896548462193,1526.45173658031,Medium,Medium,1,GENERATE_PAYMENT_LINK,APPROVED,2026-08-31T00:01:34.694727,Recovery opportunity is suitable for automated customer recovery,"Hi,

Your recent payment of ₹10,752.01 could not be completed because the payment authentication could not be completed.

You can complete the payment using the secure payment link provided below.

If you have already completed the payment, please ignore this message.

Thank you.",plink_test_52db96b58c3e,https://rzp.io/i/mock_96b58c3e,created
P00322,3715.29,0.4107540131885764,1526.070277659386,Medium,Medium,0,GENERATE_PAYMENT_LINK,APPROVED,2026-08-31T00:01:34.694798,Recovery opportunity is suitable for automated customer recovery,"Hi,

Your recent payment of ₹3,715.29 could not be completed because the payment authentication could not be completed.

You can complete the payment using the secure payment link provided below.

If you have already completed the payment, please ignore this message.

Thank you.",plink_test_52fddcbd0cfb,https://rzp.io/i/mock_dcbd0cfb,created
P01694,3827.32,0.398102115253254,1523.6641877510842,Medium,Low,1,STOP,BLOCKED,2026-08-31T00:01:34.694865,Recovery attempt limit reached or recovery opportunity is not suitable,,,,
P06751,4588.05,0.3318287454788813,1522.4468756943813,Medium,Low,0,STOP,BLOCKED,2026-08-31T00:01:34.694912,Recovery attempt limit reached or recovery opportunity is not suitable,,,,
P08646,6802.05,0.22375846739578292,1522.0162831494852,Medium,Low,0,STOP,BLOCKED,2026-08-31T00:01:34.694960,Recovery attempt limit reached or recovery opportunity is not suitable,,,,
P05307,5944.98,0.2557317974045394,1520.3204209340383,Medium,High,1,GENERATE_PAYMENT_LINK,APPROVED,2026-08-31T00:01:34.695006,Recovery opportunity is suitable for automated customer recovery,"Hi,

Your recent payment of ₹5,944.98 could not be completed because the OTP verification was unsuccessful.

You can complete the payment using the secure payment link provided below.

If you have already completed the payment, please ignore this message.

Thank you.",plink_test_4683c489b99c,https://rzp.io/i/mock_c489b99c,created
P02196,2876.52,0.5271283943478193,1516.2953689093893,Medium,Medium,0,GENERATE_PAYMENT_LINK,APPROVED,2026-08-31T00:01:34.695078,Recovery opportunity is suitable for automated customer recovery,"Hi,

Your recent payment of ₹2,876.52 could not be completed because there were insufficient funds to complete the payment.

You can complete the payment using the secure payment link provided below.

If you have already completed the payment, please ignore this message.

Thank you.",plink_test_b63c755d9a93,https://rzp.io/i/mock_755d9a93,created
P07736,3627.03,0.41785138820296885,1515.5595205538143,Medium,Medium,0,GENERATE_PAYMENT_LINK,APPROVED,2026-08-31T00:01:34.695158,Recovery opportunity is suitable for automated customer recovery,"Hi,

Your recent payment of ₹3,627.03 could not be completed because the payment authentication could not be completed.

You can complete the payment using the secure payment link provided below.

If you have already completed the payment, please ignore this message.

Thank you.",plink_test_19da86ca124b,https://rzp.io/i/mock_86ca124b,created
P01124,3534.81,0.4287258411994828,1515.464390730344,Medium,Medium,1,GENERATE_PAYMENT_LINK,APPROVED,2026-08-31T00:01:34.695231,Recovery opportunity is suitable for automated customer recovery,"Hi,

Your recent payment of ₹3,534.81 could not be completed because there were insufficient funds to complete the payment.

You can complete the payment using the secure payment link provided below.

If you have already completed the payment, please ignore this message.

Thank you.",plink_test_26369cd02222,https://rzp.io/i/mock_9cd02222,created
P09429,3284.26,0.4612025656292849,1514.7091381936355,Medium,Low,0,STOP,BLOCKED,2026-08-31T00:01:34.695299,Recovery attempt limit reached or recovery opportunity is not suitable,,,,
P07034,5617.65,0.2693285576271858,1512.9935717543603,Medium,Medium,0,GENERATE_PAYMENT_LINK,APPROVED,2026-08-31T00:01:34.695343,Recovery opportunity is suitable for automated customer recovery,"Hi,

Your recent payment of ₹5,617.65 could not be completed because your card payment was declined by the issuing bank.

You can complete the payment using the secure payment link provided below.

If you have already completed the payment, please ignore this message.

Thank you.",plink_test_24b7b2bbc2d9,https://rzp.io/i/mock_b2bbc2d9,created
P02626,3759.63,0.40127474393670515,1508.6445655467548,Medium,Low,1,STOP,BLOCKED,2026-08-31T00:01:34.695410,Recovery attempt limit reached or recovery opportunity is not suitable,,,,
P06294,4498.76,0.334869249909838,1506.496386724383,Medium,High,0,GENERATE_PAYMENT_LINK,APPROVED,2026-08-31T00:01:34.695460,Recovery opportunity is suitable for automated customer recovery,"Hi,

Your recent payment of ₹4,498.76 could not be completed because the payment authentication could not be completed.

You can complete the payment using the secure payment link provided below.

If you have already completed the payment, please ignore this message.

Thank you.",plink_test_2d672b68e82b,https://rzp.io/i/mock_2b68e82b,created
P09580,3355.76,0.4485619487279564,1505.266245063327,Medium,Medium,0,GENERATE_PAYMENT_LINK,APPROVED,2026-08-31T00:01:34.695529,Recovery opportunity is suitable for automated customer recovery,"Hi,

Your recent payment of ₹3,355.76 could not be completed because your bank was unable to complete the payment.

You can complete the payment using the secure payment link provided below.

If you have already completed the payment, please ignore this message.

Thank you.",plink_test_05545f8b579b,https://rzp.io/i/mock_5f8b579b,created
P02096,3349.19,0.4479433705704368,1500.2474572808012,Medium,Low,0,STOP,BLOCKED,2026-08-31T00:01:34.695593,Recovery attempt limit reached or recovery opportunity is not suitable,,,,
P07539,3334.19,0.4499007528806546,1500.0545912471498,Medium,Low,0,STOP,BLOCKED,2026-08-31T00:01:34.695638,Recovery attempt limit reached or recovery opportunity is not suitable,,,,
P03800,3106.02,0.4820755721641582,1497.3363686533187,Medium,Medium,0,GENERATE_PAYMENT_LINK,APPROVED,2026-08-31T00:01:34.695679,Recovery opportunity is suitable for automated customer recovery,"Hi,

Your recent payment of ₹3,106.02 could not be completed because a temporary network issue interrupted the payment.

You can complete the payment using the secure payment link provided below.

If you have already completed the payment, please ignore this message.

Thank you.",plink_test_4daf0b716ca1,https://rzp.io/i/mock_0b716ca1,created
P09609,5124.56,0.2920327328720843,1496.5392615669684,Medium,Medium,1,GENERATE_PAYMENT_LINK,APPROVED,2026-08-31T00:01:34.695746,Recovery opportunity is suitable for automated customer recovery,"Hi,

Your recent payment of ₹5,124.56 could not be completed because your card appears to have expired.

You can complete the payment using the secure payment link provided below.

If you have already completed the payment, please ignore this message.

Thank you.",plink_test_e5b6f0d5362d,https://rzp.io/i/mock_f0d5362d,created
P02266,5057.08,0.29581311429948,1495.950584061614,Medium,Low,1,STOP,BLOCKED,2026-08-31T00:01:34.695819,Recovery attempt limit reached or recovery opportunity is not suitable,,,,
P06117,2960.52,0.5052596095419957,1495.831179241269,Medium,Medium,0,GENERATE_PAYMENT_LINK,APPROVED,2026-08-31T00:01:34.695864,Recovery opportunity is suitable for automated customer recovery,"Hi,

Your recent payment of ₹2,960.52 could not be completed because there were insufficient funds to complete the payment.

You can complete the payment using the secure payment link provided below.

If you have already completed the payment, please ignore this message.

Thank you.",plink_test_d2a52c320493,https://rzp.io/i/mock_2c320493,created
P01073,2996.33,0.4989495772341692,1495.0175867540581,Medium,Low,0,STOP,BLOCKED,2026-08-31T00:01:34.695928,Recovery attempt limit reached or recovery opportunity is not suitable,,,,
P03055,4158.83,0.35922438835588993,1493.9531630261258,Medium,High,1,GENERATE_PAYMENT_LINK,APPROVED,2026-08-31T00:01:34.695970,Recovery opportunity is suitable for automated customer recovery,"Hi,

Your recent payment of ₹4,158.83 could not be completed because your bank was unable to complete the payment.

You can complete the payment using the secure payment link provided below.

If you have already completed the payment, please ignore this message.

Thank you.",plink_test_27a05654f009,https://rzp.io/i/mock_5654f009,created
P00169,2938.39,0.5080560775861401,1492.8668978183382,Medium,Medium,0,GENERATE_PAYMENT_LINK,APPROVED,2026-08-31T00:01:34.696039,Recovery opportunity is suitable for automated customer recovery,"Hi,

Your recent payment of ₹2,938.39 could not be completed because there were insufficient funds to complete the payment.

You can complete the payment using the secure payment link provided below.

If you have already completed the payment, please ignore this message.

Thank you.",plink_test_72845c1ea772,https://rzp.io/i/mock_5c1ea772,created
P04723,3598.92,0.41336081476414,1487.6525034709587,Medium,Medium,0,GENERATE_PAYMENT_LINK,APPROVED,2026-08-31T00:01:34.696131,Recovery opportunity is suitable for automated customer recovery,"Hi,

Your recent payment of ₹3,598.92 could not be completed because your bank was unable to complete the payment.

You can complete the payment using the secure payment link provided below.

If you have already completed the payment, please ignore this message.

Thank you.",plink_test_bf21535454ae,https://rzp.io/i/mock_535454ae,created
P06009,4231.14,0.35143207080497213,1486.95829206575,Medium,Medium,1,GENERATE_PAYMENT_LINK,APPROVED,2026-08-31T00:01:34.696203,Recovery opportunity is suitable for automated customer recovery,"Hi,

Your recent payment of ₹4,231.14 could not be completed because your bank was unable to complete the payment.

You can complete the payment using the secure payment link provided below.

If you have already completed the payment, please ignore this message.

Thank you.",plink_test_019db54cb424,https://rzp.io/i/mock_b54cb424,created
P08657,2995.56,0.49632429754712964,1486.7692127602797,Medium,High,1,GENERATE_PAYMENT_LINK,APPROVED,2026-08-31T00:01:34.696272,Recovery opportunity is suitable for automated customer recovery,"Hi,

Your recent payment of ₹2,995.56 could not be completed because there were insufficient funds to complete the payment.

You can complete the payment using the secure payment link provided below.

If you have already completed the payment, please ignore this message.

Thank you.",plink_test_e8c5009a8860,https://rzp.io/i/mock_009a8860,created
P07851,2788.61,0.5329106017327289,1486.079833097905,Medium,Medium,0,GENERATE_PAYMENT_LINK,APPROVED,2026-08-31T00:01:34.696339,Recovery opportunity is suitable for automated customer recovery,"Hi,

Your recent payment of ₹2,788.61 could not be completed because the OTP verification was unsuccessful.

You can complete the payment using the secure payment link provided below.

If you have already completed the payment, please ignore this message.

Thank you.",plink_test_ea6aa69fc24a,https://rzp.io/i/mock_a69fc24a,created
P03837,2831.05,0.5241612345961993,1483.9266632035703,Medium,Low,0,STOP,BLOCKED,2026-08-31T00:01:34.696401,Recovery attempt limit reached or recovery opportunity is not suitable,,,,
P03895,4944.31,0.30007200095345776,1483.6489950341909,Medium,Medium,0,GENERATE_PAYMENT_LINK,APPROVED,2026-08-31T00:01:34.696446,Recovery opportunity is suitable for automated customer recovery,"Hi,

Your recent payment of ₹4,944.31 could not be completed because your card appears to have expired.

You can complete the payment using the secure payment link provided below.

If you have already completed the payment, please ignore this message.

Thank you.",plink_test_411e0f542e85,https://rzp.io/i/mock_0f542e85,created
P01379,2733.68,0.5426855437129818,1483.528617137304,Medium,Medium,0,GENERATE_PAYMENT_LINK,APPROVED,2026-08-31T00:01:34.696511,Recovery opportunity is suitable for automated customer recovery,"Hi,

Your recent payment of ₹2,733.68 could not be completed because a temporary network issue interrupted the payment.

You can complete the payment using the secure payment link provided below.

If you have already completed the payment, please ignore this message.

Thank you.",plink_test_bdc971860866,https://rzp.io/i/mock_71860866,created
P06305,3210.74,0.46202024287787025,1483.426874617693,Medium,High,0,GENERATE_PAYMENT_LINK,APPROVED,2026-08-31T00:01:34.696576,Recovery opportunity is suitable for automated customer recovery,"Hi,

Your recent payment of ₹3,210.74 could not be completed because there were insufficient funds to complete the payment.

You can complete the payment using the secure payment link provided below.

If you have already completed the payment, please ignore this message.

Thank you.",plink_test_399201f902cb,https://rzp.io/i/mock_01f902cb,created
P02965,4947.39,0.2991766581586945,1480.1436068077437,Medium,High,1,GENERATE_PAYMENT_LINK,APPROVED,2026-08-31T00:01:34.696636,Recovery opportunity is suitable for automated customer recovery,"Hi,

Your recent payment of ₹4,947.39 could not be completed because your bank was unable to complete the payment.

You can complete the payment using the secure payment link provided below.

If you have already completed the payment, please ignore this message.

Thank you.",plink_test_21de3259b70a,https://rzp.io/i/mock_3259b70a,created
P05023,3179.42,0.46322878470381196,1472.7988626629938,Medium,Medium,0,GENERATE_PAYMENT_LINK,APPROVED,2026-08-31T00:01:34.696704,Recovery opportunity is suitable for automated customer recovery,"Hi,

Your recent payment of ₹3,179.42 could not be completed because the payment authentication could not be completed.

You can complete the payment using the secure payment link provided below.

If you have already completed the payment, please ignore this message.

Thank you.",plink_test_6c478888a76c,https://rzp.io/i/mock_8888a76c,created
P05986,4186.29,0.3514797092539854,1471.3959920528666,Medium,High,2,STOP,BLOCKED,2026-08-31T00:01:34.696768,Recovery attempt limit reached or recovery opportunity is not suitable,,,,
P04313,3768.28,0.3903527531799996,1470.958472753129,Medium,Medium,0,GENERATE_PAYMENT_LINK,APPROVED,2026-08-31T00:01:34.696812,Recovery opportunity is suitable for automated customer recovery,"Hi,

Your recent payment of ₹3,768.28 could not be completed because a temporary network issue interrupted the payment.

You can complete the payment using the secure payment link provided below.

If you have already completed the payment, please ignore this message.

Thank you.",plink_test_5625f112943b,https://rzp.io/i/mock_f112943b,created
P07887,4823.59,0.3047879418251574,1470.172068308411,Medium,Medium,1,GENERATE_PAYMENT_LINK,APPROVED,2026-08-31T00:01:34.696877,Recovery opportunity is suitable for automated customer recovery,"Hi,

Your recent payment of ₹4,823.59 could not be completed because the payment authentication could not be completed.

You can complete the payment using the secure payment link provided below.

If you have already completed the payment, please ignore this message.

Thank you.",plink_test_444dd112357b,https://rzp.io/i/mock_d112357b,created
P02802,2986.09,0.4921664708642247,1469.6533769829528,Medium,Medium,0,GENERATE_PAYMENT_LINK,APPROVED,2026-08-31T00:01:34.696942,Recovery opportunity is suitable for automated customer recovery,"Hi,

Your recent payment of ₹2,986.09 could not be completed because the OTP verification was unsuccessful.

You can complete the payment using the secure payment link provided below.

If you have already completed the payment, please ignore this message.

Thank you.",plink_test_6ef3fc50c36d,https://rzp.io/i/mock_fc50c36d,created
P05477,2852.66,0.5150949769067386,1469.3908368227767,Medium,Medium,0,GENERATE_PAYMENT_LINK,APPROVED,2026-08-31T00:01:34.697234,Recovery opportunity is suitable for automated customer recovery,"Hi,

Your recent payment of ₹2,852.66 could not be completed because a temporary network issue interrupted the payment.

You can complete the payment using the secure payment link provided below.

If you have already completed the payment, please ignore this message.

Thank you.",plink_test_eb4422410065,https://rzp.io/i/mock_22410065,created
P08163,5440.41,0.2698096835005141,1467.8753002130318,Medium,Low,2,STOP,BLOCKED,2026-08-31T00:01:34.697365,Recovery attempt limit reached or recovery opportunity is not suitable,,,,
P09953,2777.04,0.5284109854447313,1467.4184430194366,Medium,High,0,GENERATE_PAYMENT_LINK,APPROVED,2026-08-31T00:01:34.697421,Recovery opportunity is suitable for automated customer recovery,"Hi,

Your recent payment of ₹2,777.04 could not be completed because the OTP verification was unsuccessful.

You can complete the payment using the secure payment link provided below.

If you have already completed the payment, please ignore this message.

Thank you.",plink_test_aa44636a061a,https://rzp.io/i/mock_636a061a,created
P07890,5281.18,0.27730257711517925,1464.4848242091425,Medium,Low,0,STOP,BLOCKED,2026-08-31T00:01:34.697558,Recovery attempt limit reached or recovery opportunity is not suitable,,,,
P07722,3097.33,0.47159049025858923,1460.671373192636,Medium,High,0,GENERATE_PAYMENT_LINK,APPROVED,2026-08-31T00:01:34.697670,Recovery opportunity is suitable for automated customer recovery,"Hi,

Your recent payment of ₹3,097.33 could not be completed because a temporary network issue interrupted the payment.

You can complete the payment using the secure payment link provided below.

If you have already completed the payment, please ignore this message.

Thank you.",plink_test_9d56781c8e37,https://rzp.io/i/mock_781c8e37,created
P02439,2773.97,0.5258655329664984,1458.7352124830775,Medium,Low,0,STOP,BLOCKED,2026-08-31T00:01:34.697762,Recovery attempt limit reached or recovery opportunity is not suitable,,,,
P04883,4178.14,0.34903824537037065,1458.3306545117605,Medium,Low,0,STOP,BLOCKED,2026-08-31T00:01:34.697813,Recovery attempt limit reached or recovery opportunity is not suitable,,,,
P02891,3570.66,0.40803378305623145,1456.9499078075632,Medium,Low,0,STOP,BLOCKED,2026-08-31T00:01:34.697868,Recovery attempt limit reached or recovery opportunity is not suitable,,,,
P09369,7875.58,0.18427198394403313,1451.2487513099484,Medium,Medium,0,GENERATE_PAYMENT_LINK,APPROVED,2026-08-31T00:01:34.697915,Recovery opportunity is suitable for automated customer recovery,"Hi,

Your recent payment of ₹7,875.58 could not be completed because the payment authentication could not be completed.

You can complete the payment using the secure payment link provided below.

If you have already completed the payment, please ignore this message.

Thank you.",plink_test_df1eec366009,https://rzp.io/i/mock_ec366009,created
P02142,4903.21,0.295861946986831,1450.6732570852996,Medium,High,0,GENERATE_PAYMENT_LINK,APPROVED,2026-08-31T00:01:34.698008,Recovery opportunity is suitable for automated customer recovery,"Hi,

Your recent payment of ₹4,903.21 could not be completed because your card appears to have expired.

You can complete the payment using the secure payment link provided below.

If you have already completed the payment, please ignore this message.

Thank you.",plink_test_39a05b9645ab,https://rzp.io/i/mock_5b9645ab,created
P00807,3950.52,0.3670306387316723,1449.9618789222461,Medium,Low,0,STOP,BLOCKED,2026-08-31T00:01:34.698112,Recovery attempt limit reached or recovery opportunity is not suitable,,,,
P08488,4237.66,0.34103927556674357,1445.2084964981666,Medium,High,0,GENERATE_PAYMENT_LINK,APPROVED,2026-08-31T00:01:34.698195,Recovery opportunity is suitable for automated customer recovery,"Hi,

Your recent payment of ₹4,237.66 could not be completed because your card payment was declined by the issuing bank.

You can complete the payment using the secure payment link provided below.

If you have already completed the payment, please ignore this message.

Thank you.",plink_test_b4abc23f37ef,https://rzp.io/i/mock_c23f37ef,created
P09466,3086.14,0.46819637674169473,1444.9195661176136,Medium,Low,1,STOP,BLOCKED,2026-08-31T00:01:34.698294,Recovery attempt limit reached or recovery opportunity is not suitable,,,,
P02765,4201.62,0.34372186267087507,1444.188652635202,Medium,Low,0,STOP,BLOCKED,2026-08-31T00:01:34.698339,Recovery attempt limit reached or recovery opportunity is not suitable,,,,
P02810,6756.21,0.21353764359420638,1442.705163027613,Medium,Low,1,STOP,BLOCKED,2026-08-31T00:01:34.698381,Recovery attempt limit reached or recovery opportunity is not suitable,,,,
P07140,4012.42,0.3595389131624098,1442.6211259511165,Medium,High,0,GENERATE_PAYMENT_LINK,APPROVED,2026-08-31T00:01:34.698422,Recovery opportunity is suitable for automated customer recovery,"Hi,

Your recent payment of ₹4,012.42 could not be completed because your card appears to have expired.

You can complete the payment using the secure payment link provided below.

If you have already completed the payment, please ignore this message.

Thank you.",plink_test_572b37348b88,https://rzp.io/i/mock_37348b88,created
P00979,3677.5,0.3920386643695729,1441.7221882191043,Medium,Low,0,STOP,BLOCKED,2026-08-31T00:01:34.698675,Recovery attempt limit reached or recovery opportunity is not suitable,,,,
P04752,4777.8,0.3015456466370321,1440.724790502412,Medium,Low,0,STOP,BLOCKED,2026-08-31T00:01:34.698910,Recovery attempt limit reached or recovery opportunity is not suitable,,,,
P03143,6366.65,0.2260835239988227,1439.3946680671045,Medium,Medium,0,GENERATE_PAYMENT_LINK,APPROVED,2026-08-31T00:01:34.698965,Recovery opportunity is suitable for automated customer recovery,"Hi,

Your recent payment of ₹6,366.65 could not be completed because the payment authentication could not be completed.

You can complete the payment using the secure payment link provided below.

If you have already completed the payment, please ignore this message.

Thank you.",plink_test_1941a38089a9,https://rzp.io/i/mock_a38089a9,created
P05752,3207.9,0.4480599832551948,1437.3316202843394,Medium,Medium,0,GENERATE_PAYMENT_LINK,APPROVED,2026-08-31T00:01:34.699259,Recovery opportunity is suitable for automated customer recovery,"Hi,

Your recent payment of ₹3,207.90 could not be completed because your bank was unable to complete the payment.

You can complete the payment using the secure payment link provided below.

If you have already completed the payment, please ignore this message.

Thank you.",plink_test_3ba224dfc46b,https://rzp.io/i/mock_24dfc46b,created
P08998,10368.01,0.13852202298878305,1436.1977195679326,Medium,Low,1,STOP,BLOCKED,2026-08-31T00:01:34.699389,Recovery attempt limit reached or recovery opportunity is not suitable,,,,
P05300,2762.89,0.5192065778707877,1434.5106619334206,Medium,Medium,0,GENERATE_PAYMENT_LINK,APPROVED,2026-08-31T00:01:34.699608,Recovery opportunity is suitable for automated customer recovery,"Hi,

Your recent payment of ₹2,762.89 could not be completed because a temporary network issue interrupted the payment.

You can complete the payment using the secure payment link provided below.

If you have already completed the payment, please ignore this message.

Thank you.",plink_test_cfc7f882e1d7,https://rzp.io/i/mock_f882e1d7,created
P03785,3533.33,0.40589017927240484,1434.1439471285662,Medium,Low,0,STOP,BLOCKED,2026-08-31T00:01:34.699681,Recovery attempt limit reached or recovery opportunity is not suitable,,,,
P04435,5140.05,0.2778767579370751,1428.300429634463,Medium,High,2,STOP,BLOCKED,2026-08-31T00:01:34.699754,Recovery attempt limit reached or recovery opportunity is not suitable,,,,
P09571,2702.26,0.5274926024451407,1425.422159883406,Medium,Medium,0,GENERATE_PAYMENT_LINK,APPROVED,2026-08-31T00:01:34.699806,Recovery opportunity is suitable for automated customer recovery,"Hi,

Your recent payment of ₹2,702.26 could not be completed because a temporary network issue interrupted the payment.

You can complete the payment using the secure payment link provided below.

If you have already completed the payment, please ignore this message.

Thank you.",plink_test_0ecba2904d7b,https://rzp.io/i/mock_a2904d7b,created
P04870,3483.67,0.4080322453980383,1421.449692325784,Medium,Low,2,STOP,BLOCKED,2026-08-31T00:01:34.699861,Recovery attempt limit reached or recovery opportunity is not suitable,,,,
P04904,3796.72,0.3742206136053333,1420.810888087641,Medium,Low,0,STOP,BLOCKED,2026-08-31T00:01:34.699893,Recovery attempt limit reached or recovery opportunity is not suitable,,,,
P05242,3377.06,0.41925730251776266,1415.8570660406356,Medium,High,0,GENERATE_PAYMENT_LINK,APPROVED,2026-08-31T00:01:34.699927,Recovery opportunity is suitable for automated customer recovery,"Hi,

Your recent payment of ₹3,377.06 could not be completed because the OTP verification was unsuccessful.

You can complete the payment using the secure payment link provided below.

If you have already completed the payment, please ignore this message.

Thank you.",plink_test_3d108ffba21d,https://rzp.io/i/mock_8ffba21d,created
P04875,5552.37,0.2544859714986696,1413.000273570068,Medium,Low,1,STOP,BLOCKED,2026-08-31T00:01:34.699975,Recovery attempt limit reached or recovery opportunity is not suitable,,,,
P01598,4951.16,0.2851576011433732,1411.8609084770235,Medium,High,0,GENERATE_PAYMENT_LINK,APPROVED,2026-08-31T00:01:34.700006,Recovery opportunity is suitable for automated customer recovery,"Hi,

Your recent payment of ₹4,951.16 could not be completed because your bank was unable to complete the payment.

You can complete the payment using the secure payment link provided below.

If you have already completed the payment, please ignore this message.

Thank you.",plink_test_28a4a8c4394a,https://rzp.io/i/mock_a8c4394a,created
P00986,2583.15,0.5465142386034038,1411.7282554483825,Medium,Low,0,STOP,BLOCKED,2026-08-31T00:01:34.700049,Recovery attempt limit reached or recovery opportunity is not suitable,,,,
P03880,4067.75,0.3468271238513253,1410.8060330462285,Medium,High,1,GENERATE_PAYMENT_LINK,APPROVED,2026-08-31T00:01:34.700081,Recovery opportunity is suitable for automated customer recovery,"Hi,

Your recent payment of ₹4,067.75 could not be completed because a temporary network issue interrupted the payment.

You can complete the payment using the secure payment link provided below.

If you have already completed the payment, please ignore this message.

Thank you.",plink_test_c896a10501e4,https://rzp.io/i/mock_a10501e4,created
P09943,3921.43,0.3595053046038969,1409.7748866328593,Medium,Medium,1,GENERATE_PAYMENT_LINK,APPROVED,2026-08-31T00:01:34.700124,Recovery opportunity is suitable for automated customer recovery,"Hi,

Your recent payment of ₹3,921.43 could not be completed because there were insufficient funds to complete the payment.

You can complete the payment using the secure payment link provided below.

If you have already completed the payment, please ignore this message.

Thank you.",plink_test_a058fc367f49,https://rzp.io/i/mock_fc367f49,created
P08983,3124.6,0.4510138409029608,1409.2378472853914,Medium,High,0,GENERATE_PAYMENT_LINK,APPROVED,2026-08-31T00:01:34.700172,Recovery opportunity is suitable for automated customer recovery,"Hi,

Your recent payment of ₹3,124.60 could not be completed because there were insufficient funds to complete the payment.

You can complete the payment using the secure payment link provided below.

If you have already completed the payment, please ignore this message.

Thank you.",plink_test_9edadb7b2e99,https://rzp.io/i/mock_db7b2e99,created
P02750,4017.94,0.3502740851026039,1407.3802574971562,Medium,Low,0,STOP,BLOCKED,2026-08-31T00:01:34.700213,Recovery attempt limit reached or recovery opportunity is not suitable,,,,
P02451,6359.01,0.22121521292814564,1406.7097511622073,Medium,Medium,0,GENERATE_PAYMENT_LINK,APPROVED,2026-08-31T00:01:34.700305,Recovery opportunity is suitable for automated customer recovery,"Hi,

Your recent payment of ₹6,359.01 could not be completed because the payment authentication could not be completed.

You can complete the payment using the secure payment link provided below.

If you have already completed the payment, please ignore this message.

Thank you.",plink_test_a4848c67fac8,https://rzp.io/i/mock_8c67fac8,created
P06572,3908.24,0.359864603172658,1406.437236703509,Medium,Medium,1,GENERATE_PAYMENT_LINK,APPROVED,2026-08-31T00:01:34.700378,Recovery opportunity is suitable for automated customer recovery,"Hi,

Your recent payment of ₹3,908.24 could not be completed because the payment authentication could not be completed.

You can complete the payment using the secure payment link provided below.

If you have already completed the payment, please ignore this message.

Thank you.",plink_test_3e9b854a1771,https://rzp.io/i/mock_854a1771,created
P09613,4447.37,0.3161589509210498,1406.075833557749,Medium,Low,1,STOP,BLOCKED,2026-08-31T00:01:34.700424,Recovery attempt limit reached or recovery opportunity is not suitable,,,,
P00385,2734.06,0.513513432136801,1403.976534267942,Medium,Low,0,STOP,BLOCKED,2026-08-31T00:01:34.700453,Recovery attempt limit reached or recovery opportunity is not suitable,,,,
P06566,4669.93,0.30060249087774094,1403.7925902246889,Medium,Low,1,STOP,BLOCKED,2026-08-31T00:01:34.700494,Recovery attempt limit reached or recovery opportunity is not suitable,,,,
P05194,3053.59,0.45824137277408966,1399.2812734892325,Medium,Low,0,STOP,BLOCKED,2026-08-31T00:01:34.700526,Recovery attempt limit reached or recovery opportunity is not suitable,,,,
P01307,3196.47,0.43749509116707713,1398.439934062827,Medium,Medium,0,GENERATE_PAYMENT_LINK,APPROVED,2026-08-31T00:01:34.700555,Recovery opportunity is suitable for automated customer recovery,"Hi,

Your recent payment of ₹3,196.47 could not be completed because a temporary network issue interrupted the payment.

You can complete the payment using the secure payment link provided below.

If you have already completed the payment, please ignore this message.

Thank you.",plink_test_f9b415209a78,https://rzp.io/i/mock_15209a78,created
P06992,5166.55,0.2703259979727324,1396.6527848260205,Medium,Medium,0,GENERATE_PAYMENT_LINK,APPROVED,2026-08-31T00:01:34.700603,Recovery opportunity is suitable for automated customer recovery,"Hi,

Your recent payment of ₹5,166.55 could not be completed because the payment authentication could not be completed.

You can complete the payment using the secure payment link provided below.

If you have already completed the payment, please ignore this message.

Thank you.",plink_test_64e166004e2a,https://rzp.io/i/mock_66004e2a,created
P03110,8377.45,0.16628688667773006,1393.0600787983499,Medium,Medium,1,GENERATE_PAYMENT_LINK,APPROVED,2026-08-31T00:01:34.700643,Recovery opportunity is suitable for automated customer recovery,"Hi,

Your recent payment of ₹8,377.45 could not be completed because your card payment was declined by the issuing bank.

You can complete the payment using the secure payment link provided below.

If you have already completed the payment, please ignore this message.

Thank you.",plink_test_bc0270f66de3,https://rzp.io/i/mock_70f66de3,created
P00877,3102.14,0.4490041916942387,1392.8738632223656,Medium,Low,0,STOP,BLOCKED,2026-08-31T00:01:34.700683,Recovery attempt limit reached or recovery opportunity is not suitable,,,,
P01181,3175.55,0.4371972317471035,1388.3416692745147,Medium,Medium,0,GENERATE_PAYMENT_LINK,APPROVED,2026-08-31T00:01:34.700709,Recovery opportunity is suitable for automated customer recovery,"Hi,

Your recent payment of ₹3,175.55 could not be completed because a temporary network issue interrupted the payment.

You can complete the payment using the secure payment link provided below.

If you have already completed the payment, please ignore this message.

Thank you.",plink_test_3e37c4048cc2,https://rzp.io/i/mock_c4048cc2,created
P05009,3693.73,0.3755296659268964,1387.105192924155,Medium,Low,0,STOP,BLOCKED,2026-08-31T00:01:34.700749,Recovery attempt limit reached or recovery opportunity is not suitable,,,,
P08443,2562.39,0.5399421951547567,1383.542481442597,Medium,High,0,GENERATE_PAYMENT_LINK,APPROVED,2026-08-31T00:01:34.700776,Recovery opportunity is suitable for automated customer recovery,"Hi,

Your recent payment of ₹2,562.39 could not be completed because there were insufficient funds to complete the payment.

You can complete the payment using the secure payment link provided below.

If you have already completed the payment, please ignore this message.

Thank you.",plink_test_9fa989f6f373,https://rzp.io/i/mock_89f6f373,created
P08372,4344.3,0.3184178463878868,1383.3026500628966,Medium,Medium,1,GENERATE_PAYMENT_LINK,APPROVED,2026-08-31T00:01:34.700816,Recovery opportunity is suitable for automated customer recovery,"Hi,

Your recent payment of ₹4,344.30 could not be completed because your card payment was declined by the issuing bank.

You can complete the payment using the secure payment link provided below.

If you have already completed the payment, please ignore this message.

Thank you.",plink_test_5aaff57641ca,https://rzp.io/i/mock_f57641ca,created
P08502,4314.22,0.32049495994938787,1382.6857661128481,Medium,Low,2,STOP,BLOCKED,2026-08-31T00:01:34.700855,Recovery attempt limit reached or recovery opportunity is not suitable,,,,
P04839,2888.94,0.4782438121850066,1381.617678773753,Medium,High,0,GENERATE_PAYMENT_LINK,APPROVED,2026-08-31T00:01:34.700881,Recovery opportunity is suitable for automated customer recovery,"Hi,

Your recent payment of ₹2,888.94 could not be completed because the OTP verification was unsuccessful.

You can complete the payment using the secure payment link provided below.

If you have already completed the payment, please ignore this message.

Thank you.",plink_test_51497f6d5cbf,https://rzp.io/i/mock_7f6d5cbf,created
P04304,3322.48,0.4149544361880961,1378.6778151462254,Medium,High,0,GENERATE_PAYMENT_LINK,APPROVED,2026-08-31T00:01:34.700920,Recovery opportunity is suitable for automated customer recovery,"Hi,

Your recent payment of ₹3,322.48 could not be completed because the payment authentication could not be completed.

You can complete the payment using the secure payment link provided below.

If you have already completed the payment, please ignore this message.

Thank you.",plink_test_edc6c4f30bdf,https://rzp.io/i/mock_c4f30bdf,created
P03261,4117.21,0.3332547724895868,1372.0798818418516,Medium,Medium,0,GENERATE_PAYMENT_LINK,APPROVED,2026-08-31T00:01:34.700960,Recovery opportunity is suitable for automated customer recovery,"Hi,

Your recent payment of ₹4,117.21 could not be completed because your card appears to have expired.

You can complete the payment using the secure payment link provided below.

If you have already completed the payment, please ignore this message.

Thank you.",plink_test_a90c55ff62b5,https://rzp.io/i/mock_55ff62b5,created
P01596,2776.73,0.4935386070715932,1370.423456413905,Medium,High,0,GENERATE_PAYMENT_LINK,APPROVED,2026-08-31T00:01:34.701000,Recovery opportunity is suitable for automated customer recovery,"Hi,

Your recent payment of ₹2,776.73 could not be completed because the payment authentication could not be completed.

You can complete the payment using the secure payment link provided below.

If you have already completed the payment, please ignore this message.

Thank you.",plink_test_7d182f59b237,https://rzp.io/i/mock_2f59b237,created
P00543,5008.26,0.2724901560340491,1364.7015488590866,Medium,Medium,1,GENERATE_PAYMENT_LINK,APPROVED,2026-08-31T00:01:34.701038,Recovery opportunity is suitable for automated customer recovery,"Hi,

Your recent payment of ₹5,008.26 could not be completed because a temporary network issue interrupted the payment.

You can complete the payment using the secure payment link provided below.

If you have already completed the payment, please ignore this message.

Thank you.",plink_test_04159fb801e1,https://rzp.io/i/mock_9fb801e1,created
P01314,2524.76,0.5404896645682856,1364.606685515425,Medium,High,0,GENERATE_PAYMENT_LINK,APPROVED,2026-08-31T00:01:34.701078,Recovery opportunity is suitable for automated customer recovery,"Hi,

Your recent payment of ₹2,524.76 could not be completed because there were insufficient funds to complete the payment.

You can complete the payment using the secure payment link provided below.

If you have already completed the payment, please ignore this message.

Thank you.",plink_test_1ef810ab4ed9,https://rzp.io/i/mock_10ab4ed9,created
P06852,3525.75,0.38582917333178535,1360.3372078745422,Medium,Medium,0,GENERATE_PAYMENT_LINK,APPROVED,2026-08-31T00:01:34.701117,Recovery opportunity is suitable for automated customer recovery,"Hi,

Your recent payment of ₹3,525.75 could not be completed because there were insufficient funds to complete the payment.

You can complete the payment using the secure payment link provided below.

If you have already completed the payment, please ignore this message.

Thank you.",plink_test_f533388af064,https://rzp.io/i/mock_388af064,created
P06896,5056.37,0.26899788957795834,1360.1528589253012,Medium,Low,0,STOP,BLOCKED,2026-08-31T00:01:34.701157,Recovery attempt limit reached or recovery opportunity is not suitable,,,,
P00445,2957.75,0.45958261637185255,1359.3304835738468,Medium,High,0,GENERATE_PAYMENT_LINK,APPROVED,2026-08-31T00:01:34.701185,Recovery opportunity is suitable for automated customer recovery,"Hi,

Your recent payment of ₹2,957.75 could not be completed because the payment authentication could not be completed.

You can complete the payment using the secure payment link provided below.

If you have already completed the payment, please ignore this message.

Thank you.",plink_test_e8feff24f5cf,https://rzp.io/i/mock_ff24f5cf,created
P05103,4368.61,0.31063296748166686,1357.0342880700846,Medium,High,1,GENERATE_PAYMENT_LINK,APPROVED,2026-08-31T00:01:34.701224,Recovery opportunity is suitable for automated customer recovery,"Hi,

Your recent payment of ₹4,368.61 could not be completed because your card appears to have expired.

You can complete the payment using the secure payment link provided below.

If you have already completed the payment, please ignore this message.

Thank you.",plink_test_ba2d5a1d0180,https://rzp.io/i/mock_5a1d0180,created
P04725,2932.37,0.4608709372004251,1351.4441101184104,Medium,High,0,GENERATE_PAYMENT_LINK,APPROVED,2026-08-31T00:01:34.701262,Recovery opportunity is suitable for automated customer recovery,"Hi,

Your recent payment of ₹2,932.37 could not be completed because there were insufficient funds to complete the payment.

You can complete the payment using the secure payment link provided below.

If you have already completed the payment, please ignore this message.

Thank you.",plink_test_61ff38d98d9d,https://rzp.io/i/mock_38d98d9d,created
P09818,3950.94,0.34184391124744884,1350.6047827039956,Medium,Low,2,STOP,BLOCKED,2026-08-31T00:01:34.701301,Recovery attempt limit reached or recovery opportunity is not suitable,,,,
P07125,4018.32,0.33604121165043493,1350.3211215991757,Medium,Medium,1,GENERATE_PAYMENT_LINK,APPROVED,2026-08-31T00:01:34.701327,Recovery opportunity is suitable for automated customer recovery,"Hi,

Your recent payment of ₹4,018.32 could not be completed because your bank was unable to complete the payment.

You can complete the payment using the secure payment link provided below.

If you have already completed the payment, please ignore this message.

Thank you.",plink_test_d288b74fe1ce,https://rzp.io/i/mock_b74fe1ce,created
P00843,4423.11,0.3049085028465007,1348.6438480253855,Medium,Low,0,STOP,BLOCKED,2026-08-31T00:01:34.701366,Recovery attempt limit reached or recovery opportunity is not suitable,,,,
P05036,4706.34,0.28646597230848153,1348.206264114299,Medium,Low,2,STOP,BLOCKED,2026-08-31T00:01:34.701392,Recovery attempt limit reached or recovery opportunity is not suitable,,,,
P01703,6190.65,0.21769932775660977,1347.7003433764562,Medium,Medium,1,GENERATE_PAYMENT_LINK,APPROVED,2026-08-31T00:01:34.701417,Recovery opportunity is suitable for automated customer recovery,"Hi,

Your recent payment of ₹6,190.65 could not be completed because your card appears to have expired.

You can complete the payment using the secure payment link provided below.

If you have already completed the payment, please ignore this message.

Thank you.",plink_test_5a118814cf0c,https://rzp.io/i/mock_8814cf0c,created
P03248,3992.17,0.3372023554915055,1346.1691275225237,Medium,High,1,GENERATE_PAYMENT_LINK,APPROVED,2026-08-31T00:01:34.701456,Recovery opportunity is suitable for automated customer recovery,"Hi,

Your recent payment of ₹3,992.17 could not be completed because your bank was unable to complete the payment.

You can complete the payment using the secure payment link provided below.

If you have already completed the payment, please ignore this message.

Thank you.",plink_test_8940fa17b7bb,https://rzp.io/i/mock_fa17b7bb,created
P09500,5096.22,0.264064726374329,1345.7319398433829,Medium,Medium,0,GENERATE_PAYMENT_LINK,APPROVED,2026-08-31T00:01:34.701495,Recovery opportunity is suitable for automated customer recovery,"Hi,

Your recent payment of ₹5,096.22 could not be completed because the payment authentication could not be completed.

You can complete the payment using the secure payment link provided below.

If you have already completed the payment, please ignore this message.

Thank you.",plink_test_dbe6bc07ab19,https://rzp.io/i/mock_bc07ab19,created
P03048,2697.42,0.49806245336650734,1343.4836229598843,Medium,High,0,GENERATE_PAYMENT_LINK,APPROVED,2026-08-31T00:01:34.701533,Recovery opportunity is suitable for automated customer recovery,"Hi,

Your recent payment of ₹2,697.42 could not be completed because your bank was unable to complete the payment.

You can complete the payment using the secure payment link provided below.

If you have already completed the payment, please ignore this message.

Thank you.",plink_test_a61a600b2e05,https://rzp.io/i/mock_600b2e05,created
P07817,3464.13,0.3876408173143148,1342.8381844830374,Medium,High,1,GENERATE_PAYMENT_LINK,APPROVED,2026-08-31T00:01:34.701571,Recovery opportunity is suitable for automated customer recovery,"Hi,

Your recent payment of ₹3,464.13 could not be completed because the payment authentication could not be completed.

You can complete the payment using the secure payment link provided below.

If you have already completed the payment, please ignore this message.

Thank you.",plink_test_d1fbfd6d410c,https://rzp.io/i/mock_fd6d410c,created
P08856,3484.63,0.38516045139602334,1342.1416637481248,Medium,High,0,GENERATE_PAYMENT_LINK,APPROVED,2026-08-31T00:01:34.701608,Recovery opportunity is suitable for automated customer recovery,"Hi,

Your recent payment of ₹3,484.63 could not be completed because the payment authentication could not be completed.

You can complete the payment using the secure payment link provided below.

If you have already completed the payment, please ignore this message.

Thank you.",plink_test_ca8b6dac9544,https://rzp.io/i/mock_6dac9544,created
P06743,3306.17,0.4055961056409825,1340.9696765870472,Medium,Medium,0,GENERATE_PAYMENT_LINK,APPROVED,2026-08-31T00:01:34.701645,Recovery opportunity is suitable for automated customer recovery,"Hi,

Your recent payment of ₹3,306.17 could not be completed because the payment authentication could not be completed.

You can complete the payment using the secure payment link provided below.

If you have already completed the payment, please ignore this message.

Thank you.",plink_test_88f86580077b,https://rzp.io/i/mock_6580077b,created
P01526,2733.27,0.4902964389111533,1340.112547582688,Medium,High,0,GENERATE_PAYMENT_LINK,APPROVED,2026-08-31T00:01:34.701680,Recovery opportunity is suitable for automated customer recovery,"Hi,

Your recent payment of ₹2,733.27 could not be completed because the OTP verification was unsuccessful.

You can complete the payment using the secure payment link provided below.

If you have already completed the payment, please ignore this message.

Thank you.",plink_test_f0945d85ae26,https://rzp.io/i/mock_5d85ae26,created
P09389,3238.83,0.41375009664358053,1340.0662255121279,Medium,High,0,GENERATE_PAYMENT_LINK,APPROVED,2026-08-31T00:01:34.701717,Recovery opportunity is suitable for automated customer recovery,"Hi,

Your recent payment of ₹3,238.83 could not be completed because the payment authentication could not be completed.

You can complete the payment using the secure payment link provided below.

If you have already completed the payment, please ignore this message.

Thank you.",plink_test_a0fc2f134179,https://rzp.io/i/mock_2f134179,created
P05692,2854.68,0.46940615587090934,1340.0043650415673,Medium,Low,1,STOP,BLOCKED,2026-08-31T00:01:34.701753,Recovery attempt limit reached or recovery opportunity is not suitable,,,,
P08250,3046.7,0.43965718815943633,1339.5035551653546,Medium,Medium,0,GENERATE_PAYMENT_LINK,APPROVED,2026-08-31T00:01:34.701777,Recovery opportunity is suitable for automated customer recovery,"Hi,

Your recent payment of ₹3,046.70 could not be completed because the payment authentication could not be completed.

You can complete the payment using the secure payment link provided below.

If you have already completed the payment, please ignore this message.

Thank you.",plink_test_4be43baa2cb9,https://rzp.io/i/mock_3baa2cb9,created
P06620,6301.97,0.2121050753518179,1336.679821714896,Medium,Medium,1,GENERATE_PAYMENT_LINK,APPROVED,2026-08-31T00:01:34.701813,Recovery opportunity is suitable for automated customer recovery,"Hi,

Your recent payment of ₹6,301.97 could not be completed because the payment authentication could not be completed.

You can complete the payment using the secure payment link provided below.

If you have already completed the payment, please ignore this message.

Thank you.",plink_test_d6ea2367494b,https://rzp.io/i/mock_2367494b,created
P06666,3396.29,0.3935062102986156,1336.4612069750851,Medium,Medium,0,GENERATE_PAYMENT_LINK,APPROVED,2026-08-31T00:01:34.701848,Recovery opportunity is suitable for automated customer recovery,"Hi,

Your recent payment of ₹3,396.29 could not be completed because a temporary network issue interrupted the payment.

You can complete the payment using the secure payment link provided below.

If you have already completed the payment, please ignore this message.

Thank you.",plink_test_1ceaafedc90b,https://rzp.io/i/mock_afedc90b,created
P08970,2860.89,0.4667700768395552,1335.377845129515,Medium,High,0,GENERATE_PAYMENT_LINK,APPROVED,2026-08-31T00:01:34.701885,Recovery opportunity is suitable for automated customer recovery,"Hi,

Your recent payment of ₹2,860.89 could not be completed because a temporary network issue interrupted the payment.

You can complete the payment using the secure payment link provided below.

If you have already completed the payment, please ignore this message.

Thank you.",plink_test_c78756865be5,https://rzp.io/i/mock_56865be5,created
P01394,5829.69,0.22828140647105613,1330.8098324902512,Medium,Low,2,STOP,BLOCKED,2026-08-31T00:01:34.701921,Recovery attempt limit reached or recovery opportunity is not suitable,,,,
P02183,3571.5,0.37222057354813565,1329.3857784271665,Medium,Medium,0,GENERATE_PAYMENT_LINK,APPROVED,2026-08-31T00:01:34.701946,Recovery opportunity is suitable for automated customer recovery,"Hi,

Your recent payment of ₹3,571.50 could not be completed because your card payment was declined by the issuing bank.

You can complete the payment using the secure payment link provided below.

If you have already completed the payment, please ignore this message.

Thank you.",plink_test_a843ae43f9e2,https://rzp.io/i/mock_ae43f9e2,created
P00311,3020.93,0.4397033817860453,1328.3131371389177,Medium,High,2,STOP,BLOCKED,2026-08-31T00:01:34.701983,Recovery attempt limit reached or recovery opportunity is not suitable,,,,
P08288,9426.5,0.14082799909452115,1327.5151334645036,Medium,Low,1,STOP,BLOCKED,2026-08-31T00:01:34.702009,Recovery attempt limit reached or recovery opportunity is not suitable,,,,
P04881,4234.41,0.31243527518347725,1322.9790535896677,Medium,Medium,0,GENERATE_PAYMENT_LINK,APPROVED,2026-08-31T00:01:34.702034,Recovery opportunity is suitable for automated customer recovery,"Hi,

Your recent payment of ₹4,234.41 could not be completed because the payment authentication could not be completed.

You can complete the payment using the secure payment link provided below.

If you have already completed the payment, please ignore this message.

Thank you.",plink_test_2c932f51778f,https://rzp.io/i/mock_2f51778f,created
P08997,2639.95,0.5009140347094462,1322.3880059312023,Medium,Low,0,STOP,BLOCKED,2026-08-31T00:01:34.702071,Recovery attempt limit reached or recovery opportunity is not suitable,,,,
P00323,5996.77,0.21997177480736543,1319.120140011565,Medium,Medium,1,GENERATE_PAYMENT_LINK,APPROVED,2026-08-31T00:01:34.702098,Recovery opportunity is suitable for automated customer recovery,"Hi,

Your recent payment of ₹5,996.77 could not be completed because your card payment was declined by the issuing bank.

You can complete the payment using the secure payment link provided below.

If you have already completed the payment, please ignore this message.

Thank you.",plink_test_fbdf7d964578,https://rzp.io/i/mock_7d964578,created
P03160,3826.51,0.344607730682453,1318.6449275337131,Medium,High,2,STOP,BLOCKED,2026-08-31T00:01:34.702135,Recovery attempt limit reached or recovery opportunity is not suitable,,,,
P04407,4156.34,0.31724906886591864,1318.5949948901723,Medium,Medium,0,GENERATE_PAYMENT_LINK,APPROVED,2026-08-31T00:01:34.702161,Recovery opportunity is suitable for automated customer recovery,"Hi,

Your recent payment of ₹4,156.34 could not be completed because your card payment was declined by the issuing bank.

You can complete the payment using the secure payment link provided below.

If you have already completed the payment, please ignore this message.

Thank you.",plink_test_49e590552e2e,https://rzp.io/i/mock_90552e2e,created
P08305,2491.57,0.5281185341619086,1315.8442961617866,Medium,Low,0,STOP,BLOCKED,2026-08-31T00:01:34.702200,Recovery attempt limit reached or recovery opportunity is not suitable,,,,
P03514,2966.38,0.4429209896710862,1313.8719653405167,Medium,Medium,0,GENERATE_PAYMENT_LINK,APPROVED,2026-08-31T00:01:34.702226,Recovery opportunity is suitable for automated customer recovery,"Hi,

Your recent payment of ₹2,966.38 could not be completed because your bank was unable to complete the payment.

You can complete the payment using the secure payment link provided below.

If you have already completed the payment, please ignore this message.

Thank you.",plink_test_e495951fb9c2,https://rzp.io/i/mock_951fb9c2,created
P00209,3999.31,0.3284278716025367,1313.484871178741,Medium,Medium,1,GENERATE_PAYMENT_LINK,APPROVED,2026-08-31T00:01:34.702269,Recovery opportunity is suitable for automated customer recovery,"Hi,

Your recent payment of ₹3,999.31 could not be completed because your bank was unable to complete the payment.

You can complete the payment using the secure payment link provided below.

If you have already completed the payment, please ignore this message.

Thank you.",plink_test_fe6d7cbe3380,https://rzp.io/i/mock_7cbe3380,created
P01000,2930.21,0.44589227216053207,1306.5579948075126,Medium,Medium,1,GENERATE_PAYMENT_LINK,APPROVED,2026-08-31T00:01:34.702320,Recovery opportunity is suitable for automated customer recovery,"Hi,

Your recent payment of ₹2,930.21 could not be completed because the OTP verification was unsuccessful.

You can complete the payment using the secure payment link provided below.

If you have already completed the payment, please ignore this message.

Thank you.",plink_test_c12f18692b00,https://rzp.io/i/mock_18692b00,created
P06158,2645.36,0.49140249791953966,1299.9365118964336,Medium,High,0,GENERATE_PAYMENT_LINK,APPROVED,2026-08-31T00:01:34.702358,Recovery opportunity is suitable for automated customer recovery,"Hi,

Your recent payment of ₹2,645.36 could not be completed because there were insufficient funds to complete the payment.

You can complete the payment using the secure payment link provided below.

If you have already completed the payment, please ignore this message.

Thank you.",plink_test_a026be0640c1,https://rzp.io/i/mock_be0640c1,created
P08785,3631.55,0.3578261425539144,1299.463527991668,Medium,Low,0,STOP,BLOCKED,2026-08-31T00:01:34.702396,Recovery attempt limit reached or recovery opportunity is not suitable,,,,
P05712,2520.06,0.5145521776454683,1296.702360797239,Medium,Low,0,STOP,BLOCKED,2026-08-31T00:01:34.702423,Recovery attempt limit reached or recovery opportunity is not suitable,,,,
P04899,2672.94,0.4850552496934686,1296.52357911566,Medium,Medium,0,GENERATE_PAYMENT_LINK,APPROVED,2026-08-31T00:01:34.702448,Recovery opportunity is suitable for automated customer recovery,"Hi,

Your recent payment of ₹2,672.94 could not be completed because a temporary network issue interrupted the payment.

You can complete the payment using the secure payment link provided below.

If you have already completed the payment, please ignore this message.

Thank you.",plink_test_c32494802c1c,https://rzp.io/i/mock_94802c1c,created
P07569,2769.13,0.46707563940293045,1293.393165339837,Medium,Medium,0,GENERATE_PAYMENT_LINK,APPROVED,2026-08-31T00:01:34.702497,Recovery opportunity is suitable for automated customer recovery,"Hi,

Your recent payment of ₹2,769.13 could not be completed because the payment authentication could not be completed.

You can complete the payment using the secure payment link provided below.

If you have already completed the payment, please ignore this message.

Thank you.",plink_test_3be91a7b55b3,https://rzp.io/i/mock_1a7b55b3,created
P09825,2926.72,0.4404879550413345,1289.1849077785744,Medium,High,0,GENERATE_PAYMENT_LINK,APPROVED,2026-08-31T00:01:34.702542,Recovery opportunity is suitable for automated customer recovery,"Hi,

Your recent payment of ₹2,926.72 could not be completed because a temporary network issue interrupted the payment.

You can complete the payment using the secure payment link provided below.

If you have already completed the payment, please ignore this message.

Thank you.",plink_test_0deac22fe879,https://rzp.io/i/mock_c22fe879,created
P00261,6406.86,0.20107020941058237,1288.2286818642838,Medium,Medium,0,GENERATE_PAYMENT_LINK,APPROVED,2026-08-31T00:01:34.702582,Recovery opportunity is suitable for automated customer recovery,"Hi,

Your recent payment of ₹6,406.86 could not be completed because the payment authentication could not be completed.

You can complete the payment using the secure payment link provided below.

If you have already completed the payment, please ignore this message.

Thank you.",plink_test_f612ceea3eec,https://rzp.io/i/mock_ceea3eec,created
P02676,3311.59,0.38876910019298716,1287.4438645080943,Medium,Low,0,STOP,BLOCKED,2026-08-31T00:01:34.702620,Recovery attempt limit reached or recovery opportunity is not suitable,,,,
P01577,4293.38,0.2989761906351308,1283.618397349058,Medium,Medium,1,GENERATE_PAYMENT_LINK,APPROVED,2026-08-31T00:01:34.702647,Recovery opportunity is suitable for automated customer recovery,"Hi,

Your recent payment of ₹4,293.38 could not be completed because the payment authentication could not be completed.

You can complete the payment using the secure payment link provided below.

If you have already completed the payment, please ignore this message.

Thank you.",plink_test_42fdd38b0f7e,https://rzp.io/i/mock_d38b0f7e,created
P06687,3421.69,0.3741123652642084,1280.0965391008892,Medium,High,0,GENERATE_PAYMENT_LINK,APPROVED,2026-08-31T00:01:34.702685,Recovery opportunity is suitable for automated customer recovery,"Hi,

Your recent payment of ₹3,421.69 could not be completed because the payment authentication could not be completed.

You can complete the payment using the secure payment link provided below.

If you have already completed the payment, please ignore this message.

Thank you.",plink_test_658261f9ee6d,https://rzp.io/i/mock_61f9ee6d,created
P07723,2362.32,0.5416793949143159,1279.620068193987,Medium,Low,0,STOP,BLOCKED,2026-08-31T00:01:34.702722,Recovery attempt limit reached or recovery opportunity is not suitable,,,,
P01949,2793.32,0.4572170453268359,1277.1535170523573,Medium,Low,0,STOP,BLOCKED,2026-08-31T00:01:34.702748,Recovery attempt limit reached or recovery opportunity is not suitable,,,,
P01043,3210.53,0.3964518481809219,1272.8205521402951,Medium,Medium,2,STOP,BLOCKED,2026-08-31T00:01:34.702773,Recovery attempt limit reached or recovery opportunity is not suitable,,,,
P01787,2530.99,0.5025609192157636,1271.9766609259054,Medium,Low,0,STOP,BLOCKED,2026-08-31T00:01:34.702797,Recovery attempt limit reached or recovery opportunity is not suitable,,,,
P09412,2551.74,0.4975178331864288,1269.5361556551377,Medium,Medium,0,GENERATE_PAYMENT_LINK,APPROVED,2026-08-31T00:01:34.702822,Recovery opportunity is suitable for automated customer recovery,"Hi,

Your recent payment of ₹2,551.74 could not be completed because your bank was unable to complete the payment.

You can complete the payment using the secure payment link provided below.

If you have already completed the payment, please ignore this message.

Thank you.",plink_test_78658f2a90ac,https://rzp.io/i/mock_8f2a90ac,created
P07204,4044.21,0.3129502093770095,1265.6363662645956,Medium,Low,0,STOP,BLOCKED,2026-08-31T00:01:34.702861,Recovery attempt limit reached or recovery opportunity is not suitable,,,,
P06725,4173.77,0.3032251561380346,1265.5920599342446,Medium,High,0,GENERATE_PAYMENT_LINK,APPROVED,2026-08-31T00:01:34.702887,Recovery opportunity is suitable for automated customer recovery,"Hi,

Your recent payment of ₹4,173.77 could not be completed because there were insufficient funds to complete the payment.

You can complete the payment using the secure payment link provided below.

If you have already completed the payment, please ignore this message.

Thank you.",plink_test_c7b7f9bddcd8,https://rzp.io/i/mock_f9bddcd8,created
P01221,3853.54,0.32832433243235676,1265.210948001384,Medium,High,1,GENERATE_PAYMENT_LINK,APPROVED,2026-08-31T00:01:34.702925,Recovery opportunity is suitable for automated customer recovery,"Hi,

Your recent payment of ₹3,853.54 could not be completed because the payment authentication could not be completed.

You can complete the payment using the secure payment link provided below.

If you have already completed the payment, please ignore this message.

Thank you.",plink_test_abb53d50aefa,https://rzp.io/i/mock_3d50aefa,created
P06712,2569.47,0.492093963326624,1264.4206759488604,Medium,Low,1,STOP,BLOCKED,2026-08-31T00:01:34.702962,Recovery attempt limit reached or recovery opportunity is not suitable,,,,
P07802,4496.77,0.2809438251790659,1263.3397647504682,Medium,Medium,0,GENERATE_PAYMENT_LINK,APPROVED,2026-08-31T00:01:34.702987,Recovery opportunity is suitable for automated customer recovery,"Hi,

Your recent payment of ₹4,496.77 could not be completed because there were insufficient funds to complete the payment.

You can complete the payment using the secure payment link provided below.

If you have already completed the payment, please ignore this message.

Thank you.",plink_test_561faa216db3,https://rzp.io/i/mock_aa216db3,created
P02392,3467.04,0.3639223305974523,1261.7332770745911,Medium,High,0,GENERATE_PAYMENT_LINK,APPROVED,2026-08-31T00:01:34.703024,Recovery opportunity is suitable for automated customer recovery,"Hi,

Your recent payment of ₹3,467.04 could not be completed because the payment authentication could not be completed.

You can complete the payment using the secure payment link provided below.

If you have already completed the payment, please ignore this message.

Thank you.",plink_test_244edd2efe2a,https://rzp.io/i/mock_dd2efe2a,created
P08268,5499.69,0.22937220119916893,1261.4760012130573,Medium,High,0,GENERATE_PAYMENT_LINK,APPROVED,2026-08-31T00:01:34.703061,Recovery opportunity is suitable for automated customer recovery,"Hi,

Your recent payment of ₹5,499.69 could not be completed because your card payment was declined by the issuing bank.

You can complete the payment using the secure payment link provided below.

If you have already completed the payment, please ignore this message.

Thank you.",plink_test_9f9e3a9c0f04,https://rzp.io/i/mock_3a9c0f04,created
P08770,2751.53,0.4565457649939024,1256.1993687536724,Medium,High,1,GENERATE_PAYMENT_LINK,APPROVED,2026-08-31T00:01:34.703099,Recovery opportunity is suitable for automated customer recovery,"Hi,

Your recent payment of ₹2,751.53 could not be completed because the OTP verification was unsuccessful.

You can complete the payment using the secure payment link provided below.

If you have already completed the payment, please ignore this message.

Thank you.",plink_test_966090777a3d,https://rzp.io/i/mock_90777a3d,created
P08450,4463.15,0.2808867020670623,1253.6394843306089,Medium,Medium,0,GENERATE_PAYMENT_LINK,APPROVED,2026-08-31T00:01:34.703136,Recovery opportunity is suitable for automated customer recovery,"Hi,

Your recent payment of ₹4,463.15 could not be completed because your card payment was declined by the issuing bank.

You can complete the payment using the secure payment link provided below.

If you have already completed the payment, please ignore this message.

Thank you.",plink_test_5ce0157f6803,https://rzp.io/i/mock_157f6803,created
P06933,6952.93,0.18030374990631134,1253.6393518360894,Medium,Medium,1,GENERATE_PAYMENT_LINK,APPROVED,2026-08-31T00:01:34.703173,Recovery opportunity is suitable for automated customer recovery,"Hi,

Your recent payment of ₹6,952.93 could not be completed because your card appears to have expired.

You can complete the payment using the secure payment link provided below.

If you have already completed the payment, please ignore this message.

Thank you.",plink_test_45ddf2b0bd99,https://rzp.io/i/mock_f2b0bd99,created
P03091,8228.69,0.15232028643939757,1253.3964178210065,Medium,Medium,0,GENERATE_PAYMENT_LINK,APPROVED,2026-08-31T00:01:34.703210,Recovery opportunity is suitable for automated customer recovery,"Hi,

Your recent payment of ₹8,228.69 could not be completed because the payment authentication could not be completed.

You can complete the payment using the secure payment link provided below.

If you have already completed the payment, please ignore this message.

Thank you.",plink_test_d23f04bad634,https://rzp.io/i/mock_04bad634,created
P04901,3362.26,0.37239250546348435,1252.080425419655,Medium,Low,1,STOP,BLOCKED,2026-08-31T00:01:34.703247,Recovery attempt limit reached or recovery opportunity is not suitable,,,,
P01629,4074.43,0.3070691192441652,1251.131631522004,Medium,Medium,0,GENERATE_PAYMENT_LINK,APPROVED,2026-08-31T00:01:34.703272,Recovery opportunity is suitable for automated customer recovery,"Hi,

Your recent payment of ₹4,074.43 could not be completed because the payment authentication could not be completed.

You can complete the payment using the secure payment link provided below.

If you have already completed the payment, please ignore this message.

Thank you.",plink_test_a8af9b173226,https://rzp.io/i/mock_9b173226,created
P08570,5616.32,0.22275695180263838,1251.074323548194,Medium,High,0,GENERATE_PAYMENT_LINK,APPROVED,2026-08-31T00:01:34.703309,Recovery opportunity is suitable for automated customer recovery,"Hi,

Your recent payment of ₹5,616.32 could not be completed because the payment authentication could not be completed.

You can complete the payment using the secure payment link provided below.

If you have already completed the payment, please ignore this message.

Thank you.",plink_test_540e7c076e77,https://rzp.io/i/mock_7c076e77,created
P07842,3579.43,0.3489402155427636,1249.0070757202343,Medium,High,0,GENERATE_PAYMENT_LINK,APPROVED,2026-08-31T00:01:34.703346,Recovery opportunity is suitable for automated customer recovery,"Hi,

Your recent payment of ₹3,579.43 could not be completed because your bank was unable to complete the payment.

You can complete the payment using the secure payment link provided below.

If you have already completed the payment, please ignore this message.

Thank you.",plink_test_ab85e5e7b513,https://rzp.io/i/mock_e5e7b513,created
P03265,6566.83,0.1898836496275844,1246.93364688391,Medium,Low,0,STOP,BLOCKED,2026-08-31T00:01:34.703382,Recovery attempt limit reached or recovery opportunity is not suitable,,,,
P05224,6163.98,0.2022847521384288,1246.8791664862324,Medium,Medium,2,STOP,BLOCKED,2026-08-31T00:01:34.703409,Recovery attempt limit reached or recovery opportunity is not suitable,,,,
P00454,4993.32,0.24874104078488268,1242.0436137719703,Medium,Medium,1,GENERATE_PAYMENT_LINK,APPROVED,2026-08-31T00:01:34.703434,Recovery opportunity is suitable for automated customer recovery,"Hi,

Your recent payment of ₹4,993.32 could not be completed because the payment authentication could not be completed.

You can complete the payment using the secure payment link provided below.

If you have already completed the payment, please ignore this message.

Thank you.",plink_test_59b3f6f55617,https://rzp.io/i/mock_f6f55617,created
P05722,3350.62,0.36969046036259795,1238.6922503001279,Medium,Medium,0,GENERATE_PAYMENT_LINK,APPROVED,2026-08-31T00:01:34.703471,Recovery opportunity is suitable for automated customer recovery,"Hi,

Your recent payment of ₹3,350.62 could not be completed because your card payment was declined by the issuing bank.

You can complete the payment using the secure payment link provided below.

If you have already completed the payment, please ignore this message.

Thank you.",plink_test_cb2935c43add,https://rzp.io/i/mock_35c43add,created
P02378,3106.65,0.398630596683682,1238.4057431873607,Medium,Medium,1,GENERATE_PAYMENT_LINK,APPROVED,2026-08-31T00:01:34.703508,Recovery opportunity is suitable for automated customer recovery,"Hi,

Your recent payment of ₹3,106.65 could not be completed because there were insufficient funds to complete the payment.

You can complete the payment using the secure payment link provided below.

If you have already completed the payment, please ignore this message.

Thank you.",plink_test_580dc297cc17,https://rzp.io/i/mock_c297cc17,created
P07173,2316.61,0.5344599609917785,1238.1352902331641,Medium,Medium,0,GENERATE_PAYMENT_LINK,APPROVED,2026-08-31T00:01:34.703544,Recovery opportunity is suitable for automated customer recovery,"Hi,

Your recent payment of ₹2,316.61 could not be completed because there were insufficient funds to complete the payment.

You can complete the payment using the secure payment link provided below.

If you have already completed the payment, please ignore this message.

Thank you.",plink_test_a3a928c0ea44,https://rzp.io/i/mock_28c0ea44,created
P01435,3356.92,0.3687926865556167,1238.0075453522809,Medium,Medium,1,GENERATE_PAYMENT_LINK,APPROVED,2026-08-31T00:01:34.703581,Recovery opportunity is suitable for automated customer recovery,"Hi,

Your recent payment of ₹3,356.92 could not be completed because your card appears to have expired.

You can complete the payment using the secure payment link provided below.

If you have already completed the payment, please ignore this message.

Thank you.",plink_test_c170a6920ddb,https://rzp.io/i/mock_a6920ddb,created
P06097,4024.17,0.30705877278688337,1235.6567016857925,Medium,Medium,2,STOP,BLOCKED,2026-08-31T00:01:34.703617,Recovery attempt limit reached or recovery opportunity is not suitable,,,,
P00219,2598.1,0.4746623761434145,1233.2203194582053,Medium,Low,0,STOP,BLOCKED,2026-08-31T00:01:34.703645,Recovery attempt limit reached or recovery opportunity is not suitable,,,,
P09205,3585.58,0.343681405099549,1232.2971724968409,Medium,Low,1,STOP,BLOCKED,2026-08-31T00:01:34.703672,Recovery attempt limit reached or recovery opportunity is not suitable,,,,
P03354,2552.42,0.48206785033021077,1230.4396225398366,Medium,Medium,0,GENERATE_PAYMENT_LINK,APPROVED,2026-08-31T00:01:34.703698,Recovery opportunity is suitable for automated customer recovery,"Hi,

Your recent payment of ₹2,552.42 could not be completed because the payment authentication could not be completed.

You can complete the payment using the secure payment link provided below.

If you have already completed the payment, please ignore this message.

Thank you.",plink_test_9cef09d41be6,https://rzp.io/i/mock_09d41be6,created
P04805,2464.56,0.49810414930419805,1227.6075622091544,Medium,High,0,GENERATE_PAYMENT_LINK,APPROVED,2026-08-31T00:01:34.703738,Recovery opportunity is suitable for automated customer recovery,"Hi,

Your recent payment of ₹2,464.56 could not be completed because there were insufficient funds to complete the payment.

You can complete the payment using the secure payment link provided below.

If you have already completed the payment, please ignore this message.

Thank you.",plink_test_43bdde80379b,https://rzp.io/i/mock_de80379b,created
P06323,2573.19,0.47675792370985914,1226.7887217109724,Medium,Medium,0,GENERATE_PAYMENT_LINK,APPROVED,2026-08-31T00:01:34.703776,Recovery opportunity is suitable for automated customer recovery,"Hi,

Your recent payment of ₹2,573.19 could not be completed because your bank was unable to complete the payment.

You can complete the payment using the secure payment link provided below.

If you have already completed the payment, please ignore this message.

Thank you.",plink_test_30d2835fd84d,https://rzp.io/i/mock_835fd84d,created
P03879,3000.61,0.4088362046618642,1226.7580040704365,Medium,Low,0,STOP,BLOCKED,2026-08-31T00:01:34.703812,Recovery attempt limit reached or recovery opportunity is not suitable,,,,
P09145,2459.83,0.49860711772877464,1226.4887464027718,Medium,Medium,0,GENERATE_PAYMENT_LINK,APPROVED,2026-08-31T00:01:34.703837,Recovery opportunity is suitable for automated customer recovery,"Hi,

Your recent payment of ₹2,459.83 could not be completed because a temporary network issue interrupted the payment.

You can complete the payment using the secure payment link provided below.

If you have already completed the payment, please ignore this message.

Thank you.",plink_test_b0d65fb7df25,https://rzp.io/i/mock_5fb7df25,created
P04470,4216.54,0.29037898880563195,1224.3946214584994,Medium,Medium,0,GENERATE_PAYMENT_LINK,APPROVED,2026-08-31T00:01:34.703875,Recovery opportunity is suitable for automated customer recovery,"Hi,

Your recent payment of ₹4,216.54 could not be completed because the payment authentication could not be completed.

You can complete the payment using the secure payment link provided below.

If you have already completed the payment, please ignore this message.

Thank you.",plink_test_9877535cec6a,https://rzp.io/i/mock_535cec6a,created
P02423,3345.39,0.3657729132257146,1223.6530461761733,Medium,Low,1,STOP,BLOCKED,2026-08-31T00:01:34.703912,Recovery attempt limit reached or recovery opportunity is not suitable,,,,
P06237,4701.93,0.2600042936637093,1222.5219885062047,Medium,Low,0,STOP,BLOCKED,2026-08-31T00:01:34.703937,Recovery attempt limit reached or recovery opportunity is not suitable,,,,
P05143,2364.01,0.5156032175473717,1218.8911623141623,Medium,Medium,0,GENERATE_PAYMENT_LINK,APPROVED,2026-08-31T00:01:34.703961,Recovery opportunity is suitable for automated customer recovery,"Hi,

Your recent payment of ₹2,364.01 could not be completed because there were insufficient funds to complete the payment.

You can complete the payment using the secure payment link provided below.

If you have already completed the payment, please ignore this message.

Thank you.",plink_test_9a019d3fd5cc,https://rzp.io/i/mock_9d3fd5cc,created
P08380,2246.82,0.5417950415476133,1217.3159352500086,Medium,High,0,GENERATE_PAYMENT_LINK,APPROVED,2026-08-31T00:01:34.703998,Recovery opportunity is suitable for automated customer recovery,"Hi,

Your recent payment of ₹2,246.82 could not be completed because the OTP verification was unsuccessful.

You can complete the payment using the secure payment link provided below.

If you have already completed the payment, please ignore this message.

Thank you.",plink_test_3c2f3a651d95,https://rzp.io/i/mock_3a651d95,created
P07923,3475.88,0.35014581059462097,1217.0648201296312,Medium,Low,2,STOP,BLOCKED,2026-08-31T00:01:34.704038,Recovery attempt limit reached or recovery opportunity is not suitable,,,,
P08826,2301.49,0.5286188876142622,1216.6110836553482,Medium,Medium,0,GENERATE_PAYMENT_LINK,APPROVED,2026-08-31T00:01:34.704063,Recovery opportunity is suitable for automated customer recovery,"Hi,

Your recent payment of ₹2,301.49 could not be completed because there were insufficient funds to complete the payment.

You can complete the payment using the secure payment link provided below.

If you have already completed the payment, please ignore this message.

Thank you.",plink_test_3f14662e6d30,https://rzp.io/i/mock_662e6d30,created
P08429,4447.68,0.2734892773948069,1216.3927892833347,Medium,Medium,2,STOP,BLOCKED,2026-08-31T00:01:34.704098,Recovery attempt limit reached or recovery opportunity is not suitable,,,,
P04880,2641.53,0.46043536958939324,1216.25384183147,Medium,Medium,0,GENERATE_PAYMENT_LINK,APPROVED,2026-08-31T00:01:34.704121,Recovery opportunity is suitable for automated customer recovery,"Hi,

Your recent payment of ₹2,641.53 could not be completed because the payment authentication could not be completed.

You can complete the payment using the secure payment link provided below.

If you have already completed the payment, please ignore this message.

Thank you.",plink_test_64c434db2a3a,https://rzp.io/i/mock_34db2a3a,created
P09352,2142.79,0.5667263851701362,1214.375630878716,Medium,High,0,GENERATE_PAYMENT_LINK,APPROVED,2026-08-31T00:01:34.704156,Recovery opportunity is suitable for automated customer recovery,"Hi,

Your recent payment of ₹2,142.79 could not be completed because there were insufficient funds to complete the payment.

You can complete the payment using the secure payment link provided below.

If you have already completed the payment, please ignore this message.

Thank you.",plink_test_fe243f8bd522,https://rzp.io/i/mock_3f8bd522,created
P03525,2962.26,0.40879454793706377,1210.9557375720467,Medium,Medium,1,GENERATE_PAYMENT_LINK,APPROVED,2026-08-31T00:01:34.704192,Recovery opportunity is suitable for automated customer recovery,"Hi,

Your recent payment of ₹2,962.26 could not be completed because your bank was unable to complete the payment.

You can complete the payment using the secure payment link provided below.

If you have already completed the payment, please ignore this message.

Thank you.",plink_test_3749bcc7465c,https://rzp.io/i/mock_bcc7465c,created
P07404,4690.62,0.2581621607880379,1210.9405946355862,Medium,High,1,GENERATE_PAYMENT_LINK,APPROVED,2026-08-31T00:01:34.704227,Recovery opportunity is suitable for automated customer recovery,"Hi,

Your recent payment of ₹4,690.62 could not be completed because your bank was unable to complete the payment.

You can complete the payment using the secure payment link provided below.

If you have already completed the payment, please ignore this message.

Thank you.",plink_test_35773c08e9d8,https://rzp.io/i/mock_3c08e9d8,created
P07881,3530.97,0.3424710851659894,1209.2551275885535,Medium,High,1,GENERATE_PAYMENT_LINK,APPROVED,2026-08-31T00:01:34.704262,Recovery opportunity is suitable for automated customer recovery,"Hi,

Your recent payment of ₹3,530.97 could not be completed because your bank was unable to complete the payment.

You can complete the payment using the secure payment link provided below.

If you have already completed the payment, please ignore this message.

Thank you.",plink_test_2bf8639356a7,https://rzp.io/i/mock_639356a7,created
P02872,2783.77,0.4343222707842591,1209.053307741097,Medium,Medium,0,GENERATE_PAYMENT_LINK,APPROVED,2026-08-31T00:01:34.704297,Recovery opportunity is suitable for automated customer recovery,"Hi,

Your recent payment of ₹2,783.77 could not be completed because there were insufficient funds to complete the payment.

You can complete the payment using the secure payment link provided below.

If you have already completed the payment, please ignore this message.

Thank you.",plink_test_c9c4fefd8099,https://rzp.io/i/mock_fefd8099,created
P07521,8286.6,0.14579326304806312,1208.1304535740799,Medium,High,2,STOP,BLOCKED,2026-08-31T00:01:34.704331,Recovery attempt limit reached or recovery opportunity is not suitable,,,,
P09587,3794.02,0.31812077295383234,1206.956575002299,Medium,Low,0,STOP,BLOCKED,2026-08-31T00:01:34.704355,Recovery attempt limit reached or recovery opportunity is not suitable,,,,
P05187,3437.43,0.35062420221066193,1205.2461514049955,Medium,Low,0,STOP,BLOCKED,2026-08-31T00:01:34.704379,Recovery attempt limit reached or recovery opportunity is not suitable,,,,
P06209,5205.29,0.23146268589162697,1204.830404244827,Medium,Medium,1,GENERATE_PAYMENT_LINK,APPROVED,2026-08-31T00:01:34.704402,Recovery opportunity is suitable for automated customer recovery,"Hi,

Your recent payment of ₹5,205.29 could not be completed because your card payment was declined by the issuing bank.

You can complete the payment using the secure payment link provided below.

If you have already completed the payment, please ignore this message.

Thank you.",plink_test_b1f472483e45,https://rzp.io/i/mock_72483e45,created
P07304,4257.73,0.2826660541396745,1203.5157386921162,Medium,Medium,2,STOP,BLOCKED,2026-08-31T00:01:34.704438,Recovery attempt limit reached or recovery opportunity is not suitable,,,,
P09839,3449.52,0.3476544705456204,1199.2410492365284,Medium,Low,2,STOP,BLOCKED,2026-08-31T00:01:34.704462,Recovery attempt limit reached or recovery opportunity is not suitable,,,,
P08384,3318.8,0.36103861943611565,1198.2149701845806,Medium,High,0,GENERATE_PAYMENT_LINK,APPROVED,2026-08-31T00:01:34.704493,Recovery opportunity is suitable for automated customer recovery,"Hi,

Your recent payment of ₹3,318.80 could not be completed because your bank was unable to complete the payment.

You can complete the payment using the secure payment link provided below.

If you have already completed the payment, please ignore this message.

Thank you.",plink_test_67571fd918af,https://rzp.io/i/mock_1fd918af,created
P03058,3303.19,0.36262897670345834,1197.8324095570965,Medium,Low,0,STOP,BLOCKED,2026-08-31T00:01:34.704537,Recovery attempt limit reached or recovery opportunity is not suitable,,,,
P06733,2501.31,0.47739696604435833,1194.1178051364138,Medium,High,0,GENERATE_PAYMENT_LINK,APPROVED,2026-08-31T00:01:34.704564,Recovery opportunity is suitable for automated customer recovery,"Hi,

Your recent payment of ₹2,501.31 could not be completed because there were insufficient funds to complete the payment.

You can complete the payment using the secure payment link provided below.

If you have already completed the payment, please ignore this message.

Thank you.",plink_test_fbb890f5a23a,https://rzp.io/i/mock_90f5a23a,created
P08651,2785.02,0.4280131049093853,1192.0250574347363,Medium,High,0,GENERATE_PAYMENT_LINK,APPROVED,2026-08-31T00:01:34.704602,Recovery opportunity is suitable for automated customer recovery,"Hi,

Your recent payment of ₹2,785.02 could not be completed because your bank was unable to complete the payment.

You can complete the payment using the secure payment link provided below.

If you have already completed the payment, please ignore this message.

Thank you.",plink_test_d500694bd125,https://rzp.io/i/mock_694bd125,created
P07650,4028.9,0.29503390130621815,1188.6620849726223,Medium,Medium,0,GENERATE_PAYMENT_LINK,APPROVED,2026-08-31T00:01:34.704639,Recovery opportunity is suitable for automated customer recovery,"Hi,

Your recent payment of ₹4,028.90 could not be completed because your bank was unable to complete the payment.

You can complete the payment using the secure payment link provided below.

If you have already completed the payment, please ignore this message.

Thank you.",plink_test_8e7544634548,https://rzp.io/i/mock_44634548,created
P09378,2909.62,0.408332566397255,1188.092601840781,Medium,Low,0,STOP,BLOCKED,2026-08-31T00:01:34.704676,Recovery attempt limit reached or recovery opportunity is not suitable,,,,
P00927,4042.14,0.2937921988066848,1187.5491984844527,Medium,Low,1,STOP,BLOCKED,2026-08-31T00:01:34.704699,Recovery attempt limit reached or recovery opportunity is not suitable,,,,
P04934,2142.13,0.554359041745581,1187.5091340944616,Medium,High,0,GENERATE_PAYMENT_LINK,APPROVED,2026-08-31T00:01:34.704723,Recovery opportunity is suitable for automated customer recovery,"Hi,

Your recent payment of ₹2,142.13 could not be completed because there were insufficient funds to complete the payment.

You can complete the payment using the secure payment link provided below.

If you have already completed the payment, please ignore this message.

Thank you.",plink_test_bbed63c25cfb,https://rzp.io/i/mock_63c25cfb,created
P08179,3294.5,0.35973425447004503,1185.1445013515633,Medium,High,2,STOP,BLOCKED,2026-08-31T00:01:34.704760,Recovery attempt limit reached or recovery opportunity is not suitable,,,,
P09643,3934.14,0.30094653692866374,1183.9658087925332,Medium,Low,0,STOP,BLOCKED,2026-08-31T00:01:34.704784,Recovery attempt limit reached or recovery opportunity is not suitable,,,,
P06381,2565.12,0.4606549406521819,1181.6352013657247,Medium,High,0,GENERATE_PAYMENT_LINK,APPROVED,2026-08-31T00:01:34.704808,Recovery opportunity is suitable for automated customer recovery,"Hi,

Your recent payment of ₹2,565.12 could not be completed because there were insufficient funds to complete the payment.

You can complete the payment using the secure payment link provided below.

If you have already completed the payment, please ignore this message.

Thank you.",plink_test_af73587bc1ae,https://rzp.io/i/mock_587bc1ae,created
P05532,3270.56,0.3610741805338821,1180.9147718868935,Medium,Medium,0,GENERATE_PAYMENT_LINK,APPROVED,2026-08-31T00:01:34.704844,Recovery opportunity is suitable for automated customer recovery,"Hi,

Your recent payment of ₹3,270.56 could not be completed because a temporary network issue interrupted the payment.

You can complete the payment using the secure payment link provided below.

If you have already completed the payment, please ignore this message.

Thank you.",plink_test_a2f4b7d947d1,https://rzp.io/i/mock_b7d947d1,created
P09563,4845.96,0.24338149514020618,1179.4169901896335,Medium,Medium,0,GENERATE_PAYMENT_LINK,APPROVED,2026-08-31T00:01:34.704879,Recovery opportunity is suitable for automated customer recovery,"Hi,

Your recent payment of ₹4,845.96 could not be completed because your card payment was declined by the issuing bank.

You can complete the payment using the secure payment link provided below.

If you have already completed the payment, please ignore this message.

Thank you.",plink_test_4541e895ba96,https://rzp.io/i/mock_e895ba96,created
P01686,2992.21,0.39373325015007593,1178.1325684315586,Medium,Low,0,STOP,BLOCKED,2026-08-31T00:01:34.704915,Recovery attempt limit reached or recovery opportunity is not suitable,,,,
P00907,4320.09,0.2725509352370134,1177.4445698080692,Medium,Low,0,STOP,BLOCKED,2026-08-31T00:01:34.704939,Recovery attempt limit reached or recovery opportunity is not suitable,,,,
P09662,2509.98,0.4684456743359337,1175.789273669707,Medium,Medium,0,GENERATE_PAYMENT_LINK,APPROVED,2026-08-31T00:01:34.704962,Recovery opportunity is suitable for automated customer recovery,"Hi,

Your recent payment of ₹2,509.98 could not be completed because there were insufficient funds to complete the payment.

You can complete the payment using the secure payment link provided below.

If you have already completed the payment, please ignore this message.

Thank you.",plink_test_885c45d683ec,https://rzp.io/i/mock_45d683ec,created
P06829,3341.83,0.35145134998141037,1174.4906649083766,Medium,Medium,1,GENERATE_PAYMENT_LINK,APPROVED,2026-08-31T00:01:34.704998,Recovery opportunity is suitable for automated customer recovery,"Hi,

Your recent payment of ₹3,341.83 could not be completed because your card payment was declined by the issuing bank.

You can complete the payment using the secure payment link provided below.

If you have already completed the payment, please ignore this message.

Thank you.",plink_test_b7a90ec989cf,https://rzp.io/i/mock_0ec989cf,created
P03408,3900.05,0.3009427524205574,1173.691781577795,Medium,Medium,1,GENERATE_PAYMENT_LINK,APPROVED,2026-08-31T00:01:34.705033,Recovery opportunity is suitable for automated customer recovery,"Hi,

Your recent payment of ₹3,900.05 could not be completed because your card appears to have expired.

You can complete the payment using the secure payment link provided below.

If you have already completed the payment, please ignore this message.

Thank you.",plink_test_191b13cd1c1d,https://rzp.io/i/mock_13cd1c1d,created
P06198,2185.4,0.5363224244410041,1172.0790263733704,Medium,Low,0,STOP,BLOCKED,2026-08-31T00:01:34.705068,Recovery attempt limit reached or recovery opportunity is not suitable,,,,
P06891,2680.19,0.43722895557234137,1171.8566744354337,Medium,Medium,0,GENERATE_PAYMENT_LINK,APPROVED,2026-08-31T00:01:34.705093,Recovery opportunity is suitable for automated customer recovery,"Hi,

Your recent payment of ₹2,680.19 could not be completed because a temporary network issue interrupted the payment.

You can complete the payment using the secure payment link provided below.

If you have already completed the payment, please ignore this message.

Thank you.",plink_test_f278120f9a09,https://rzp.io/i/mock_120f9a09,created
P03278,3741.68,0.3130840255682016,1171.4602367880284,Medium,Medium,2,STOP,BLOCKED,2026-08-31T00:01:34.705128,Recovery attempt limit reached or recovery opportunity is not suitable,,,,
P07809,3119.07,0.37395747887995445,1166.3995536500995,Medium,Medium,1,GENERATE_PAYMENT_LINK,APPROVED,2026-08-31T00:01:34.705152,Recovery opportunity is suitable for automated customer recovery,"Hi,

Your recent payment of ₹3,119.07 could not be completed because the payment authentication could not be completed.

You can complete the payment using the secure payment link provided below.

If you have already completed the payment, please ignore this message.

Thank you.",plink_test_9f9d49db0339,https://rzp.io/i/mock_49db0339,created
P04366,2464.6,0.47254312391287784,1164.6297831956788,Medium,High,0,GENERATE_PAYMENT_LINK,APPROVED,2026-08-31T00:01:34.705186,Recovery opportunity is suitable for automated customer recovery,"Hi,

Your recent payment of ₹2,464.60 could not be completed because the payment authentication could not be completed.

You can complete the payment using the secure payment link provided below.

If you have already completed the payment, please ignore this message.

Thank you.",plink_test_139f90421527,https://rzp.io/i/mock_90421527,created
P02960,3381.93,0.34403703905344823,1163.5091834860282,Medium,Medium,0,GENERATE_PAYMENT_LINK,APPROVED,2026-08-31T00:01:34.705222,Recovery opportunity is suitable for automated customer recovery,"Hi,

Your recent payment of ₹3,381.93 could not be completed because a temporary network issue interrupted the payment.

You can complete the payment using the secure payment link provided below.

If you have already completed the payment, please ignore this message.

Thank you.",plink_test_fc8a2fbd27a6,https://rzp.io/i/mock_2fbd27a6,created
P09659,4845.63,0.23956706827343321,1160.8533730377962,Medium,Medium,1,GENERATE_PAYMENT_LINK,APPROVED,2026-08-31T00:01:34.705258,Recovery opportunity is suitable for automated customer recovery,"Hi,

Your recent payment of ₹4,845.63 could not be completed because the payment authentication could not be completed.

You can complete the payment using the secure payment link provided below.

If you have already completed the payment, please ignore this message.

Thank you.",plink_test_6bb407457ff0,https://rzp.io/i/mock_07457ff0,created
P04071,3565.76,0.32527179032711584,1159.8411390768167,Medium,Medium,0,GENERATE_PAYMENT_LINK,APPROVED,2026-08-31T00:01:34.705294,Recovery opportunity is suitable for automated customer recovery,"Hi,

Your recent payment of ₹3,565.76 could not be completed because a temporary network issue interrupted the payment.

You can complete the payment using the secure payment link provided below.

If you have already completed the payment, please ignore this message.

Thank you.",plink_test_f22e15cc3177,https://rzp.io/i/mock_15cc3177,created
P01470,2117.51,0.5472606081292203,1158.8298103197053,Medium,High,0,GENERATE_PAYMENT_LINK,APPROVED,2026-08-31T00:01:34.705329,Recovery opportunity is suitable for automated customer recovery,"Hi,

Your recent payment of ₹2,117.51 could not be completed because the OTP verification was unsuccessful.

You can complete the payment using the secure payment link provided below.

If you have already completed the payment, please ignore this message.

Thank you.",plink_test_ed8ff5063b6b,https://rzp.io/i/mock_f5063b6b,created
P08137,4488.08,0.25782933519760576,1157.1586827136705,Medium,Low,0,STOP,BLOCKED,2026-08-31T00:01:34.705364,Recovery attempt limit reached or recovery opportunity is not suitable,,,,
P01378,2314.05,0.4999541841753549,1156.9189798909802,Medium,Medium,0,GENERATE_PAYMENT_LINK,APPROVED,2026-08-31T00:01:34.705389,Recovery opportunity is suitable for automated customer recovery,"Hi,

Your recent payment of ₹2,314.05 could not be completed because the OTP verification was unsuccessful.

You can complete the payment using the secure payment link provided below.

If you have already completed the payment, please ignore this message.

Thank you.",plink_test_4a2c42289960,https://rzp.io/i/mock_42289960,created
P08594,3355.19,0.3442783279122263,1155.1192030278226,Medium,High,2,STOP,BLOCKED,2026-08-31T00:01:34.705425,Recovery attempt limit reached or recovery opportunity is not suitable,,,,
P06673,2700.87,0.4264071257586498,1151.6702137477644,Medium,Medium,1,GENERATE_PAYMENT_LINK,APPROVED,2026-08-31T00:01:34.705450,Recovery opportunity is suitable for automated customer recovery,"Hi,

Your recent payment of ₹2,700.87 could not be completed because the payment authentication could not be completed.

You can complete the payment using the secure payment link provided below.

If you have already completed the payment, please ignore this message.

Thank you.",plink_test_4e8a67b8fb89,https://rzp.io/i/mock_67b8fb89,created
P07352,2531.58,0.4544607331210377,1150.5037027545566,Medium,High,1,GENERATE_PAYMENT_LINK,APPROVED,2026-08-31T00:01:34.705486,Recovery opportunity is suitable for automated customer recovery,"Hi,

Your recent payment of ₹2,531.58 could not be completed because a temporary network issue interrupted the payment.

You can complete the payment using the secure payment link provided below.

If you have already completed the payment, please ignore this message.

Thank you.",plink_test_91a1573e5af4,https://rzp.io/i/mock_573e5af4,created
P02616,4334.92,0.26484165098849216,1148.0673697030345,Medium,High,0,GENERATE_PAYMENT_LINK,APPROVED,2026-08-31T00:01:34.705520,Recovery opportunity is suitable for automated customer recovery,"Hi,

Your recent payment of ₹4,334.92 could not be completed because your bank was unable to complete the payment.

You can complete the payment using the secure payment link provided below.

If you have already completed the payment, please ignore this message.

Thank you.",plink_test_e54f64658ba4,https://rzp.io/i/mock_64658ba4,created
P00866,2570.02,0.4464390490733562,1147.3572848995068,Medium,High,0,GENERATE_PAYMENT_LINK,APPROVED,2026-08-31T00:01:34.705555,Recovery opportunity is suitable for automated customer recovery,"Hi,

Your recent payment of ₹2,570.02 could not be completed because the OTP verification was unsuccessful.

You can complete the payment using the secure payment link provided below.

If you have already completed the payment, please ignore this message.

Thank you.",plink_test_c028be55312c,https://rzp.io/i/mock_be55312c,created
P08868,2184.46,0.5239627992067849,1144.5757763552533,Medium,Low,1,STOP,BLOCKED,2026-08-31T00:01:34.705590,Recovery attempt limit reached or recovery opportunity is not suitable,,,,
P01009,4238.82,0.2697819879755629,1143.5572862705756,Medium,High,1,GENERATE_PAYMENT_LINK,APPROVED,2026-08-31T00:01:34.705614,Recovery opportunity is suitable for automated customer recovery,"Hi,

Your recent payment of ₹4,238.82 could not be completed because the payment authentication could not be completed.

You can complete the payment using the secure payment link provided below.

If you have already completed the payment, please ignore this message.

Thank you.",plink_test_8bfbde07b842,https://rzp.io/i/mock_de07b842,created
P06059,2724.45,0.4191676877067433,1142.0014067726368,Medium,Medium,0,GENERATE_PAYMENT_LINK,APPROVED,2026-08-31T00:01:34.705651,Recovery opportunity is suitable for automated customer recovery,"Hi,

Your recent payment of ₹2,724.45 could not be completed because the payment authentication could not be completed.

You can complete the payment using the secure payment link provided below.

If you have already completed the payment, please ignore this message.

Thank you.",plink_test_f168cc9accb4,https://rzp.io/i/mock_cc9accb4,created
P05813,2960.46,0.38546808771037416,1141.1628549430543,Medium,Low,0,STOP,BLOCKED,2026-08-31T00:01:34.705687,Recovery attempt limit reached or recovery opportunity is not suitable,,,,
P01416,2896.81,0.3928516871121594,1138.0166957433744,Medium,Medium,0,GENERATE_PAYMENT_LINK,APPROVED,2026-08-31T00:01:34.705712,Recovery opportunity is suitable for automated customer recovery,"Hi,

Your recent payment of ₹2,896.81 could not be completed because there were insufficient funds to complete the payment.

You can complete the payment using the secure payment link provided below.

If you have already completed the payment, please ignore this message.

Thank you.",plink_test_bc056e994073,https://rzp.io/i/mock_6e994073,created
P01834,2714.52,0.41868718683784484,1136.5347424150666,Medium,High,2,STOP,BLOCKED,2026-08-31T00:01:34.705749,Recovery attempt limit reached or recovery opportunity is not suitable,,,,
P06344,3575.11,0.31762556987838986,1135.5463511279304,Medium,High,1,GENERATE_PAYMENT_LINK,APPROVED,2026-08-31T00:01:34.705775,Recovery opportunity is suitable for automated customer recovery,"Hi,

Your recent payment of ₹3,575.11 could not be completed because there were insufficient funds to complete the payment.

You can complete the payment using the secure payment link provided below.

If you have already completed the payment, please ignore this message.

Thank you.",plink_test_17a2e49410b4,https://rzp.io/i/mock_e49410b4,created
P05003,2957.09,0.3835445835949073,1134.1758527026645,Medium,High,2,STOP,BLOCKED,2026-08-31T00:01:34.705810,Recovery attempt limit reached or recovery opportunity is not suitable,,,,
P01375,2178.21,0.5190009625350861,1130.49308660355,Medium,Medium,0,GENERATE_PAYMENT_LINK,APPROVED,2026-08-31T00:01:34.705833,Recovery opportunity is suitable for automated customer recovery,"Hi,

Your recent payment of ₹2,178.21 could not be completed because a temporary network issue interrupted the payment.

You can complete the payment using the secure payment link provided below.

If you have already completed the payment, please ignore this message.

Thank you.",plink_test_26f92305ac0e,https://rzp.io/i/mock_2305ac0e,created
P01239,3326.76,0.3397970560904706,1130.4232543195342,Medium,Medium,0,GENERATE_PAYMENT_LINK,APPROVED,2026-08-31T00:01:34.705868,Recovery opportunity is suitable for automated customer recovery,"Hi,

Your recent payment of ₹3,326.76 could not be completed because the payment authentication could not be completed.

You can complete the payment using the secure payment link provided below.

If you have already completed the payment, please ignore this message.

Thank you.",plink_test_d4044b9e0786,https://rzp.io/i/mock_4b9e0786,created
P05605,7310.73,0.15453460636248473,1129.760782772408,Medium,Medium,0,GENERATE_PAYMENT_LINK,APPROVED,2026-08-31T00:01:34.705903,Recovery opportunity is suitable for automated customer recovery,"Hi,

Your recent payment of ₹7,310.73 could not be completed because the payment authentication could not be completed.

You can complete the payment using the secure payment link provided below.

If you have already completed the payment, please ignore this message.

Thank you.",plink_test_da47a8077141,https://rzp.io/i/mock_a8077141,created
P04235,2368.73,0.4766451620347052,1129.0436946664672,Medium,High,0,GENERATE_PAYMENT_LINK,APPROVED,2026-08-31T00:01:34.705939,Recovery opportunity is suitable for automated customer recovery,"Hi,

Your recent payment of ₹2,368.73 could not be completed because there were insufficient funds to complete the payment.

You can complete the payment using the secure payment link provided below.

If you have already completed the payment, please ignore this message.

Thank you.",plink_test_d0c9aa3334e9,https://rzp.io/i/mock_aa3334e9,created
P01833,2818.0,0.4005506905477461,1128.7518459635485,Medium,Low,1,STOP,BLOCKED,2026-08-31T00:01:34.705975,Recovery attempt limit reached or recovery opportunity is not suitable,,,,
P06374,2883.49,0.38987179123495175,1124.1914113080709,Medium,Medium,0,GENERATE_PAYMENT_LINK,APPROVED,2026-08-31T00:01:34.705998,Recovery opportunity is suitable for automated customer recovery,"Hi,

Your recent payment of ₹2,883.49 could not be completed because a temporary network issue interrupted the payment.

You can complete the payment using the secure payment link provided below.

If you have already completed the payment, please ignore this message.

Thank you.",plink_test_e7313fee2b84,https://rzp.io/i/mock_3fee2b84,created
P04539,3231.18,0.3466976928762398,1120.2426512678485,Medium,Low,1,STOP,BLOCKED,2026-08-31T00:01:34.706034,Recovery attempt limit reached or recovery opportunity is not suitable,,,,
P04063,2516.48,0.44448848026264404,1118.5463708113384,Medium,Low,0,STOP,BLOCKED,2026-08-31T00:01:34.706058,Recovery attempt limit reached or recovery opportunity is not suitable,,,,
P01402,2922.95,0.38248318620771365,1117.9792291258366,Medium,Medium,1,GENERATE_PAYMENT_LINK,APPROVED,2026-08-31T00:01:34.706082,Recovery opportunity is suitable for automated customer recovery,"Hi,

Your recent payment of ₹2,922.95 could not be completed because a temporary network issue interrupted the payment.

You can complete the payment using the secure payment link provided below.

If you have already completed the payment, please ignore this message.

Thank you.",plink_test_36f623bea786,https://rzp.io/i/mock_23bea786,created
P06819,2421.65,0.46049220547396513,1115.1509493860276,Medium,Low,0,STOP,BLOCKED,2026-08-31T00:01:34.706117,Recovery attempt limit reached or recovery opportunity is not suitable,,,,
P02103,2774.87,0.4017130070858271,1114.701371972249,Medium,Medium,0,GENERATE_PAYMENT_LINK,APPROVED,2026-08-31T00:01:34.706140,Recovery opportunity is suitable for automated customer recovery,"Hi,

Your recent payment of ₹2,774.87 could not be completed because your bank was unable to complete the payment.

You can complete the payment using the secure payment link provided below.

If you have already completed the payment, please ignore this message.

Thank you.",plink_test_a87fc2bb3fde,https://rzp.io/i/mock_c2bb3fde,created
P07506,2217.8,0.5018560187596613,1113.016278405177,Medium,High,0,GENERATE_PAYMENT_LINK,APPROVED,2026-08-31T00:01:34.706176,Recovery opportunity is suitable for automated customer recovery,"Hi,

Your recent payment of ₹2,217.80 could not be completed because the OTP verification was unsuccessful.

You can complete the payment using the secure payment link provided below.

If you have already completed the payment, please ignore this message.

Thank you.",plink_test_ae9f758514e1,https://rzp.io/i/mock_758514e1,created
P00820,2088.46,0.5326475175942403,1112.4130345948672,Medium,Medium,0,GENERATE_PAYMENT_LINK,APPROVED,2026-08-31T00:01:34.706210,Recovery opportunity is suitable for automated customer recovery,"Hi,

Your recent payment of ₹2,088.46 could not be completed because the OTP verification was unsuccessful.

You can complete the payment using the secure payment link provided below.

If you have already completed the payment, please ignore this message.

Thank you.",plink_test_bbe0522b9c2e,https://rzp.io/i/mock_522b9c2e,created
P08535,3237.37,0.3432771123575025,1111.315025232808,Medium,Low,0,STOP,BLOCKED,2026-08-31T00:01:34.706243,Recovery attempt limit reached or recovery opportunity is not suitable,,,,
P05845,2684.19,0.4137838227651601,1110.674399228015,Medium,Low,0,STOP,BLOCKED,2026-08-31T00:01:34.706268,Recovery attempt limit reached or recovery opportunity is not suitable,,,,
P08341,2378.32,0.46689801057830027,1110.4328765185833,Medium,Medium,1,GENERATE_PAYMENT_LINK,APPROVED,2026-08-31T00:01:34.706290,Recovery opportunity is suitable for automated customer recovery,"Hi,

Your recent payment of ₹2,378.32 could not be completed because there were insufficient funds to complete the payment.

You can complete the payment using the secure payment link provided below.

If you have already completed the payment, please ignore this message.

Thank you.",plink_test_34ffd6af0b57,https://rzp.io/i/mock_d6af0b57,created
P04583,2833.3,0.3915939305264506,1109.5030833605924,Medium,Medium,1,GENERATE_PAYMENT_LINK,APPROVED,2026-08-31T00:01:34.706324,Recovery opportunity is suitable for automated customer recovery,"Hi,

Your recent payment of ₹2,833.30 could not be completed because there were insufficient funds to complete the payment.

You can complete the payment using the secure payment link provided below.

If you have already completed the payment, please ignore this message.

Thank you.",plink_test_37cc3b7a744c,https://rzp.io/i/mock_3b7a744c,created
P02455,2259.73,0.48975836632135317,1106.7216731273513,Medium,Medium,1,GENERATE_PAYMENT_LINK,APPROVED,2026-08-31T00:01:34.706357,Recovery opportunity is suitable for automated customer recovery,"Hi,

Your recent payment of ₹2,259.73 could not be completed because a temporary network issue interrupted the payment.

You can complete the payment using the secure payment link provided below.

If you have already completed the payment, please ignore this message.

Thank you.",plink_test_fc77ed5fe8e5,https://rzp.io/i/mock_ed5fe8e5,created
P02157,3515.47,0.31478187268461455,1106.6062299665819,Medium,Medium,0,GENERATE_PAYMENT_LINK,APPROVED,2026-08-31T00:01:34.706391,Recovery opportunity is suitable for automated customer recovery,"Hi,

Your recent payment of ₹3,515.47 could not be completed because your bank was unable to complete the payment.

You can complete the payment using the secure payment link provided below.

If you have already completed the payment, please ignore this message.

Thank you.",plink_test_e76fdde36696,https://rzp.io/i/mock_dde36696,created
P08717,3574.4,0.30914387736724797,1105.0038752614912,Medium,High,0,GENERATE_PAYMENT_LINK,APPROVED,2026-08-31T00:01:34.706425,Recovery opportunity is suitable for automated customer recovery,"Hi,

Your recent payment of ₹3,574.40 could not be completed because your bank was unable to complete the payment.

You can complete the payment using the secure payment link provided below.

If you have already completed the payment, please ignore this message.

Thank you.",plink_test_ded82ccd209b,https://rzp.io/i/mock_2ccd209b,created
P05202,2725.16,0.40539583046796646,1104.7685013580833,Medium,Medium,0,GENERATE_PAYMENT_LINK,APPROVED,2026-08-31T00:01:34.706458,Recovery opportunity is suitable for automated customer recovery,"Hi,

Your recent payment of ₹2,725.16 could not be completed because your bank was unable to complete the payment.

You can complete the payment using the secure payment link provided below.

If you have already completed the payment, please ignore this message.

Thank you.",plink_test_72e62badabbe,https://rzp.io/i/mock_2badabbe,created
P03298,2600.32,0.42434843377177256,1103.4417193054157,Medium,Medium,2,STOP,BLOCKED,2026-08-31T00:01:34.706592,Recovery attempt limit reached or recovery opportunity is not suitable,,,,
P01574,2655.39,0.41483530517048295,1101.5495209966487,Medium,High,1,GENERATE_PAYMENT_LINK,APPROVED,2026-08-31T00:01:34.706722,Recovery opportunity is suitable for automated customer recovery,"Hi,

Your recent payment of ₹2,655.39 could not be completed because a temporary network issue interrupted the payment.

You can complete the payment using the secure payment link provided below.

If you have already completed the payment, please ignore this message.

Thank you.",plink_test_7e39ecf83f7c,https://rzp.io/i/mock_ecf83f7c,created
P06110,2311.41,0.47645354784247207,1101.2794950185682,Medium,Medium,0,GENERATE_PAYMENT_LINK,APPROVED,2026-08-31T00:01:34.706835,Recovery opportunity is suitable for automated customer recovery,"Hi,

Your recent payment of ₹2,311.41 could not be completed because a temporary network issue interrupted the payment.

You can complete the payment using the secure payment link provided below.

If you have already completed the payment, please ignore this message.

Thank you.",plink_test_482b43abad07,https://rzp.io/i/mock_43abad07,created
P05686,2655.77,0.41441633070576345,1100.5944585984453,Medium,Medium,0,GENERATE_PAYMENT_LINK,APPROVED,2026-08-31T00:01:34.706926,Recovery opportunity is suitable for automated customer recovery,"Hi,

Your recent payment of ₹2,655.77 could not be completed because the payment authentication could not be completed.

You can complete the payment using the secure payment link provided below.

If you have already completed the payment, please ignore this message.

Thank you.",plink_test_3bfb25daca9f,https://rzp.io/i/mock_25daca9f,created
P00717,2294.7,0.47960958851889995,1100.5601227743196,Medium,Low,1,STOP,BLOCKED,2026-08-31T00:01:34.706981,Recovery attempt limit reached or recovery opportunity is not suitable,,,,
P03873,3149.17,0.34935856681257393,1100.1895178491534,Medium,Medium,2,STOP,BLOCKED,2026-08-31T00:01:34.707014,Recovery attempt limit reached or recovery opportunity is not suitable,,,,
P03317,2449.29,0.44824714211042277,1097.8872426996375,Medium,High,0,GENERATE_PAYMENT_LINK,APPROVED,2026-08-31T00:01:34.707083,Recovery opportunity is suitable for automated customer recovery,"Hi,

Your recent payment of ₹2,449.29 could not be completed because there were insufficient funds to complete the payment.

You can complete the payment using the secure payment link provided below.

If you have already completed the payment, please ignore this message.

Thank you.",plink_test_dfc66de26d0f,https://rzp.io/i/mock_6de26d0f,created
P03277,2228.27,0.4920885720533627,1096.5062024493466,Medium,Low,0,STOP,BLOCKED,2026-08-31T00:01:34.707157,Recovery attempt limit reached or recovery opportunity is not suitable,,,,
P06926,5116.12,0.2139164110974038,1094.4220291436495,Medium,Medium,0,GENERATE_PAYMENT_LINK,APPROVED,2026-08-31T00:01:34.707193,Recovery opportunity is suitable for automated customer recovery,"Hi,

Your recent payment of ₹5,116.12 could not be completed because the payment authentication could not be completed.

You can complete the payment using the secure payment link provided below.

If you have already completed the payment, please ignore this message.

Thank you.",plink_test_d9d0c2ec2265,https://rzp.io/i/mock_c2ec2265,created
P01332,3058.16,0.3574953481167528,1093.2779737967287,Medium,High,2,STOP,BLOCKED,2026-08-31T00:01:34.707251,Recovery attempt limit reached or recovery opportunity is not suitable,,,,
P08716,3199.11,0.3414157990410342,1092.2266968701629,Medium,Medium,1,GENERATE_PAYMENT_LINK,APPROVED,2026-08-31T00:01:34.707282,Recovery opportunity is suitable for automated customer recovery,"Hi,

Your recent payment of ₹3,199.11 could not be completed because the payment authentication could not be completed.

You can complete the payment using the secure payment link provided below.

If you have already completed the payment, please ignore this message.

Thank you.",plink_test_aaba5f15212e,https://rzp.io/i/mock_5f15212e,created
P09673,2741.52,0.39809326464381367,1091.380646886308,Medium,Low,0,STOP,BLOCKED,2026-08-31T00:01:34.707372,Recovery attempt limit reached or recovery opportunity is not suitable,,,,
P08206,2796.62,0.3895195378631485,1089.3381299788384,Medium,Medium,1,GENERATE_PAYMENT_LINK,APPROVED,2026-08-31T00:01:34.707409,Recovery opportunity is suitable for automated customer recovery,"Hi,

Your recent payment of ₹2,796.62 could not be completed because a temporary network issue interrupted the payment.

You can complete the payment using the secure payment link provided below.

If you have already completed the payment, please ignore this message.

Thank you.",plink_test_506274fff7bb,https://rzp.io/i/mock_74fff7bb,created
P05513,3034.84,0.35831858027250313,1087.4395601542035,Medium,High,0,GENERATE_PAYMENT_LINK,APPROVED,2026-08-31T00:01:34.707462,Recovery opportunity is suitable for automated customer recovery,"Hi,

Your recent payment of ₹3,034.84 could not be completed because the payment authentication could not be completed.

You can complete the payment using the secure payment link provided below.

If you have already completed the payment, please ignore this message.

Thank you.",plink_test_7339c838df24,https://rzp.io/i/mock_c838df24,created
P01627,5403.46,0.19966674613268978,1078.8912760581438,Medium,Medium,0,GENERATE_PAYMENT_LINK,APPROVED,2026-08-31T00:01:34.707504,Recovery opportunity is suitable for automated customer recovery,"Hi,

Your recent payment of ₹5,403.46 could not be completed because the payment authentication could not be completed.

You can complete the payment using the secure payment link provided below.

If you have already completed the payment, please ignore this message.

Thank you.",plink_test_9b4dcf21aae3,https://rzp.io/i/mock_cf21aae3,created
P08228,3664.94,0.2938516528220683,1076.948676493711,Medium,High,1,GENERATE_PAYMENT_LINK,APPROVED,2026-08-31T00:01:34.707586,Recovery opportunity is suitable for automated customer recovery,"Hi,

Your recent payment of ₹3,664.94 could not be completed because the payment authentication could not be completed.

You can complete the payment using the secure payment link provided below.

If you have already completed the payment, please ignore this message.

Thank you.",plink_test_ece9b70e5f89,https://rzp.io/i/mock_b70e5f89,created
P05068,2066.25,0.5209431688126562,1076.3988225591509,Medium,Low,0,STOP,BLOCKED,2026-08-31T00:01:34.707652,Recovery attempt limit reached or recovery opportunity is not suitable,,,,
P02352,2619.92,0.41069942827291456,1075.9996461207743,Medium,Medium,0,GENERATE_PAYMENT_LINK,APPROVED,2026-08-31T00:01:34.707689,Recovery opportunity is suitable for automated customer recovery,"Hi,

Your recent payment of ₹2,619.92 could not be completed because your card payment was declined by the issuing bank.

You can complete the payment using the secure payment link provided below.

If you have already completed the payment, please ignore this message.

Thank you.",plink_test_7959356e5c55,https://rzp.io/i/mock_356e5c55,created
P07075,3215.75,0.33450628088590073,1075.6885727588353,Medium,Medium,1,GENERATE_PAYMENT_LINK,APPROVED,2026-08-31T00:01:34.707732,Recovery opportunity is suitable for automated customer recovery,"Hi,

Your recent payment of ₹3,215.75 could not be completed because your card payment was declined by the issuing bank.

You can complete the payment using the secure payment link provided below.

If you have already completed the payment, please ignore this message.

Thank you.",plink_test_fa82011a8ce8,https://rzp.io/i/mock_011a8ce8,created
P02906,4431.35,0.24264594518297936,1075.2491091865957,Medium,High,0,GENERATE_PAYMENT_LINK,APPROVED,2026-08-31T00:01:34.707779,Recovery opportunity is suitable for automated customer recovery,"Hi,

Your recent payment of ₹4,431.35 could not be completed because your card appears to have expired.

You can complete the payment using the secure payment link provided below.

If you have already completed the payment, please ignore this message.

Thank you.",plink_test_a980a2c5937f,https://rzp.io/i/mock_a2c5937f,created
P09922,2164.33,0.49609484924016745,1073.7129650559716,Medium,High,0,GENERATE_PAYMENT_LINK,APPROVED,2026-08-31T00:01:34.707823,Recovery opportunity is suitable for automated customer recovery,"Hi,

Your recent payment of ₹2,164.33 could not be completed because there were insufficient funds to complete the payment.

You can complete the payment using the secure payment link provided below.

If you have already completed the payment, please ignore this message.

Thank you.",plink_test_d7ccd2c9a4cc,https://rzp.io/i/mock_d2c9a4cc,created
P00421,2314.34,0.463056049437158,1071.6691374543923,Medium,Low,0,STOP,BLOCKED,2026-08-31T00:01:34.707862,Recovery attempt limit reached or recovery opportunity is not suitable,,,,
P08390,3598.76,0.29746489838867674,1070.5047777252344,Medium,Low,2,STOP,BLOCKED,2026-08-31T00:01:34.707926,Recovery attempt limit reached or recovery opportunity is not suitable,,,,
P01961,2933.37,0.3644009421048062,1068.9227915419754,Medium,Low,0,STOP,BLOCKED,2026-08-31T00:01:34.707967,Recovery attempt limit reached or recovery opportunity is not suitable,,,,
P08123,2353.42,0.45411699835772357,1068.728026275034,Medium,Medium,0,GENERATE_PAYMENT_LINK,APPROVED,2026-08-31T00:01:34.707994,Recovery opportunity is suitable for automated customer recovery,"Hi,

Your recent payment of ₹2,353.42 could not be completed because the payment authentication could not be completed.

You can complete the payment using the secure payment link provided below.

If you have already completed the payment, please ignore this message.

Thank you.",plink_test_2d9d95d436cc,https://rzp.io/i/mock_95d436cc,created
P03644,3261.29,0.3276503940836241,1068.5629537209825,Medium,Medium,1,GENERATE_PAYMENT_LINK,APPROVED,2026-08-31T00:01:34.708046,Recovery opportunity is suitable for automated customer recovery,"Hi,

Your recent payment of ₹3,261.29 could not be completed because a temporary network issue interrupted the payment.

You can complete the payment using the secure payment link provided below.

If you have already completed the payment, please ignore this message.

Thank you.",plink_test_4e099252165e,https://rzp.io/i/mock_9252165e,created
P05869,3997.91,0.2671177324892546,1067.9126538961157,Medium,Low,2,STOP,BLOCKED,2026-08-31T00:01:34.708088,Recovery attempt limit reached or recovery opportunity is not suitable,,,,
P07137,3998.07,0.26692652861564375,1067.1909462623469,Medium,Medium,0,GENERATE_PAYMENT_LINK,APPROVED,2026-08-31T00:01:34.708141,Recovery opportunity is suitable for automated customer recovery,"Hi,

Your recent payment of ₹3,998.07 could not be completed because your bank was unable to complete the payment.

You can complete the payment using the secure payment link provided below.

If you have already completed the payment, please ignore this message.

Thank you.",plink_test_efd05ea19401,https://rzp.io/i/mock_5ea19401,created
P06292,2587.43,0.4119501817484125,1065.892258761295,Medium,Medium,0,GENERATE_PAYMENT_LINK,APPROVED,2026-08-31T00:01:34.708205,Recovery opportunity is suitable for automated customer recovery,"Hi,

Your recent payment of ₹2,587.43 could not be completed because there were insufficient funds to complete the payment.

You can complete the payment using the secure payment link provided below.

If you have already completed the payment, please ignore this message.

Thank you.",plink_test_1eb846edaef0,https://rzp.io/i/mock_46edaef0,created
P05061,2591.51,0.4110515932751412,1065.2443144884612,Medium,Low,0,STOP,BLOCKED,2026-08-31T00:01:34.708281,Recovery attempt limit reached or recovery opportunity is not suitable,,,,
P05274,3238.09,0.32721087689548406,1059.538268366498,Medium,Medium,0,GENERATE_PAYMENT_LINK,APPROVED,2026-08-31T00:01:34.708316,Recovery opportunity is suitable for automated customer recovery,"Hi,

Your recent payment of ₹3,238.09 could not be completed because the payment authentication could not be completed.

You can complete the payment using the secure payment link provided below.

If you have already completed the payment, please ignore this message.

Thank you.",plink_test_e8b395db612f,https://rzp.io/i/mock_95db612f,created
P00384,2028.89,0.5213249349559248,1057.7109472827262,Medium,Low,0,STOP,BLOCKED,2026-08-31T00:01:34.708374,Recovery attempt limit reached or recovery opportunity is not suitable,,,,
P08689,4687.29,0.22552635519054248,1057.1074294210778,Medium,Medium,2,STOP,BLOCKED,2026-08-31T00:01:34.708431,Recovery attempt limit reached or recovery opportunity is not suitable,,,,
P08820,2524.24,0.4182583068188681,1055.7843484044595,Medium,Low,0,STOP,BLOCKED,2026-08-31T00:01:34.708465,Recovery attempt limit reached or recovery opportunity is not suitable,,,,
P01514,2565.76,0.41101339631464645,1054.5617317282674,Medium,Medium,0,GENERATE_PAYMENT_LINK,APPROVED,2026-08-31T00:01:34.708502,Recovery opportunity is suitable for automated customer recovery,"Hi,

Your recent payment of ₹2,565.76 could not be completed because a temporary network issue interrupted the payment.

You can complete the payment using the secure payment link provided below.

If you have already completed the payment, please ignore this message.

Thank you.",plink_test_30615cad069f,https://rzp.io/i/mock_5cad069f,created
P01552,5114.15,0.20573377549334906,1052.153387939311,Medium,Medium,2,STOP,BLOCKED,2026-08-31T00:01:34.708546,Recovery attempt limit reached or recovery opportunity is not suitable,,,,
P04630,4601.52,0.22709264349870095,1044.9713409121425,Medium,Medium,0,GENERATE_PAYMENT_LINK,APPROVED,2026-08-31T00:01:34.708605,Recovery opportunity is suitable for automated customer recovery,"Hi,

Your recent payment of ₹4,601.52 could not be completed because your card payment was declined by the issuing bank.

You can complete the payment using the secure payment link provided below.

If you have already completed the payment, please ignore this message.

Thank you.",plink_test_0bee255f7b36,https://rzp.io/i/mock_255f7b36,created
P03503,2921.15,0.35710458677249224,1043.1560636504657,Medium,High,0,GENERATE_PAYMENT_LINK,APPROVED,2026-08-31T00:01:34.708667,Recovery opportunity is suitable for automated customer recovery,"Hi,

Your recent payment of ₹2,921.15 could not be completed because your card appears to have expired.

You can complete the payment using the secure payment link provided below.

If you have already completed the payment, please ignore this message.

Thank you.",plink_test_f7c70495e26e,https://rzp.io/i/mock_0495e26e,created
P07004,3676.25,0.28357026003058244,1042.4751684374287,Medium,High,0,GENERATE_PAYMENT_LINK,APPROVED,2026-08-31T00:01:34.708715,Recovery opportunity is suitable for automated customer recovery,"Hi,

Your recent payment of ₹3,676.25 could not be completed because your card payment was declined by the issuing bank.

You can complete the payment using the secure payment link provided below.

If you have already completed the payment, please ignore this message.

Thank you.",plink_test_c2a6cd6e471e,https://rzp.io/i/mock_cd6e471e,created
P02431,2996.45,0.3470834707948438,1040.0182660632097,Medium,Low,1,STOP,BLOCKED,2026-08-31T00:01:34.708758,Recovery attempt limit reached or recovery opportunity is not suitable,,,,
P03600,2265.05,0.4589841001757472,1039.6219361030762,Medium,Medium,0,GENERATE_PAYMENT_LINK,APPROVED,2026-08-31T00:01:34.708791,Recovery opportunity is suitable for automated customer recovery,"Hi,

Your recent payment of ₹2,265.05 could not be completed because the payment authentication could not be completed.

You can complete the payment using the secure payment link provided below.

If you have already completed the payment, please ignore this message.

Thank you.",plink_test_81df2ceb0a0b,https://rzp.io/i/mock_2ceb0a0b,created
P02617,2078.06,0.5000219936558915,1039.0757041365619,Medium,Medium,0,GENERATE_PAYMENT_LINK,APPROVED,2026-08-31T00:01:34.708873,Recovery opportunity is suitable for automated customer recovery,"Hi,

Your recent payment of ₹2,078.06 could not be completed because a temporary network issue interrupted the payment.

You can complete the payment using the secure payment link provided below.

If you have already completed the payment, please ignore this message.

Thank you.",plink_test_481ffa09245b,https://rzp.io/i/mock_fa09245b,created
P09317,3260.67,0.3185336813886534,1038.6332188935405,Medium,Low,1,STOP,BLOCKED,2026-08-31T00:01:34.708915,Recovery attempt limit reached or recovery opportunity is not suitable,,,,
P07278,2852.25,0.36372068339045033,1037.422319200412,Medium,Low,0,STOP,BLOCKED,2026-08-31T00:01:34.708940,Recovery attempt limit reached or recovery opportunity is not suitable,,,,
P08829,2445.56,0.42335669891089667,1035.3442085885324,Medium,Medium,0,GENERATE_PAYMENT_LINK,APPROVED,2026-08-31T00:01:34.708964,Recovery opportunity is suitable for automated customer recovery,"Hi,

Your recent payment of ₹2,445.56 could not be completed because the OTP verification was unsuccessful.

You can complete the payment using the secure payment link provided below.

If you have already completed the payment, please ignore this message.

Thank you.",plink_test_84a03e0bd1cd,https://rzp.io/i/mock_3e0bd1cd,created
P05844,6198.22,0.16701571101316626,1035.2001203160273,Medium,High,1,GENERATE_PAYMENT_LINK,APPROVED,2026-08-31T00:01:34.709003,Recovery opportunity is suitable for automated customer recovery,"Hi,

Your recent payment of ₹6,198.22 could not be completed because the payment authentication could not be completed.

You can complete the payment using the secure payment link provided below.

If you have already completed the payment, please ignore this message.

Thank you.",plink_test_7d28dac478c0,https://rzp.io/i/mock_dac478c0,created
P09694,2019.36,0.5117086613538769,1033.3240023915648,Medium,Low,0,STOP,BLOCKED,2026-08-31T00:01:34.709049,Recovery attempt limit reached or recovery opportunity is not suitable,,,,
P08685,3361.02,0.3074025153676657,1033.186002201032,Medium,High,1,GENERATE_PAYMENT_LINK,APPROVED,2026-08-31T00:01:34.709076,Recovery opportunity is suitable for automated customer recovery,"Hi,

Your recent payment of ₹3,361.02 could not be completed because there were insufficient funds to complete the payment.

You can complete the payment using the secure payment link provided below.

If you have already completed the payment, please ignore this message.

Thank you.",plink_test_62ded9ca05b4,https://rzp.io/i/mock_d9ca05b4,created
P07762,3648.12,0.2830963339218438,1032.7693977069569,Medium,Medium,1,GENERATE_PAYMENT_LINK,APPROVED,2026-08-31T00:01:34.709113,Recovery opportunity is suitable for automated customer recovery,"Hi,

Your recent payment of ₹3,648.12 could not be completed because your card payment was declined by the issuing bank.

You can complete the payment using the secure payment link provided below.

If you have already completed the payment, please ignore this message.

Thank you.",plink_test_970e91d5bb59,https://rzp.io/i/mock_91d5bb59,created
P02146,2807.07,0.3676533326129968,1032.028640377965,Medium,Low,2,STOP,BLOCKED,2026-08-31T00:01:34.709185,Recovery attempt limit reached or recovery opportunity is not suitable,,,,
P09128,4502.15,0.22876624519388733,1029.9399507996598,Medium,Medium,1,GENERATE_PAYMENT_LINK,APPROVED,2026-08-31T00:01:34.709223,Recovery opportunity is suitable for automated customer recovery,"Hi,

Your recent payment of ₹4,502.15 could not be completed because the payment authentication could not be completed.

You can complete the payment using the secure payment link provided below.

If you have already completed the payment, please ignore this message.

Thank you.",plink_test_42ff211b8895,https://rzp.io/i/mock_211b8895,created
P09957,2328.42,0.4412397801226131,1027.3915288330948,Medium,Medium,0,GENERATE_PAYMENT_LINK,APPROVED,2026-08-31T00:01:34.709274,Recovery opportunity is suitable for automated customer recovery,"Hi,

Your recent payment of ₹2,328.42 could not be completed because there were insufficient funds to complete the payment.

You can complete the payment using the secure payment link provided below.

If you have already completed the payment, please ignore this message.

Thank you.",plink_test_4b2dc79296e7,https://rzp.io/i/mock_c79296e7,created
P08342,2884.94,0.3561204206211626,1027.386046266817,Medium,Medium,0,GENERATE_PAYMENT_LINK,APPROVED,2026-08-31T00:01:34.709313,Recovery opportunity is suitable for automated customer recovery,"Hi,

Your recent payment of ₹2,884.94 could not be completed because your bank was unable to complete the payment.

You can complete the payment using the secure payment link provided below.

If you have already completed the payment, please ignore this message.

Thank you.",plink_test_ff111b7a2cb7,https://rzp.io/i/mock_1b7a2cb7,created
P09588,2041.77,0.501953793301004,1024.8741965481909,Medium,Medium,0,GENERATE_PAYMENT_LINK,APPROVED,2026-08-31T00:01:34.709394,Recovery opportunity is suitable for automated customer recovery,"Hi,

Your recent payment of ₹2,041.77 could not be completed because the OTP verification was unsuccessful.

You can complete the payment using the secure payment link provided below.

If you have already completed the payment, please ignore this message.

Thank you.",plink_test_03f428219455,https://rzp.io/i/mock_28219455,created
P08678,3057.27,0.3341455367571686,1021.5731251615889,Medium,Medium,2,STOP,BLOCKED,2026-08-31T00:01:34.709447,Recovery attempt limit reached or recovery opportunity is not suitable,,,,
P03896,4051.09,0.2521287611718785,1021.3963030957852,Medium,Low,2,STOP,BLOCKED,2026-08-31T00:01:34.709483,Recovery attempt limit reached or recovery opportunity is not suitable,,,,
P07775,2275.5,0.4485960923352068,1020.7804081087631,Medium,Low,1,STOP,BLOCKED,2026-08-31T00:01:34.709510,Recovery attempt limit reached or recovery opportunity is not suitable,,,,
P09150,3599.35,0.28348579943699165,1020.3646122035359,Medium,High,0,GENERATE_PAYMENT_LINK,APPROVED,2026-08-31T00:01:34.709541,Recovery opportunity is suitable for automated customer recovery,"Hi,

Your recent payment of ₹3,599.35 could not be completed because your bank was unable to complete the payment.

You can complete the payment using the secure payment link provided below.

If you have already completed the payment, please ignore this message.

Thank you.",plink_test_84b378893119,https://rzp.io/i/mock_78893119,created
P02630,2515.73,0.4049880120295292,1018.8404915030476,Medium,Low,1,STOP,BLOCKED,2026-08-31T00:01:34.709631,Recovery attempt limit reached or recovery opportunity is not suitable,,,,
P04905,2728.74,0.3732399344594535,1018.4747387568891,Medium,High,0,GENERATE_PAYMENT_LINK,APPROVED,2026-08-31T00:01:34.709667,Recovery opportunity is suitable for automated customer recovery,"Hi,

Your recent payment of ₹2,728.74 could not be completed because your bank was unable to complete the payment.

You can complete the payment using the secure payment link provided below.

If you have already completed the payment, please ignore this message.

Thank you.",plink_test_602a22b6cdf7,https://rzp.io/i/mock_22b6cdf7,created
P07399,3265.01,0.31156356740468233,1017.2581632119619,Medium,Low,0,STOP,BLOCKED,2026-08-31T00:01:34.709709,Recovery attempt limit reached or recovery opportunity is not suitable,,,,
P00963,3365.24,0.3020141579748218,1016.3501249831892,Medium,Medium,2,STOP,BLOCKED,2026-08-31T00:01:34.709820,Recovery attempt limit reached or recovery opportunity is not suitable,,,,
P06557,3359.94,0.30232257692967424,1015.7857191290897,Medium,Medium,0,GENERATE_PAYMENT_LINK,APPROVED,2026-08-31T00:01:34.709901,Recovery opportunity is suitable for automated customer recovery,"Hi,

Your recent payment of ₹3,359.94 could not be completed because your bank was unable to complete the payment.

You can complete the payment using the secure payment link provided below.

If you have already completed the payment, please ignore this message.

Thank you.",plink_test_2417e814db99,https://rzp.io/i/mock_e814db99,created
P08995,2079.84,0.48689192650083224,1012.657304413491,Medium,High,1,GENERATE_PAYMENT_LINK,APPROVED,2026-08-31T00:01:34.709976,Recovery opportunity is suitable for automated customer recovery,"Hi,

Your recent payment of ₹2,079.84 could not be completed because a temporary network issue interrupted the payment.

You can complete the payment using the secure payment link provided below.

If you have already completed the payment, please ignore this message.

Thank you.",plink_test_67f4fbf4afdc,https://rzp.io/i/mock_fbf4afdc,created
P03241,4215.25,0.2401127278709783,1012.1351761581412,Medium,Low,1,STOP,BLOCKED,2026-08-31T00:01:34.710047,Recovery attempt limit reached or recovery opportunity is not suitable,,,,
P07806,1989.17,0.5081267514181711,1010.7504901184834,Medium,High,0,GENERATE_PAYMENT_LINK,APPROVED,2026-08-31T00:01:34.710188,Recovery opportunity is suitable for automated customer recovery,"Hi,

Your recent payment of ₹1,989.17 could not be completed because your bank was unable to complete the payment.

You can complete the payment using the secure payment link provided below.

If you have already completed the payment, please ignore this message.

Thank you.",plink_test_795c8115d140,https://rzp.io/i/mock_8115d140,created
P01108,2083.12,0.4851781626219064,1010.6843341209456,Medium,Medium,0,GENERATE_PAYMENT_LINK,APPROVED,2026-08-31T00:01:34.710310,Recovery opportunity is suitable for automated customer recovery,"Hi,

Your recent payment of ₹2,083.12 could not be completed because there were insufficient funds to complete the payment.

You can complete the payment using the secure payment link provided below.

If you have already completed the payment, please ignore this message.

Thank you.",plink_test_fe28a8ca9bea,https://rzp.io/i/mock_a8ca9bea,created
P05157,2131.32,0.4737301044817304,1009.6704462840017,Medium,High,0,GENERATE_PAYMENT_LINK,APPROVED,2026-08-31T00:01:34.710375,Recovery opportunity is suitable for automated customer recovery,"Hi,

Your recent payment of ₹2,131.32 could not be completed because a temporary network issue interrupted the payment.

You can complete the payment using the secure payment link provided below.

If you have already completed the payment, please ignore this message.

Thank you.",plink_test_84c48c7ef648,https://rzp.io/i/mock_8c7ef648,created
P09278,4169.43,0.24187561869358254,1008.4834608495839,Medium,Low,0,STOP,BLOCKED,2026-08-31T00:01:34.710422,Recovery attempt limit reached or recovery opportunity is not suitable,,,,
P06354,3643.29,0.27673721504047677,1008.2339281848186,Medium,Medium,0,GENERATE_PAYMENT_LINK,APPROVED,2026-08-31T00:01:34.710451,Recovery opportunity is suitable for automated customer recovery,"Hi,

Your recent payment of ₹3,643.29 could not be completed because your card payment was declined by the issuing bank.

You can complete the payment using the secure payment link provided below.

If you have already completed the payment, please ignore this message.

Thank you.",plink_test_2c52a5ca19a5,https://rzp.io/i/mock_a5ca19a5,created
P07091,6528.75,0.15435534535072257,1007.7474609585299,Medium,Medium,1,GENERATE_PAYMENT_LINK,APPROVED,2026-08-31T00:01:34.710493,Recovery opportunity is suitable for automated customer recovery,"Hi,

Your recent payment of ₹6,528.75 could not be completed because the payment authentication could not be completed.

You can complete the payment using the secure payment link provided below.

If you have already completed the payment, please ignore this message.

Thank you.",plink_test_bcfdfad4f8d5,https://rzp.io/i/mock_fad4f8d5,created
P06527,2607.56,0.38622498918112586,1007.1048327891365,Medium,Medium,0,GENERATE_PAYMENT_LINK,APPROVED,2026-08-31T00:01:34.710533,Recovery opportunity is suitable for automated customer recovery,"Hi,

Your recent payment of ₹2,607.56 could not be completed because your card payment was declined by the issuing bank.

You can complete the payment using the secure payment link provided below.

If you have already completed the payment, please ignore this message.

Thank you.",plink_test_a88b8fb1d733,https://rzp.io/i/mock_8fb1d733,created
P05152,4090.66,0.24611008456105202,1006.752678510513,Medium,Medium,0,GENERATE_PAYMENT_LINK,APPROVED,2026-08-31T00:01:34.710572,Recovery opportunity is suitable for automated customer recovery,"Hi,

Your recent payment of ₹4,090.66 could not be completed because the payment authentication could not be completed.

You can complete the payment using the secure payment link provided below.

If you have already completed the payment, please ignore this message.

Thank you.",plink_test_54b5c08663a6,https://rzp.io/i/mock_c08663a6,created
P01093,2973.03,0.3385739287862029,1006.5904474992449,Medium,Low,0,STOP,BLOCKED,2026-08-31T00:01:34.710609,Recovery attempt limit reached or recovery opportunity is not suitable,,,,
P02918,3538.81,0.28434541087203785,1006.2443834480763,Medium,Medium,1,GENERATE_PAYMENT_LINK,APPROVED,2026-08-31T00:01:34.710636,Recovery opportunity is suitable for automated customer recovery,"Hi,

Your recent payment of ₹3,538.81 could not be completed because your bank was unable to complete the payment.

You can complete the payment using the secure payment link provided below.

If you have already completed the payment, please ignore this message.

Thank you.",plink_test_84c69b2e4759,https://rzp.io/i/mock_9b2e4759,created
P09656,2087.15,0.48009959526991575,1002.0398702676047,Medium,High,0,GENERATE_PAYMENT_LINK,APPROVED,2026-08-31T00:01:34.710673,Recovery opportunity is suitable for automated customer recovery,"Hi,

Your recent payment of ₹2,087.15 could not be completed because there were insufficient funds to complete the payment.

You can complete the payment using the secure payment link provided below.

If you have already completed the payment, please ignore this message.

Thank you.",plink_test_9a1151b660b6,https://rzp.io/i/mock_51b660b6,created
P06603,4055.6,0.2468650692808331,1001.1859749753467,Medium,High,0,GENERATE_PAYMENT_LINK,APPROVED,2026-08-31T00:01:34.710711,Recovery opportunity is suitable for automated customer recovery,"Hi,

Your recent payment of ₹4,055.60 could not be completed because your card payment was declined by the issuing bank.

You can complete the payment using the secure payment link provided below.

If you have already completed the payment, please ignore this message.

Thank you.",plink_test_903a19871d81,https://rzp.io/i/mock_19871d81,created
P03938,3014.41,0.33186606552885467,1000.3803865908347,Medium,Medium,0,GENERATE_PAYMENT_LINK,APPROVED,2026-08-31T00:01:34.710747,Recovery opportunity is suitable for automated customer recovery,"Hi,

Your recent payment of ₹3,014.41 could not be completed because there were insufficient funds to complete the payment.

You can complete the payment using the secure payment link provided below.

If you have already completed the payment, please ignore this message.

Thank you.",plink_test_edfdd3be69c0,https://rzp.io/i/mock_d3be69c0,created
P00559,2193.63,0.4560041507570738,1000.3043852252398,Medium,Low,0,STOP,BLOCKED,2026-08-31T00:01:34.710782,Recovery attempt limit reached or recovery opportunity is not suitable,,,,
P07266,2717.62,0.36806880377889867,1000.2711425256106,Medium,Medium,1,GENERATE_PAYMENT_LINK,APPROVED,2026-08-31T00:01:34.710808,Recovery opportunity is suitable for automated customer recovery,"Hi,

Your recent payment of ₹2,717.62 could not be completed because a temporary network issue interrupted the payment.

You can complete the payment using the secure payment link provided below.

If you have already completed the payment, please ignore this message.

Thank you.",plink_test_6af5a119a121,https://rzp.io/i/mock_a119a121,created
P00546,3320.6,0.30095917028935865,999.3650208628443,Medium,Medium,0,GENERATE_PAYMENT_LINK,APPROVED,2026-08-31T00:01:34.710844,Recovery opportunity is suitable for automated customer recovery,"Hi,

Your recent payment of ₹3,320.60 could not be completed because the payment authentication could not be completed.

You can complete the payment using the secure payment link provided below.

If you have already completed the payment, please ignore this message.

Thank you.",plink_test_f0dec0944a58,https://rzp.io/i/mock_c0944a58,created
P05290,2096.35,0.47638924749231565,998.6785989805159,Medium,Medium,0,GENERATE_PAYMENT_LINK,APPROVED,2026-08-31T00:01:34.710880,Recovery opportunity is suitable for automated customer recovery,"Hi,

Your recent payment of ₹2,096.35 could not be completed because there were insufficient funds to complete the payment.

You can complete the payment using the secure payment link provided below.

If you have already completed the payment, please ignore this message.

Thank you.",plink_test_a913dd0fb084,https://rzp.io/i/mock_dd0fb084,created
P03297,2259.19,0.4417064618773535,997.8988216086983,Medium,High,0,GENERATE_PAYMENT_LINK,APPROVED,2026-08-31T00:01:34.710917,Recovery opportunity is suitable for automated customer recovery,"Hi,

Your recent payment of ₹2,259.19 could not be completed because there were insufficient funds to complete the payment.

You can complete the payment using the secure payment link provided below.

If you have already completed the payment, please ignore this message.

Thank you.",plink_test_e4281281c57b,https://rzp.io/i/mock_1281c57b,created
P04170,2688.26,0.3711369496130961,997.7126161669019,Medium,Low,0,STOP,BLOCKED,2026-08-31T00:01:34.710953,Recovery attempt limit reached or recovery opportunity is not suitable,,,,
P09108,3414.87,0.2921050860037103,997.5008950414903,Medium,Low,0,STOP,BLOCKED,2026-08-31T00:01:34.710979,Recovery attempt limit reached or recovery opportunity is not suitable,,,,
P03911,3894.96,0.25606521049583747,997.3637522728671,Medium,Low,0,STOP,BLOCKED,2026-08-31T00:01:34.711003,Recovery attempt limit reached or recovery opportunity is not suitable,,,,
P05472,2794.31,0.35625669880777544,995.4916560455549,Medium,High,1,GENERATE_PAYMENT_LINK,APPROVED,2026-08-31T00:01:34.711027,Recovery opportunity is suitable for automated customer recovery,"Hi,

Your recent payment of ₹2,794.31 could not be completed because your bank was unable to complete the payment.

You can complete the payment using the secure payment link provided below.

If you have already completed the payment, please ignore this message.

Thank you.",plink_test_920d1ab9d46d,https://rzp.io/i/mock_1ab9d46d,created
P03577,1829.53,0.5437088358844051,994.7316265155956,Medium,High,0,GENERATE_PAYMENT_LINK,APPROVED,2026-08-31T00:01:34.711065,Recovery opportunity is suitable for automated customer recovery,"Hi,

Your recent payment of ₹1,829.53 could not be completed because there were insufficient funds to complete the payment.

You can complete the payment using the secure payment link provided below.

If you have already completed the payment, please ignore this message.

Thank you.",plink_test_764449f67bc4,https://rzp.io/i/mock_49f67bc4,created
P06871,3046.18,0.32646141094690334,994.460220798238,Medium,Medium,0,GENERATE_PAYMENT_LINK,APPROVED,2026-08-31T00:01:34.711101,Recovery opportunity is suitable for automated customer recovery,"Hi,

Your recent payment of ₹3,046.18 could not be completed because your bank was unable to complete the payment.

You can complete the payment using the secure payment link provided below.

If you have already completed the payment, please ignore this message.

Thank you.",plink_test_ce2c4e66b946,https://rzp.io/i/mock_4e66b946,created
P08586,2171.12,0.4565438655371521,991.2115173450215,Medium,Medium,0,GENERATE_PAYMENT_LINK,APPROVED,2026-08-31T00:01:34.711138,Recovery opportunity is suitable for automated customer recovery,"Hi,

Your recent payment of ₹2,171.12 could not be completed because your bank was unable to complete the payment.

You can complete the payment using the secure payment link provided below.

If you have already completed the payment, please ignore this message.

Thank you.",plink_test_9ff19a2c3888,https://rzp.io/i/mock_9a2c3888,created
P00201,4386.63,0.22585106269522076,990.7250471507363,Medium,Medium,0,GENERATE_PAYMENT_LINK,APPROVED,2026-08-31T00:01:34.711176,Recovery opportunity is suitable for automated customer recovery,"Hi,

Your recent payment of ₹4,386.63 could not be completed because the payment authentication could not be completed.

You can complete the payment using the secure payment link provided below.

If you have already completed the payment, please ignore this message.

Thank you.",plink_test_a551e3ba7b4e,https://rzp.io/i/mock_e3ba7b4e,created
P03432,5762.46,0.17184342233777156,990.2408474845151,Medium,High,1,GENERATE_PAYMENT_LINK,APPROVED,2026-08-31T00:01:34.711216,Recovery opportunity is suitable for automated customer recovery,"Hi,

Your recent payment of ₹5,762.46 could not be completed because your card appears to have expired.

You can complete the payment using the secure payment link provided below.

If you have already completed the payment, please ignore this message.

Thank you.",plink_test_298fcb2a722a,https://rzp.io/i/mock_cb2a722a,created
P07601,1943.72,0.5089806163540977,989.3158036197868,Medium,Medium,0,GENERATE_PAYMENT_LINK,APPROVED,2026-08-31T00:01:34.711253,Recovery opportunity is suitable for automated customer recovery,"Hi,

Your recent payment of ₹1,943.72 could not be completed because your bank was unable to complete the payment.

You can complete the payment using the secure payment link provided below.

If you have already completed the payment, please ignore this message.

Thank you.",plink_test_a94eeae471c5,https://rzp.io/i/mock_eae471c5,created
P03594,4842.29,0.2041495099239343,988.5511304095678,Medium,High,1,GENERATE_PAYMENT_LINK,APPROVED,2026-08-31T00:01:34.711289,Recovery opportunity is suitable for automated customer recovery,"Hi,

Your recent payment of ₹4,842.29 could not be completed because your bank was unable to complete the payment.

You can complete the payment using the secure payment link provided below.

If you have already completed the payment, please ignore this message.

Thank you.",plink_test_221ea4087d81,https://rzp.io/i/mock_a4087d81,created
P07688,2488.41,0.3969514606889619,987.7779842930197,Medium,High,0,GENERATE_PAYMENT_LINK,APPROVED,2026-08-31T00:01:34.711324,Recovery opportunity is suitable for automated customer recovery,"Hi,

Your recent payment of ₹2,488.41 could not be completed because a temporary network issue interrupted the payment.

You can complete the payment using the secure payment link provided below.

If you have already completed the payment, please ignore this message.

Thank you.",plink_test_ba3697d3d561,https://rzp.io/i/mock_97d3d561,created
P05537,4908.7,0.20121382542357813,987.698304856718,Medium,High,1,GENERATE_PAYMENT_LINK,APPROVED,2026-08-31T00:01:34.711359,Recovery opportunity is suitable for automated customer recovery,"Hi,

Your recent payment of ₹4,908.70 could not be completed because the payment authentication could not be completed.

You can complete the payment using the secure payment link provided below.

If you have already completed the payment, please ignore this message.

Thank you.",plink_test_867d9d36c74c,https://rzp.io/i/mock_9d36c74c,created
P08957,3405.31,0.2897544444264545,986.7037071498497,Medium,Low,0,STOP,BLOCKED,2026-08-31T00:01:34.711394,Recovery attempt limit reached or recovery opportunity is not suitable,,,,
P02080,2100.73,0.4694507828140157,986.1893429808872,Medium,Medium,0,GENERATE_PAYMENT_LINK,APPROVED,2026-08-31T00:01:34.711418,Recovery opportunity is suitable for automated customer recovery,"Hi,

Your recent payment of ₹2,100.73 could not be completed because there were insufficient funds to complete the payment.

You can complete the payment using the secure payment link provided below.

If you have already completed the payment, please ignore this message.

Thank you.",plink_test_2cad336afa33,https://rzp.io/i/mock_336afa33,created
P02541,2950.72,0.33419492783039606,986.1156574477062,Medium,Medium,1,GENERATE_PAYMENT_LINK,APPROVED,2026-08-31T00:01:34.711455,Recovery opportunity is suitable for automated customer recovery,"Hi,

Your recent payment of ₹2,950.72 could not be completed because the payment authentication could not be completed.

You can complete the payment using the secure payment link provided below.

If you have already completed the payment, please ignore this message.

Thank you.",plink_test_c39b0dec8fc3,https://rzp.io/i/mock_0dec8fc3,created
P09166,2323.09,0.4243236193643368,985.7419569090973,Medium,High,0,GENERATE_PAYMENT_LINK,APPROVED,2026-08-31T00:01:34.711491,Recovery opportunity is suitable for automated customer recovery,"Hi,

Your recent payment of ₹2,323.09 could not be completed because a temporary network issue interrupted the payment.

You can complete the payment using the secure payment link provided below.

If you have already completed the payment, please ignore this message.

Thank you.",plink_test_0c32aaba58b6,https://rzp.io/i/mock_aaba58b6,created
P06736,2520.43,0.39048434712885555,984.1884630339813,Medium,Low,0,STOP,BLOCKED,2026-08-31T00:01:34.711526,Recovery attempt limit reached or recovery opportunity is not suitable,,,,
P05239,1993.0,0.4934106441524391,983.3674137958112,Medium,High,0,GENERATE_PAYMENT_LINK,APPROVED,2026-08-31T00:01:34.711551,Recovery opportunity is suitable for automated customer recovery,"Hi,

Your recent payment of ₹1,993.00 could not be completed because there were insufficient funds to complete the payment.

You can complete the payment using the secure payment link provided below.

If you have already completed the payment, please ignore this message.

Thank you.",plink_test_aeadc03b0878,https://rzp.io/i/mock_c03b0878,created
P00360,4153.84,0.2358550115094901,979.7039810085804,Medium,Low,1,STOP,BLOCKED,2026-08-31T00:01:34.711589,Recovery attempt limit reached or recovery opportunity is not suitable,,,,
P06397,2875.22,0.3402354692555422,978.25182591292,Medium,Medium,0,GENERATE_PAYMENT_LINK,APPROVED,2026-08-31T00:01:34.711614,Recovery opportunity is suitable for automated customer recovery,"Hi,

Your recent payment of ₹2,875.22 could not be completed because a temporary network issue interrupted the payment.

You can complete the payment using the secure payment link provided below.

If you have already completed the payment, please ignore this message.

Thank you.",plink_test_f2a7b8d676ac,https://rzp.io/i/mock_b8d676ac,created
P06583,2055.59,0.4758653647673564,978.1840851621303,Medium,High,0,GENERATE_PAYMENT_LINK,APPROVED,2026-08-31T00:01:34.711651,Recovery opportunity is suitable for automated customer recovery,"Hi,

Your recent payment of ₹2,055.59 could not be completed because there were insufficient funds to complete the payment.

You can complete the payment using the secure payment link provided below.

If you have already completed the payment, please ignore this message.

Thank you.",plink_test_b97d7731a688,https://rzp.io/i/mock_7731a688,created
P01516,2366.02,0.41282441437505035,976.7508208996567,Medium,Medium,1,GENERATE_PAYMENT_LINK,APPROVED,2026-08-31T00:01:34.711686,Recovery opportunity is suitable for automated customer recovery,"Hi,

Your recent payment of ₹2,366.02 could not be completed because a temporary network issue interrupted the payment.

You can complete the payment using the secure payment link provided below.

If you have already completed the payment, please ignore this message.

Thank you.",plink_test_d6e3284e8d79,https://rzp.io/i/mock_284e8d79,created
P08325,3867.09,0.25237141048961215,975.9429577902742,Medium,Medium,0,GENERATE_PAYMENT_LINK,APPROVED,2026-08-31T00:01:34.711741,Recovery opportunity is suitable for automated customer recovery,"Hi,

Your recent payment of ₹3,867.09 could not be completed because your bank was unable to complete the payment.

You can complete the payment using the secure payment link provided below.

If you have already completed the payment, please ignore this message.

Thank you.",plink_test_00d2b0430a79,https://rzp.io/i/mock_b0430a79,created
P03714,2258.97,0.4312500757607453,974.1809836412507,Medium,Medium,0,GENERATE_PAYMENT_LINK,APPROVED,2026-08-31T00:01:34.711783,Recovery opportunity is suitable for automated customer recovery,"Hi,

Your recent payment of ₹2,258.97 could not be completed because there were insufficient funds to complete the payment.

You can complete the payment using the secure payment link provided below.

If you have already completed the payment, please ignore this message.

Thank you.",plink_test_6de909b99f2d,https://rzp.io/i/mock_09b99f2d,created
P07674,2018.06,0.48156916488032125,971.8354688783811,Medium,High,0,GENERATE_PAYMENT_LINK,APPROVED,2026-08-31T00:01:34.711821,Recovery opportunity is suitable for automated customer recovery,"Hi,

Your recent payment of ₹2,018.06 could not be completed because a temporary network issue interrupted the payment.

You can complete the payment using the secure payment link provided below.

If you have already completed the payment, please ignore this message.

Thank you.",plink_test_7f18f142ce44,https://rzp.io/i/mock_f142ce44,created
P08463,2491.37,0.3897392819247051,970.9847548087524,Medium,High,0,GENERATE_PAYMENT_LINK,APPROVED,2026-08-31T00:01:34.711858,Recovery opportunity is suitable for automated customer recovery,"Hi,

Your recent payment of ₹2,491.37 could not be completed because a temporary network issue interrupted the payment.

You can complete the payment using the secure payment link provided below.

If you have already completed the payment, please ignore this message.

Thank you.",plink_test_4f281bd0dc6f,https://rzp.io/i/mock_1bd0dc6f,created
P03513,2467.86,0.3933409210604384,970.7103254482136,Medium,Medium,0,GENERATE_PAYMENT_LINK,APPROVED,2026-08-31T00:01:34.711895,Recovery opportunity is suitable for automated customer recovery,"Hi,

Your recent payment of ₹2,467.86 could not be completed because there were insufficient funds to complete the payment.

You can complete the payment using the secure payment link provided below.

If you have already completed the payment, please ignore this message.

Thank you.",plink_test_30325c476c1c,https://rzp.io/i/mock_5c476c1c,created
P01636,2088.75,0.4645947457225957,970.4222751280718,Medium,Low,1,STOP,BLOCKED,2026-08-31T00:01:34.711932,Recovery attempt limit reached or recovery opportunity is not suitable,,,,
P06784,3900.26,0.24876084075954427,970.2319567808202,Medium,Medium,1,GENERATE_PAYMENT_LINK,APPROVED,2026-08-31T00:01:34.711958,Recovery opportunity is suitable for automated customer recovery,"Hi,

Your recent payment of ₹3,900.26 could not be completed because your card payment was declined by the issuing bank.

You can complete the payment using the secure payment link provided below.

If you have already completed the payment, please ignore this message.

Thank you.",plink_test_f2717dbae082,https://rzp.io/i/mock_7dbae082,created
P04280,1790.43,0.5392065081343459,965.4115083589769,Medium,Medium,0,GENERATE_PAYMENT_LINK,APPROVED,2026-08-31T00:01:34.711995,Recovery opportunity is suitable for automated customer recovery,"Hi,

Your recent payment of ₹1,790.43 could not be completed because the OTP verification was unsuccessful.

You can complete the payment using the secure payment link provided below.

If you have already completed the payment, please ignore this message.

Thank you.",plink_test_6ef402eace4e,https://rzp.io/i/mock_02eace4e,created
P09023,2555.35,0.3764782064554152,962.0335848658451,Medium,Medium,0,GENERATE_PAYMENT_LINK,APPROVED,2026-08-31T00:01:34.712032,Recovery opportunity is suitable for automated customer recovery,"Hi,

Your recent payment of ₹2,555.35 could not be completed because the payment authentication could not be completed.

You can complete the payment using the secure payment link provided below.

If you have already completed the payment, please ignore this message.

Thank you.",plink_test_4e444285e260,https://rzp.io/i/mock_4285e260,created
P03167,3229.32,0.2977875871846435,961.6514110471129,Medium,Medium,0,GENERATE_PAYMENT_LINK,APPROVED,2026-08-31T00:01:34.712069,Recovery opportunity is suitable for automated customer recovery,"Hi,

Your recent payment of ₹3,229.32 could not be completed because your bank was unable to complete the payment.

You can complete the payment using the secure payment link provided below.

If you have already completed the payment, please ignore this message.

Thank you.",plink_test_5fc9dd3cdd01,https://rzp.io/i/mock_dd3cdd01,created
P01480,2963.42,0.32430874863460746,961.0630318787685,Medium,High,2,STOP,BLOCKED,2026-08-31T00:01:34.712103,Recovery attempt limit reached or recovery opportunity is not suitable,,,,
P07197,1853.18,0.5172645355453811,958.5842919819894,Medium,Medium,0,GENERATE_PAYMENT_LINK,APPROVED,2026-08-31T00:01:34.712128,Recovery opportunity is suitable for automated customer recovery,"Hi,

Your recent payment of ₹1,853.18 could not be completed because there were insufficient funds to complete the payment.

You can complete the payment using the secure payment link provided below.

If you have already completed the payment, please ignore this message.

Thank you.",plink_test_c92a4e157a8f,https://rzp.io/i/mock_4e157a8f,created
P07617,3368.79,0.28442887285795837,958.1811425951615,Medium,High,0,GENERATE_PAYMENT_LINK,APPROVED,2026-08-31T00:01:34.712164,Recovery opportunity is suitable for automated customer recovery,"Hi,

Your recent payment of ₹3,368.79 could not be completed because a temporary network issue interrupted the payment.

You can complete the payment using the secure payment link provided below.

If you have already completed the payment, please ignore this message.

Thank you.",plink_test_713b3d8fccfa,https://rzp.io/i/mock_3d8fccfa,created
P04281,3462.82,0.2766602982442968,958.0248139663158,Medium,Low,1,STOP,BLOCKED,2026-08-31T00:01:34.712199,Recovery attempt limit reached or recovery opportunity is not suitable,,,,
P05288,1896.67,0.5047294848219072,957.3052719771667,Medium,Low,0,STOP,BLOCKED,2026-08-31T00:01:34.712224,Recovery attempt limit reached or recovery opportunity is not suitable,,,,
P04149,2742.49,0.34903245749474704,957.2180243547688,Medium,High,1,GENERATE_PAYMENT_LINK,APPROVED,2026-08-31T00:01:34.712248,Recovery opportunity is suitable for automated customer recovery,"Hi,

Your recent payment of ₹2,742.49 could not be completed because a temporary network issue interrupted the payment.

You can complete the payment using the secure payment link provided below.

If you have already completed the payment, please ignore this message.

Thank you.",plink_test_724b94527c1e,https://rzp.io/i/mock_94527c1e,created
P09110,2566.81,0.37243252802334137,955.9635372555929,Medium,Medium,1,GENERATE_PAYMENT_LINK,APPROVED,2026-08-31T00:01:34.712285,Recovery opportunity is suitable for automated customer recovery,"Hi,

Your recent payment of ₹2,566.81 could not be completed because the payment authentication could not be completed.

You can complete the payment using the secure payment link provided below.

If you have already completed the payment, please ignore this message.

Thank you.",plink_test_6df9c37a0c67,https://rzp.io/i/mock_c37a0c67,created
P08469,3639.1,0.2626254491019523,955.7202718269145,Medium,Low,0,STOP,BLOCKED,2026-08-31T00:01:34.712322,Recovery attempt limit reached or recovery opportunity is not suitable,,,,
P09614,2330.14,0.40958577953405306,954.3922083234784,Medium,Medium,0,GENERATE_PAYMENT_LINK,APPROVED,2026-08-31T00:01:34.712347,Recovery opportunity is suitable for automated customer recovery,"Hi,

Your recent payment of ₹2,330.14 could not be completed because your card payment was declined by the issuing bank.

You can complete the payment using the secure payment link provided below.

If you have already completed the payment, please ignore this message.

Thank you.",plink_test_26bc9999efe0,https://rzp.io/i/mock_9999efe0,created
P06966,1883.98,0.506049295165265,953.3867511054559,Medium,Low,0,STOP,BLOCKED,2026-08-31T00:01:34.712384,Recovery attempt limit reached or recovery opportunity is not suitable,,,,
P05047,3497.61,0.2725746473563754,953.3598123401321,Medium,Medium,1,GENERATE_PAYMENT_LINK,APPROVED,2026-08-31T00:01:34.712408,Recovery opportunity is suitable for automated customer recovery,"Hi,

Your recent payment of ₹3,497.61 could not be completed because your card appears to have expired.

You can complete the payment using the secure payment link provided below.

If you have already completed the payment, please ignore this message.

Thank you.",plink_test_28df055a7ad4,https://rzp.io/i/mock_055a7ad4,created
P00095,2162.51,0.4405797370233134,952.7580871102855,Medium,High,0,GENERATE_PAYMENT_LINK,APPROVED,2026-08-31T00:01:34.712446,Recovery opportunity is suitable for automated customer recovery,"Hi,

Your recent payment of ₹2,162.51 could not be completed because there were insufficient funds to complete the payment.

You can complete the payment using the secure payment link provided below.

If you have already completed the payment, please ignore this message.

Thank you.",plink_test_4a9db338c454,https://rzp.io/i/mock_b338c454,created
P09065,2964.49,0.32130051248108404,952.4921562450488,Medium,High,1,GENERATE_PAYMENT_LINK,APPROVED,2026-08-31T00:01:34.712484,Recovery opportunity is suitable for automated customer recovery,"Hi,

Your recent payment of ₹2,964.49 could not be completed because your card payment was declined by the issuing bank.

You can complete the payment using the secure payment link provided below.

If you have already completed the payment, please ignore this message.

Thank you.",plink_test_fc66b3e0f789,https://rzp.io/i/mock_b3e0f789,created
P05041,3103.82,0.3063352872093261,950.8095911460507,Medium,High,1,GENERATE_PAYMENT_LINK,APPROVED,2026-08-31T00:01:34.712520,Recovery opportunity is suitable for automated customer recovery,"Hi,

Your recent payment of ₹3,103.82 could not be completed because a temporary network issue interrupted the payment.

You can complete the payment using the secure payment link provided below.

If you have already completed the payment, please ignore this message.

Thank you.",plink_test_b8e4573e855d,https://rzp.io/i/mock_573e855d,created
P07236,6728.95,0.1412518597852962,950.4767019022688,Medium,Low,2,STOP,BLOCKED,2026-08-31T00:01:34.712556,Recovery attempt limit reached or recovery opportunity is not suitable,,,,
P02252,2829.7,0.33560405289058165,949.6587884644788,Medium,Low,1,STOP,BLOCKED,2026-08-31T00:01:34.712586,Recovery attempt limit reached or recovery opportunity is not suitable,,,,
P09497,2027.15,0.46786980011838314,948.4422653099804,Medium,Medium,0,GENERATE_PAYMENT_LINK,APPROVED,2026-08-31T00:01:34.712609,Recovery opportunity is suitable for automated customer recovery,"Hi,

Your recent payment of ₹2,027.15 could not be completed because the payment authentication could not be completed.

You can complete the payment using the secure payment link provided below.

If you have already completed the payment, please ignore this message.

Thank you.",plink_test_2bdd3e187f68,https://rzp.io/i/mock_3e187f68,created
P04855,2153.54,0.44037375796500433,948.3625027279554,Medium,Low,0,STOP,BLOCKED,2026-08-31T00:01:34.712646,Recovery attempt limit reached or recovery opportunity is not suitable,,,,
P02357,1836.91,0.5159951991689311,947.8367413054012,Medium,Low,0,STOP,BLOCKED,2026-08-31T00:01:34.712672,Recovery attempt limit reached or recovery opportunity is not suitable,,,,
P08324,3521.18,0.2691767228617217,947.8196930062371,Medium,Medium,2,STOP,BLOCKED,2026-08-31T00:01:34.712696,Recovery attempt limit reached or recovery opportunity is not suitable,,,,
P04878,1892.21,0.4997812933330196,945.6911610576731,Medium,Medium,0,GENERATE_PAYMENT_LINK,APPROVED,2026-08-31T00:01:34.712789,Recovery opportunity is suitable for automated customer recovery,"Hi,

Your recent payment of ₹1,892.21 could not be completed because there were insufficient funds to complete the payment.

You can complete the payment using the secure payment link provided below.

If you have already completed the payment, please ignore this message.

Thank you.",plink_test_b46747b5bc5a,https://rzp.io/i/mock_47b5bc5a,created
P03032,3206.97,0.2946029161304042,944.7827139427222,Medium,High,0,GENERATE_PAYMENT_LINK,APPROVED,2026-08-31T00:01:34.712843,Recovery opportunity is suitable for automated customer recovery,"Hi,

Your recent payment of ₹3,206.97 could not be completed because your card appears to have expired.

You can complete the payment using the secure payment link provided below.

If you have already completed the payment, please ignore this message.

Thank you.",plink_test_f4a0d9504276,https://rzp.io/i/mock_d9504276,created
P03549,2173.3,0.43288111595333834,940.7805293013903,Medium,Medium,0,GENERATE_PAYMENT_LINK,APPROVED,2026-08-31T00:01:34.712886,Recovery opportunity is suitable for automated customer recovery,"Hi,

Your recent payment of ₹2,173.30 could not be completed because your bank was unable to complete the payment.

You can complete the payment using the secure payment link provided below.

If you have already completed the payment, please ignore this message.

Thank you.",plink_test_3f8654ccd223,https://rzp.io/i/mock_54ccd223,created
P07306,2150.31,0.4364147679250027,938.4270396168126,Medium,High,0,GENERATE_PAYMENT_LINK,APPROVED,2026-08-31T00:01:34.712926,Recovery opportunity is suitable for automated customer recovery,"Hi,

Your recent payment of ₹2,150.31 could not be completed because there were insufficient funds to complete the payment.

You can complete the payment using the secure payment link provided below.

If you have already completed the payment, please ignore this message.

Thank you.",plink_test_c82fa18c1bae,https://rzp.io/i/mock_a18c1bae,created
P07431,2668.79,0.3512495598988315,937.4113129624025,Medium,Low,1,STOP,BLOCKED,2026-08-31T00:01:34.712964,Recovery attempt limit reached or recovery opportunity is not suitable,,,,
P00498,2648.8,0.3532028051718636,935.5635903392323,Medium,Medium,0,GENERATE_PAYMENT_LINK,APPROVED,2026-08-31T00:01:34.712992,Recovery opportunity is suitable for automated customer recovery,"Hi,

Your recent payment of ₹2,648.80 could not be completed because your bank was unable to complete the payment.

You can complete the payment using the secure payment link provided below.

If you have already completed the payment, please ignore this message.

Thank you.",plink_test_bb6c6ce89098,https://rzp.io/i/mock_6ce89098,created
P05837,9785.82,0.09487872621218255,928.4661365417002,Medium,Medium,2,STOP,BLOCKED,2026-08-31T00:01:34.713031,Recovery attempt limit reached or recovery opportunity is not suitable,,,,
P05287,2914.89,0.31785720333587003,926.5187834316941,Medium,Medium,0,GENERATE_PAYMENT_LINK,APPROVED,2026-08-31T00:01:34.713057,Recovery opportunity is suitable for automated customer recovery,"Hi,

Your recent payment of ₹2,914.89 could not be completed because your bank was unable to complete the payment.

You can complete the payment using the secure payment link provided below.

If you have already completed the payment, please ignore this message.

Thank you.",plink_test_3a792a977c34,https://rzp.io/i/mock_2a977c34,created
P01427,1729.75,0.5349138745797636,925.267274554346,Medium,Medium,0,GENERATE_PAYMENT_LINK,APPROVED,2026-08-31T00:01:34.713096,Recovery opportunity is suitable for automated customer recovery,"Hi,

Your recent payment of ₹1,729.75 could not be completed because a temporary network issue interrupted the payment.

You can complete the payment using the secure payment link provided below.

If you have already completed the payment, please ignore this message.

Thank you.",plink_test_97dfe27e30ec,https://rzp.io/i/mock_e27e30ec,created
P02613,2927.56,0.31583684951404134,924.6313271633269,Medium,High,2,STOP,BLOCKED,2026-08-31T00:01:34.713132,Recovery attempt limit reached or recovery opportunity is not suitable,,,,
P01993,1851.45,0.4987392863676882,923.3908517454564,Medium,High,0,GENERATE_PAYMENT_LINK,APPROVED,2026-08-31T00:01:34.713157,Recovery opportunity is suitable for automated customer recovery,"Hi,

Your recent payment of ₹1,851.45 could not be completed because there were insufficient funds to complete the payment.

You can complete the payment using the secure payment link provided below.

If you have already completed the payment, please ignore this message.

Thank you.",plink_test_d2253e11527a,https://rzp.io/i/mock_3e11527a,created
P07225,2863.12,0.32249618452201373,923.3452758286679,Medium,Low,0,STOP,BLOCKED,2026-08-31T00:01:34.713193,Recovery attempt limit reached or recovery opportunity is not suitable,,,,
P08252,2893.41,0.31908325705368146,923.2386867916924,Medium,Medium,0,GENERATE_PAYMENT_LINK,APPROVED,2026-08-31T00:01:34.713219,Recovery opportunity is suitable for automated customer recovery,"Hi,

Your recent payment of ₹2,893.41 could not be completed because the payment authentication could not be completed.

You can complete the payment using the secure payment link provided below.

If you have already completed the payment, please ignore this message.

Thank you.",plink_test_5ffb6d8bb30a,https://rzp.io/i/mock_6d8bb30a,created
P00593,2041.84,0.45213585750795193,923.1890792940366,Medium,Low,0,STOP,BLOCKED,2026-08-31T00:01:34.713256,Recovery attempt limit reached or recovery opportunity is not suitable,,,,
P01841,2389.05,0.38550303969379607,920.9860369804636,Medium,Low,0,STOP,BLOCKED,2026-08-31T00:01:34.713283,Recovery attempt limit reached or recovery opportunity is not suitable,,,,
P02871,2590.03,0.35496428912581024,919.3681577645224,Medium,High,1,GENERATE_PAYMENT_LINK,APPROVED,2026-08-31T00:01:34.713308,Recovery opportunity is suitable for automated customer recovery,"Hi,

Your recent payment of ₹2,590.03 could not be completed because a temporary network issue interrupted the payment.

You can complete the payment using the secure payment link provided below.

If you have already completed the payment, please ignore this message.

Thank you.",plink_test_271d43e289d1,https://rzp.io/i/mock_43e289d1,created
P04339,5412.91,0.16966833946078255,918.3994513506644,Medium,Low,2,STOP,BLOCKED,2026-08-31T00:01:34.713782,Recovery attempt limit reached or recovery opportunity is not suitable,,,,
P00844,2157.02,0.4245042487946008,915.6641547349299,Medium,Medium,0,GENERATE_PAYMENT_LINK,APPROVED,2026-08-31T00:01:34.713846,Recovery opportunity is suitable for automated customer recovery,"Hi,

Your recent payment of ₹2,157.02 could not be completed because the payment authentication could not be completed.

You can complete the payment using the secure payment link provided below.

If you have already completed the payment, please ignore this message.

Thank you.",plink_test_f7e3f06ecd50,https://rzp.io/i/mock_f06ecd50,created
P09223,3042.3,0.3007954477630769,915.1099907296089,Medium,Medium,0,GENERATE_PAYMENT_LINK,APPROVED,2026-08-31T00:01:34.713914,Recovery opportunity is suitable for automated customer recovery,"Hi,

Your recent payment of ₹3,042.30 could not be completed because the payment authentication could not be completed.

You can complete the payment using the secure payment link provided below.

If you have already completed the payment, please ignore this message.

Thank you.",plink_test_76c7b029dec6,https://rzp.io/i/mock_b029dec6,created
P02569,3598.25,0.25376728570450713,913.1181357862428,Medium,Low,1,STOP,BLOCKED,2026-08-31T00:01:34.713978,Recovery attempt limit reached or recovery opportunity is not suitable,,,,
P05574,2189.26,0.41675424229428376,912.3833924851838,Medium,Low,0,STOP,BLOCKED,2026-08-31T00:01:34.714028,Recovery attempt limit reached or recovery opportunity is not suitable,,,,
P06177,2026.08,0.44969391742410947,911.1158522146396,Medium,High,0,GENERATE_PAYMENT_LINK,APPROVED,2026-08-31T00:01:34.714099,Recovery opportunity is suitable for automated customer recovery,"Hi,

Your recent payment of ₹2,026.08 could not be completed because there were insufficient funds to complete the payment.

You can complete the payment using the secure payment link provided below.

If you have already completed the payment, please ignore this message.

Thank you.",plink_test_91c57b092e39,https://rzp.io/i/mock_7b092e39,created
P01395,2698.71,0.3372078706102892,910.0262524946935,Medium,Low,2,STOP,BLOCKED,2026-08-31T00:01:34.714194,Recovery attempt limit reached or recovery opportunity is not suitable,,,,
P00256,3290.2,0.2764554818526799,909.5938263916872,Medium,High,1,GENERATE_PAYMENT_LINK,APPROVED,2026-08-31T00:01:34.714252,Recovery opportunity is suitable for automated customer recovery,"Hi,

Your recent payment of ₹3,290.20 could not be completed because your bank was unable to complete the payment.

You can complete the payment using the secure payment link provided below.

If you have already completed the payment, please ignore this message.

Thank you.",plink_test_b3be78e97998,https://rzp.io/i/mock_78e97998,created
P00935,2249.35,0.40336912050107426,907.3183311990914,Medium,High,0,GENERATE_PAYMENT_LINK,APPROVED,2026-08-31T00:01:34.714333,Recovery opportunity is suitable for automated customer recovery,"Hi,

Your recent payment of ₹2,249.35 could not be completed because the payment authentication could not be completed.

You can complete the payment using the secure payment link provided below.

If you have already completed the payment, please ignore this message.

Thank you.",plink_test_454ba7d7b5b4,https://rzp.io/i/mock_a7d7b5b4,created
P07275,5169.61,0.1754306706903958,906.908149507777,Medium,High,2,STOP,BLOCKED,2026-08-31T00:01:34.714406,Recovery attempt limit reached or recovery opportunity is not suitable,,,,
P01523,2143.33,0.42241434649357484,905.3733412700738,Medium,Medium,0,GENERATE_PAYMENT_LINK,APPROVED,2026-08-31T00:01:34.714458,Recovery opportunity is suitable for automated customer recovery,"Hi,

Your recent payment of ₹2,143.33 could not be completed because the OTP verification was unsuccessful.

You can complete the payment using the secure payment link provided below.

If you have already completed the payment, please ignore this message.

Thank you.",plink_test_2d2df96f1843,https://rzp.io/i/mock_f96f1843,created
P09246,2378.35,0.3800666247696201,903.931457020826,Medium,Medium,0,GENERATE_PAYMENT_LINK,APPROVED,2026-08-31T00:01:34.714551,Recovery opportunity is suitable for automated customer recovery,"Hi,

Your recent payment of ₹2,378.35 could not be completed because your bank was unable to complete the payment.

You can complete the payment using the secure payment link provided below.

If you have already completed the payment, please ignore this message.

Thank you.",plink_test_e6741e227a74,https://rzp.io/i/mock_1e227a74,created
P05542,2398.35,0.37672568059398653,903.5200360525876,Medium,High,0,GENERATE_PAYMENT_LINK,APPROVED,2026-08-31T00:01:34.714632,Recovery opportunity is suitable for automated customer recovery,"Hi,

Your recent payment of ₹2,398.35 could not be completed because your bank was unable to complete the payment.

You can complete the payment using the secure payment link provided below.

If you have already completed the payment, please ignore this message.

Thank you.",plink_test_fadf31f3f0c2,https://rzp.io/i/mock_31f3f0c2,created
P06894,2225.51,0.40521684083484616,901.8141314463586,Medium,High,0,GENERATE_PAYMENT_LINK,APPROVED,2026-08-31T00:01:34.714712,Recovery opportunity is suitable for automated customer recovery,"Hi,

Your recent payment of ₹2,225.51 could not be completed because your bank was unable to complete the payment.

You can complete the payment using the secure payment link provided below.

If you have already completed the payment, please ignore this message.

Thank you.",plink_test_845a5be74feb,https://rzp.io/i/mock_5be74feb,created
P08017,2386.67,0.37736293902047985,900.6408056720087,Medium,Medium,1,GENERATE_PAYMENT_LINK,APPROVED,2026-08-31T00:01:34.714782,Recovery opportunity is suitable for automated customer recovery,"Hi,

Your recent payment of ₹2,386.67 could not be completed because a temporary network issue interrupted the payment.

You can complete the payment using the secure payment link provided below.

If you have already completed the payment, please ignore this message.

Thank you.",plink_test_fc6c420acc94,https://rzp.io/i/mock_420acc94,created
P06070,1971.17,0.4564650350807462,899.7701832001145,Medium,Low,0,STOP,BLOCKED,2026-08-31T00:01:34.714862,Recovery attempt limit reached or recovery opportunity is not suitable,,,,
P00189,2707.48,0.33172783143454393,898.146469052399,Medium,Medium,0,GENERATE_PAYMENT_LINK,APPROVED,2026-08-31T00:01:34.714985,Recovery opportunity is suitable for automated customer recovery,"Hi,

Your recent payment of ₹2,707.48 could not be completed because the payment authentication could not be completed.

You can complete the payment using the secure payment link provided below.

If you have already completed the payment, please ignore this message.

Thank you.",plink_test_4cd6a10fbdbf,https://rzp.io/i/mock_a10fbdbf,created
P00590,2439.2,0.3681358972176633,897.9570804933243,Medium,High,0,GENERATE_PAYMENT_LINK,APPROVED,2026-08-31T00:01:34.715075,Recovery opportunity is suitable for automated customer recovery,"Hi,

Your recent payment of ₹2,439.20 could not be completed because a temporary network issue interrupted the payment.

You can complete the payment using the secure payment link provided below.

If you have already completed the payment, please ignore this message.

Thank you.",plink_test_cade0f5ea3d8,https://rzp.io/i/mock_0f5ea3d8,created
P05875,1816.44,0.49394263303903824,897.2171563574307,Medium,Low,0,STOP,BLOCKED,2026-08-31T00:01:34.715147,Recovery attempt limit reached or recovery opportunity is not suitable,,,,
P05769,2004.04,0.4468623135982298,895.5299509433964,Medium,Low,0,STOP,BLOCKED,2026-08-31T00:01:34.715196,Recovery attempt limit reached or recovery opportunity is not suitable,,,,
P00967,2381.58,0.3758557445833528,895.1305241848213,Medium,High,0,GENERATE_PAYMENT_LINK,APPROVED,2026-08-31T00:01:34.715242,Recovery opportunity is suitable for automated customer recovery,"Hi,

Your recent payment of ₹2,381.58 could not be completed because there were insufficient funds to complete the payment.

You can complete the payment using the secure payment link provided below.

If you have already completed the payment, please ignore this message.

Thank you.",plink_test_5c80ef467ffe,https://rzp.io/i/mock_ef467ffe,created
P07294,1782.87,0.5020202497265891,895.0368426300438,Medium,Medium,0,GENERATE_PAYMENT_LINK,APPROVED,2026-08-31T00:01:34.715291,Recovery opportunity is suitable for automated customer recovery,"Hi,

Your recent payment of ₹1,782.87 could not be completed because your bank was unable to complete the payment.

You can complete the payment using the secure payment link provided below.

If you have already completed the payment, please ignore this message.

Thank you.",plink_test_62ac324fd731,https://rzp.io/i/mock_324fd731,created
P01674,3322.58,0.26850827366524954,892.1402199146848,Medium,Medium,1,GENERATE_PAYMENT_LINK,APPROVED,2026-08-31T00:01:34.715332,Recovery opportunity is suitable for automated customer recovery,"Hi,

Your recent payment of ₹3,322.58 could not be completed because a temporary network issue interrupted the payment.

You can complete the payment using the secure payment link provided below.

If you have already completed the payment, please ignore this message.

Thank you.",plink_test_1979fe8e27a6,https://rzp.io/i/mock_fe8e27a6,created
P08709,3408.81,0.26148064351792355,891.3378324303329,Medium,Medium,2,STOP,BLOCKED,2026-08-31T00:01:34.715372,Recovery attempt limit reached or recovery opportunity is not suitable,,,,
P01510,2078.22,0.42888336208272326,891.313980747557,Medium,High,1,GENERATE_PAYMENT_LINK,APPROVED,2026-08-31T00:01:34.715397,Recovery opportunity is suitable for automated customer recovery,"Hi,

Your recent payment of ₹2,078.22 could not be completed because there were insufficient funds to complete the payment.

You can complete the payment using the secure payment link provided below.

If you have already completed the payment, please ignore this message.

Thank you.",plink_test_c4fc879eeb2a,https://rzp.io/i/mock_879eeb2a,created
P08065,2410.87,0.3695716075293791,890.9891014443542,Medium,Medium,2,STOP,BLOCKED,2026-08-31T00:01:34.715436,Recovery attempt limit reached or recovery opportunity is not suitable,,,,
P07519,2068.31,0.4287683927876343,886.8259544865919,Medium,Medium,0,GENERATE_PAYMENT_LINK,APPROVED,2026-08-31T00:01:34.715461,Recovery opportunity is suitable for automated customer recovery,"Hi,

Your recent payment of ₹2,068.31 could not be completed because the payment authentication could not be completed.

You can complete the payment using the secure payment link provided below.

If you have already completed the payment, please ignore this message.

Thank you.",plink_test_e2f702117831,https://rzp.io/i/mock_02117831,created
P03671,3471.46,0.255439254698176,886.7471551145302,Medium,High,1,GENERATE_PAYMENT_LINK,APPROVED,2026-08-31T00:01:34.715500,Recovery opportunity is suitable for automated customer recovery,"Hi,

Your recent payment of ₹3,471.46 could not be completed because the payment authentication could not be completed.

You can complete the payment using the secure payment link provided below.

If you have already completed the payment, please ignore this message.

Thank you.",plink_test_b7904dc7217e,https://rzp.io/i/mock_4dc7217e,created
P07883,1744.91,0.508048418967361,886.4987667403378,Medium,Low,0,STOP,BLOCKED,2026-08-31T00:01:34.715537,Recovery attempt limit reached or recovery opportunity is not suitable,,,,
P03776,1768.96,0.5006974378071825,885.7137395833935,Medium,High,1,GENERATE_PAYMENT_LINK,APPROVED,2026-08-31T00:01:34.715563,Recovery opportunity is suitable for automated customer recovery,"Hi,

Your recent payment of ₹1,768.96 could not be completed because there were insufficient funds to complete the payment.

You can complete the payment using the secure payment link provided below.

If you have already completed the payment, please ignore this message.

Thank you.",plink_test_dcbbd6129a9f,https://rzp.io/i/mock_d6129a9f,created
P00651,1712.65,0.5166676071089614,884.8707773151629,Medium,Medium,0,GENERATE_PAYMENT_LINK,APPROVED,2026-08-31T00:01:34.715601,Recovery opportunity is suitable for automated customer recovery,"Hi,

Your recent payment of ₹1,712.65 could not be completed because the OTP verification was unsuccessful.

You can complete the payment using the secure payment link provided below.

If you have already completed the payment, please ignore this message.

Thank you.",plink_test_a415af10c874,https://rzp.io/i/mock_af10c874,created
P03154,1834.93,0.4817564257322596,883.9893182688951,Medium,High,0,GENERATE_PAYMENT_LINK,APPROVED,2026-08-31T00:01:34.715659,Recovery opportunity is suitable for automated customer recovery,"Hi,

Your recent payment of ₹1,834.93 could not be completed because there were insufficient funds to complete the payment.

You can complete the payment using the secure payment link provided below.

If you have already completed the payment, please ignore this message.

Thank you.",plink_test_2dfa8842c0aa,https://rzp.io/i/mock_8842c0aa,created
P06312,3185.32,0.2772150095113406,883.0185140966635,Medium,Low,1,STOP,BLOCKED,2026-08-31T00:01:34.715701,Recovery attempt limit reached or recovery opportunity is not suitable,,,,
P07933,3582.91,0.24591804050185095,881.1022064944867,Medium,High,2,STOP,BLOCKED,2026-08-31T00:01:34.715728,Recovery attempt limit reached or recovery opportunity is not suitable,,,,
P09756,1838.65,0.4782224094531364,879.2836331410092,Medium,Low,0,STOP,BLOCKED,2026-08-31T00:01:34.715754,Recovery attempt limit reached or recovery opportunity is not suitable,,,,
P06615,2137.56,0.41124316629055546,879.0569425360397,Medium,Low,0,STOP,BLOCKED,2026-08-31T00:01:34.715779,Recovery attempt limit reached or recovery opportunity is not suitable,,,,
P07556,1808.56,0.4857604724683543,878.5269600873668,Medium,Medium,0,GENERATE_PAYMENT_LINK,APPROVED,2026-08-31T00:01:34.715804,Recovery opportunity is suitable for automated customer recovery,"Hi,

Your recent payment of ₹1,808.56 could not be completed because your bank was unable to complete the payment.

You can complete the payment using the secure payment link provided below.

If you have already completed the payment, please ignore this message.

Thank you.",plink_test_90ff0f1c44a9,https://rzp.io/i/mock_0f1c44a9,created
P02472,2236.41,0.3921289386701323,876.9610797312706,Medium,Low,1,STOP,BLOCKED,2026-08-31T00:01:34.715843,Recovery attempt limit reached or recovery opportunity is not suitable,,,,
P06465,1675.14,0.5229417526129441,876.0006474720471,Medium,Low,0,STOP,BLOCKED,2026-08-31T00:01:34.715870,Recovery attempt limit reached or recovery opportunity is not suitable,,,,
P03011,3103.98,0.2821200587810223,875.6950200551177,Medium,Medium,2,STOP,BLOCKED,2026-08-31T00:01:34.715895,Recovery attempt limit reached or recovery opportunity is not suitable,,,,
P08898,2114.81,0.41365927279925857,874.8107667086,Medium,Low,0,STOP,BLOCKED,2026-08-31T00:01:34.715920,Recovery attempt limit reached or recovery opportunity is not suitable,,,,
P05416,2520.18,0.3448438006649452,869.0684495597815,Medium,Medium,0,GENERATE_PAYMENT_LINK,APPROVED,2026-08-31T00:01:34.715945,Recovery opportunity is suitable for automated customer recovery,"Hi,

Your recent payment of ₹2,520.18 could not be completed because the OTP verification was unsuccessful.

You can complete the payment using the secure payment link provided below.

If you have already completed the payment, please ignore this message.

Thank you.",plink_test_e455a2267bd2,https://rzp.io/i/mock_a2267bd2,created
P05151,2695.13,0.32209093560809343,868.0769432854408,Medium,High,2,STOP,BLOCKED,2026-08-31T00:01:34.715983,Recovery attempt limit reached or recovery opportunity is not suitable,,,,
P01076,2969.13,0.29222771456469354,867.6620741454685,Medium,Low,1,STOP,BLOCKED,2026-08-31T00:01:34.716018,Recovery attempt limit reached or recovery opportunity is not suitable,,,,
P01710,2061.99,0.4197628793146272,865.5468595179681,Medium,Low,0,STOP,BLOCKED,2026-08-31T00:01:34.716043,Recovery attempt limit reached or recovery opportunity is not suitable,,,,
P04502,1630.43,0.5306876947168995,865.2491380972745,Medium,Medium,0,GENERATE_PAYMENT_LINK,APPROVED,2026-08-31T00:01:34.716067,Recovery opportunity is suitable for automated customer recovery,"Hi,

Your recent payment of ₹1,630.43 could not be completed because there were insufficient funds to complete the payment.

You can complete the payment using the secure payment link provided below.

If you have already completed the payment, please ignore this message.

Thank you.",plink_test_6b86e8cc612a,https://rzp.io/i/mock_e8cc612a,created
P04064,2012.06,0.4295607091103446,864.30192037256,Medium,Medium,0,GENERATE_PAYMENT_LINK,APPROVED,2026-08-31T00:01:34.716107,Recovery opportunity is suitable for automated customer recovery,"Hi,

Your recent payment of ₹2,012.06 could not be completed because your bank was unable to complete the payment.

You can complete the payment using the secure payment link provided below.

If you have already completed the payment, please ignore this message.

Thank you.",plink_test_16119105882b,https://rzp.io/i/mock_9105882b,created
P00478,2821.19,0.30613909431798564,863.6765514989579,Medium,Low,0,STOP,BLOCKED,2026-08-31T00:01:34.716144,Recovery attempt limit reached or recovery opportunity is not suitable,,,,
P07970,1628.06,0.5302853839112736,863.336422130588,Medium,High,0,GENERATE_PAYMENT_LINK,APPROVED,2026-08-31T00:01:34.716168,Recovery opportunity is suitable for automated customer recovery,"Hi,

Your recent payment of ₹1,628.06 could not be completed because the OTP verification was unsuccessful.

You can complete the payment using the secure payment link provided below.

If you have already completed the payment, please ignore this message.

Thank you.",plink_test_8d83ff3624fa,https://rzp.io/i/mock_ff3624fa,created
P00220,3353.04,0.2573243128489308,862.818713954979,Medium,Low,1,STOP,BLOCKED,2026-08-31T00:01:34.716209,Recovery attempt limit reached or recovery opportunity is not suitable,,,,
P04873,2742.62,0.3136353984760342,860.182716568341,Medium,Medium,1,GENERATE_PAYMENT_LINK,APPROVED,2026-08-31T00:01:34.716235,Recovery opportunity is suitable for automated customer recovery,"Hi,

Your recent payment of ₹2,742.62 could not be completed because the payment authentication could not be completed.

You can complete the payment using the secure payment link provided below.

If you have already completed the payment, please ignore this message.

Thank you.",plink_test_f6e157fa3100,https://rzp.io/i/mock_57fa3100,created
P01871,3245.65,0.26443505598742145,858.2636394655744,Medium,Medium,0,GENERATE_PAYMENT_LINK,APPROVED,2026-08-31T00:01:34.716282,Recovery opportunity is suitable for automated customer recovery,"Hi,

Your recent payment of ₹3,245.65 could not be completed because your bank was unable to complete the payment.

You can complete the payment using the secure payment link provided below.

If you have already completed the payment, please ignore this message.

Thank you.",plink_test_98556aa372bd,https://rzp.io/i/mock_6aa372bd,created
P08933,2363.52,0.36287463142416176,857.6614488636349,Medium,Low,1,STOP,BLOCKED,2026-08-31T00:01:34.716325,Recovery attempt limit reached or recovery opportunity is not suitable,,,,
P04376,2048.31,0.4176440820184122,855.4645496391338,Medium,Low,0,STOP,BLOCKED,2026-08-31T00:01:34.716354,Recovery attempt limit reached or recovery opportunity is not suitable,,,,
P06145,2430.68,0.3506498717117761,852.3176301723798,Medium,Medium,0,GENERATE_PAYMENT_LINK,APPROVED,2026-08-31T00:01:34.716379,Recovery opportunity is suitable for automated customer recovery,"Hi,

Your recent payment of ₹2,430.68 could not be completed because a temporary network issue interrupted the payment.

You can complete the payment using the secure payment link provided below.

If you have already completed the payment, please ignore this message.

Thank you.",plink_test_4af0cd43c01a,https://rzp.io/i/mock_cd43c01a,created
P00302,3797.01,0.22400664741741072,850.5554803103827,Medium,Low,0,STOP,BLOCKED,2026-08-31T00:01:34.716423,Recovery attempt limit reached or recovery opportunity is not suitable,,,,
P01160,2496.92,0.3402856966991829,849.6661618021238,Medium,Low,0,STOP,BLOCKED,2026-08-31T00:01:34.716451,Recovery attempt limit reached or recovery opportunity is not suitable,,,,
P02633,1939.39,0.4378228720322699,849.109299790664,Medium,Low,0,STOP,BLOCKED,2026-08-31T00:01:34.716481,Recovery attempt limit reached or recovery opportunity is not suitable,,,,
P01167,1673.12,0.5072157140694482,848.6327555238752,Medium,High,1,GENERATE_PAYMENT_LINK,APPROVED,2026-08-31T00:01:34.716505,Recovery opportunity is suitable for automated customer recovery,"Hi,

Your recent payment of ₹1,673.12 could not be completed because a temporary network issue interrupted the payment.

You can complete the payment using the secure payment link provided below.

If you have already completed the payment, please ignore this message.

Thank you.",plink_test_fd36cbad5f35,https://rzp.io/i/mock_cbad5f35,created
P08455,1662.27,0.5090146623493985,846.1198027835346,Medium,Low,0,STOP,BLOCKED,2026-08-31T00:01:34.716545,Recovery attempt limit reached or recovery opportunity is not suitable,,,,
P08196,2219.17,0.3809406211604821,845.3719982607071,Medium,Medium,0,GENERATE_PAYMENT_LINK,APPROVED,2026-08-31T00:01:34.716571,Recovery opportunity is suitable for automated customer recovery,"Hi,

Your recent payment of ₹2,219.17 could not be completed because your card payment was declined by the issuing bank.

You can complete the payment using the secure payment link provided below.

If you have already completed the payment, please ignore this message.

Thank you.",plink_test_7f4bc3a8f166,https://rzp.io/i/mock_c3a8f166,created
P04702,1494.15,0.5645120515905484,843.465681884018,Medium,Low,0,STOP,BLOCKED,2026-08-31T00:01:34.716610,Recovery attempt limit reached or recovery opportunity is not suitable,,,,
P08939,2820.05,0.29848530064506035,841.7434720841025,Medium,Medium,0,GENERATE_PAYMENT_LINK,APPROVED,2026-08-31T00:01:34.716634,Recovery opportunity is suitable for automated customer recovery,"Hi,

Your recent payment of ₹2,820.05 could not be completed because the payment authentication could not be completed.

You can complete the payment using the secure payment link provided below.

If you have already completed the payment, please ignore this message.

Thank you.",plink_test_d0f3a8c3d89d,https://rzp.io/i/mock_a8c3d89d,created
P04446,2629.92,0.3193739104722415,839.9278346291574,Medium,Low,2,STOP,BLOCKED,2026-08-31T00:01:34.716670,Recovery attempt limit reached or recovery opportunity is not suitable,,,,
P08569,1724.03,0.4864504662719337,838.6551973668019,Medium,Medium,0,GENERATE_PAYMENT_LINK,APPROVED,2026-08-31T00:01:34.716695,Recovery opportunity is suitable for automated customer recovery,"Hi,

Your recent payment of ₹1,724.03 could not be completed because the OTP verification was unsuccessful.

You can complete the payment using the secure payment link provided below.

If you have already completed the payment, please ignore this message.

Thank you.",plink_test_0dc23fbb8c9c,https://rzp.io/i/mock_3fbb8c9c,created
P09967,4156.49,0.20161860016648728,838.0256954060027,Medium,Low,0,STOP,BLOCKED,2026-08-31T00:01:34.716732,Recovery attempt limit reached or recovery opportunity is not suitable,,,,
P08855,2400.01,0.348373043837856,836.0987889412928,Medium,Medium,0,GENERATE_PAYMENT_LINK,APPROVED,2026-08-31T00:01:34.716757,Recovery opportunity is suitable for automated customer recovery,"Hi,

Your recent payment of ₹2,400.01 could not be completed because your bank was unable to complete the payment.

You can complete the payment using the secure payment link provided below.

If you have already completed the payment, please ignore this message.

Thank you.",plink_test_2b950d7ce53f,https://rzp.io/i/mock_0d7ce53f,created
P09633,3767.95,0.22138075168316376,834.1516033045768,Medium,Medium,0,GENERATE_PAYMENT_LINK,APPROVED,2026-08-31T00:01:34.716793,Recovery opportunity is suitable for automated customer recovery,"Hi,

Your recent payment of ₹3,767.95 could not be completed because the payment authentication could not be completed.

You can complete the payment using the secure payment link provided below.

If you have already completed the payment, please ignore this message.

Thank you.",plink_test_20334e68cf18,https://rzp.io/i/mock_4e68cf18,created
P03185,1573.9,0.5296364135755244,833.5947513265179,Medium,High,0,GENERATE_PAYMENT_LINK,APPROVED,2026-08-31T00:01:34.716837,Recovery opportunity is suitable for automated customer recovery,"Hi,

Your recent payment of ₹1,573.90 could not be completed because there were insufficient funds to complete the payment.

You can complete the payment using the secure payment link provided below.

If you have already completed the payment, please ignore this message.

Thank you.",plink_test_79bdea50a3f9,https://rzp.io/i/mock_ea50a3f9,created
P01030,1676.74,0.4952608709816364,830.4237128097491,Medium,Low,0,STOP,BLOCKED,2026-08-31T00:01:34.716901,Recovery attempt limit reached or recovery opportunity is not suitable,,,,
P01112,2501.02,0.3317864030378483,829.8044297257193,Medium,High,0,GENERATE_PAYMENT_LINK,APPROVED,2026-08-31T00:01:34.716944,Recovery opportunity is suitable for automated customer recovery,"Hi,

Your recent payment of ₹2,501.02 could not be completed because your card appears to have expired.

You can complete the payment using the secure payment link provided below.

If you have already completed the payment, please ignore this message.

Thank you.",plink_test_cef8cb7caf3a,https://rzp.io/i/mock_cb7caf3a,created
P00670,3078.38,0.2695368784017082,829.7369357342506,Medium,Low,0,STOP,BLOCKED,2026-08-31T00:01:34.717011,Recovery attempt limit reached or recovery opportunity is not suitable,,,,
P01865,2323.04,0.3565975498680343,828.3903722454385,Medium,High,0,GENERATE_PAYMENT_LINK,APPROVED,2026-08-31T00:01:34.717048,Recovery opportunity is suitable for automated customer recovery,"Hi,

Your recent payment of ₹2,323.04 could not be completed because your bank was unable to complete the payment.

You can complete the payment using the secure payment link provided below.

If you have already completed the payment, please ignore this message.

Thank you.",plink_test_5ca46d52d607,https://rzp.io/i/mock_6d52d607,created
P07364,5426.4,0.15257066867510538,827.9094764985917,Medium,Medium,1,GENERATE_PAYMENT_LINK,APPROVED,2026-08-31T00:01:34.717088,Recovery opportunity is suitable for automated customer recovery,"Hi,

Your recent payment of ₹5,426.40 could not be completed because the payment authentication could not be completed.

You can complete the payment using the secure payment link provided below.

If you have already completed the payment, please ignore this message.

Thank you.",plink_test_2d9a358c4423,https://rzp.io/i/mock_358c4423,created
P08300,4440.63,0.18640915833985458,827.7741007987084,Medium,Low,2,STOP,BLOCKED,2026-08-31T00:01:34.717126,Recovery attempt limit reached or recovery opportunity is not suitable,,,,
P05213,1871.92,0.4421651954452207,827.6978726578176,Medium,Low,0,STOP,BLOCKED,2026-08-31T00:01:34.717153,Recovery attempt limit reached or recovery opportunity is not suitable,,,,
P07576,2637.14,0.3133366019594816,826.3124864914273,Medium,High,1,GENERATE_PAYMENT_LINK,APPROVED,2026-08-31T00:01:34.717179,Recovery opportunity is suitable for automated customer recovery,"Hi,

Your recent payment of ₹2,637.14 could not be completed because your bank was unable to complete the payment.

You can complete the payment using the secure payment link provided below.

If you have already completed the payment, please ignore this message.

Thank you.",plink_test_fbd26309d5c2,https://rzp.io/i/mock_6309d5c2,created
P09470,1681.36,0.4911732880643273,825.8391196198373,Medium,High,0,GENERATE_PAYMENT_LINK,APPROVED,2026-08-31T00:01:34.717216,Recovery opportunity is suitable for automated customer recovery,"Hi,

Your recent payment of ₹1,681.36 could not be completed because there were insufficient funds to complete the payment.

You can complete the payment using the secure payment link provided below.

If you have already completed the payment, please ignore this message.

Thank you.",plink_test_dd7d8098cb66,https://rzp.io/i/mock_8098cb66,created
P09962,2527.82,0.32634588052634705,824.9436437121107,Medium,Medium,0,GENERATE_PAYMENT_LINK,APPROVED,2026-08-31T00:01:34.717264,Recovery opportunity is suitable for automated customer recovery,"Hi,

Your recent payment of ₹2,527.82 could not be completed because the payment authentication could not be completed.

You can complete the payment using the secure payment link provided below.

If you have already completed the payment, please ignore this message.

Thank you.",plink_test_4e592401484e,https://rzp.io/i/mock_2401484e,created
P05721,2993.28,0.2753755455468906,824.2761129745967,Medium,High,1,GENERATE_PAYMENT_LINK,APPROVED,2026-08-31T00:01:34.717347,Recovery opportunity is suitable for automated customer recovery,"Hi,

Your recent payment of ₹2,993.28 could not be completed because your card appears to have expired.

You can complete the payment using the secure payment link provided below.

If you have already completed the payment, please ignore this message.

Thank you.",plink_test_43cc6e6913f6,https://rzp.io/i/mock_6e6913f6,created
P08686,2440.4,0.3376041796055139,823.8892399092962,Medium,Low,0,STOP,BLOCKED,2026-08-31T00:01:34.717396,Recovery attempt limit reached or recovery opportunity is not suitable,,,,
P03411,1986.99,0.4144841538037496,823.5758687665124,Medium,Medium,1,GENERATE_PAYMENT_LINK,APPROVED,2026-08-31T00:01:34.717465,Recovery opportunity is suitable for automated customer recovery,"Hi,

Your recent payment of ₹1,986.99 could not be completed because a temporary network issue interrupted the payment.

You can complete the payment using the secure payment link provided below.

If you have already completed the payment, please ignore this message.

Thank you.",plink_test_4af4465a172e,https://rzp.io/i/mock_465a172e,created
P09257,3725.8,0.2206498055783903,822.0970456239667,Medium,High,1,GENERATE_PAYMENT_LINK,APPROVED,2026-08-31T00:01:34.717608,Recovery opportunity is suitable for automated customer recovery,"Hi,

Your recent payment of ₹3,725.80 could not be completed because your bank was unable to complete the payment.

You can complete the payment using the secure payment link provided below.

If you have already completed the payment, please ignore this message.

Thank you.",plink_test_2c4111b07814,https://rzp.io/i/mock_11b07814,created
P01836,3562.4,0.23061808179697033,821.5538545935271,Medium,Low,1,STOP,BLOCKED,2026-08-31T00:01:34.717702,Recovery attempt limit reached or recovery opportunity is not suitable,,,,
P06108,1897.01,0.43268607286090455,820.8098070778645,Medium,High,0,GENERATE_PAYMENT_LINK,APPROVED,2026-08-31T00:01:34.717757,Recovery opportunity is suitable for automated customer recovery,"Hi,

Your recent payment of ₹1,897.01 could not be completed because a temporary network issue interrupted the payment.

You can complete the payment using the secure payment link provided below.

If you have already completed the payment, please ignore this message.

Thank you.",plink_test_cb494ccf7999,https://rzp.io/i/mock_4ccf7999,created
P07684,2041.0,0.40163728805971954,819.7417049298875,Medium,Medium,1,GENERATE_PAYMENT_LINK,APPROVED,2026-08-31T00:01:34.717833,Recovery opportunity is suitable for automated customer recovery,"Hi,

Your recent payment of ₹2,041.00 could not be completed because a temporary network issue interrupted the payment.

You can complete the payment using the secure payment link provided below.

If you have already completed the payment, please ignore this message.

Thank you.",plink_test_233cb9f975dd,https://rzp.io/i/mock_b9f975dd,created
P05694,5946.01,0.13773987587730194,819.0026793651962,Medium,High,1,GENERATE_PAYMENT_LINK,APPROVED,2026-08-31T00:01:34.717902,Recovery opportunity is suitable for automated customer recovery,"Hi,

Your recent payment of ₹5,946.01 could not be completed because your bank was unable to complete the payment.

You can complete the payment using the secure payment link provided below.

If you have already completed the payment, please ignore this message.

Thank you.",plink_test_79f5198b4394,https://rzp.io/i/mock_198b4394,created
P01793,2011.76,0.40606908866299857,816.913549808674,Medium,Medium,0,GENERATE_PAYMENT_LINK,APPROVED,2026-08-31T00:01:34.717967,Recovery opportunity is suitable for automated customer recovery,"Hi,

Your recent payment of ₹2,011.76 could not be completed because a temporary network issue interrupted the payment.

You can complete the payment using the secure payment link provided below.

If you have already completed the payment, please ignore this message.

Thank you.",plink_test_bd0e00a73594,https://rzp.io/i/mock_00a73594,created
P02916,2372.64,0.3437974290265097,815.707532005458,Medium,Medium,1,GENERATE_PAYMENT_LINK,APPROVED,2026-08-31T00:01:34.718028,Recovery opportunity is suitable for automated customer recovery,"Hi,

Your recent payment of ₹2,372.64 could not be completed because your bank was unable to complete the payment.

You can complete the payment using the secure payment link provided below.

If you have already completed the payment, please ignore this message.

Thank you.",plink_test_2c6c8b879864,https://rzp.io/i/mock_8b879864,created
P07640,2319.67,0.3506291328885168,813.3438806875058,Medium,Medium,1,GENERATE_PAYMENT_LINK,APPROVED,2026-08-31T00:01:34.718088,Recovery opportunity is suitable for automated customer recovery,"Hi,

Your recent payment of ₹2,319.67 could not be completed because your bank was unable to complete the payment.

You can complete the payment using the secure payment link provided below.

If you have already completed the payment, please ignore this message.

Thank you.",plink_test_0d1c31dbcf59,https://rzp.io/i/mock_31dbcf59,created
P05122,2472.99,0.328318937771484,811.9294499195022,Medium,Low,0,STOP,BLOCKED,2026-08-31T00:01:34.718148,Recovery attempt limit reached or recovery opportunity is not suitable,,,,
P06759,2813.51,0.28838897370697336,811.3852614143067,Medium,Medium,0,GENERATE_PAYMENT_LINK,APPROVED,2026-08-31T00:01:34.718193,Recovery opportunity is suitable for automated customer recovery,"Hi,

Your recent payment of ₹2,813.51 could not be completed because the OTP verification was unsuccessful.

You can complete the payment using the secure payment link provided below.

If you have already completed the payment, please ignore this message.

Thank you.",plink_test_90d8fd261221,https://rzp.io/i/mock_fd261221,created
P01240,1880.71,0.43058267722919313,809.8011468917158,Medium,High,0,GENERATE_PAYMENT_LINK,APPROVED,2026-08-31T00:01:34.718261,Recovery opportunity is suitable for automated customer recovery,"Hi,

Your recent payment of ₹1,880.71 could not be completed because a temporary network issue interrupted the payment.

You can complete the payment using the secure payment link provided below.

If you have already completed the payment, please ignore this message.

Thank you.",plink_test_7aaf36f61448,https://rzp.io/i/mock_36f61448,created
P01321,1590.16,0.5086285328949248,808.8007478681938,Medium,High,0,GENERATE_PAYMENT_LINK,APPROVED,2026-08-31T00:01:34.718327,Recovery opportunity is suitable for automated customer recovery,"Hi,

Your recent payment of ₹1,590.16 could not be completed because a temporary network issue interrupted the payment.

You can complete the payment using the secure payment link provided below.

If you have already completed the payment, please ignore this message.

Thank you.",plink_test_198308765126,https://rzp.io/i/mock_08765126,created
P00863,2959.24,0.27314410336368905,808.2989564379632,Medium,Medium,0,GENERATE_PAYMENT_LINK,APPROVED,2026-08-31T00:01:34.718391,Recovery opportunity is suitable for automated customer recovery,"Hi,

Your recent payment of ₹2,959.24 could not be completed because your card payment was declined by the issuing bank.

You can complete the payment using the secure payment link provided below.

If you have already completed the payment, please ignore this message.

Thank you.",plink_test_145b69d7a9fe,https://rzp.io/i/mock_69d7a9fe,created
P05077,2075.38,0.38864120125289153,806.578176256226,Medium,Low,0,STOP,BLOCKED,2026-08-31T00:01:34.718456,Recovery attempt limit reached or recovery opportunity is not suitable,,,,
P08972,1789.84,0.4504949557865324,806.3138916649672,Medium,Medium,0,GENERATE_PAYMENT_LINK,APPROVED,2026-08-31T00:01:34.718504,Recovery opportunity is suitable for automated customer recovery,"Hi,

Your recent payment of ₹1,789.84 could not be completed because there were insufficient funds to complete the payment.

You can complete the payment using the secure payment link provided below.

If you have already completed the payment, please ignore this message.

Thank you.",plink_test_99a9e621cca3,https://rzp.io/i/mock_e621cca3,created
P00705,1797.79,0.44846680582978915,806.2491388527366,Medium,Low,0,STOP,BLOCKED,2026-08-31T00:01:34.718574,Recovery attempt limit reached or recovery opportunity is not suitable,,,,
P03711,3398.71,0.2371809342116995,806.1092129146452,Medium,Low,0,STOP,BLOCKED,2026-08-31T00:01:34.718619,Recovery attempt limit reached or recovery opportunity is not suitable,,,,
P00387,2861.07,0.28123193674030866,804.624257249595,Medium,Medium,0,GENERATE_PAYMENT_LINK,APPROVED,2026-08-31T00:01:34.718664,Recovery opportunity is suitable for automated customer recovery,"Hi,

Your recent payment of ₹2,861.07 could not be completed because your card appears to have expired.

You can complete the payment using the secure payment link provided below.

If you have already completed the payment, please ignore this message.

Thank you.",plink_test_946160a73836,https://rzp.io/i/mock_60a73836,created
P07937,1682.67,0.4781329110216917,804.53990538887,Medium,High,1,GENERATE_PAYMENT_LINK,APPROVED,2026-08-31T00:01:34.718738,Recovery opportunity is suitable for automated customer recovery,"Hi,

Your recent payment of ₹1,682.67 could not be completed because a temporary network issue interrupted the payment.

You can complete the payment using the secure payment link provided below.

If you have already completed the payment, please ignore this message.

Thank you.",plink_test_fc4b06263e77,https://rzp.io/i/mock_06263e77,created
P03079,2686.56,0.2986550308261462,802.3546596162913,Medium,High,1,GENERATE_PAYMENT_LINK,APPROVED,2026-08-31T00:01:34.718809,Recovery opportunity is suitable for automated customer recovery,"Hi,

Your recent payment of ₹2,686.56 could not be completed because a temporary network issue interrupted the payment.

You can complete the payment using the secure payment link provided below.

If you have already completed the payment, please ignore this message.

Thank you.",plink_test_d75b6e553b1f,https://rzp.io/i/mock_6e553b1f,created
P01272,1803.73,0.44399943929992003,800.8551086484448,Medium,Low,0,STOP,BLOCKED,2026-08-31T00:01:34.718879,Recovery attempt limit reached or recovery opportunity is not suitable,,,,
P07796,1818.2,0.4387768390224851,797.7840487106824,Medium,Medium,0,GENERATE_PAYMENT_LINK,APPROVED,2026-08-31T00:01:34.718927,Recovery opportunity is suitable for automated customer recovery,"Hi,

Your recent payment of ₹1,818.20 could not be completed because there were insufficient funds to complete the payment.

You can complete the payment using the secure payment link provided below.

If you have already completed the payment, please ignore this message.

Thank you.",plink_test_2f82ce11814b,https://rzp.io/i/mock_ce11814b,created
P09306,3080.5,0.25883280263064073,797.3344485036888,Medium,Low,1,STOP,BLOCKED,2026-08-31T00:01:34.718995,Recovery attempt limit reached or recovery opportunity is not suitable,,,,
P01991,6473.09,0.12302900083757005,796.3777950316663,Medium,Low,2,STOP,BLOCKED,2026-08-31T00:01:34.719038,Recovery attempt limit reached or recovery opportunity is not suitable,,,,
P09148,1539.16,0.5164952315441841,794.9688005835465,Medium,Medium,0,GENERATE_PAYMENT_LINK,APPROVED,2026-08-31T00:01:34.719066,Recovery opportunity is suitable for automated customer recovery,"Hi,

Your recent payment of ₹1,539.16 could not be completed because a temporary network issue interrupted the payment.

You can complete the payment using the secure payment link provided below.

If you have already completed the payment, please ignore this message.

Thank you.",plink_test_88979436cf0e,https://rzp.io/i/mock_9436cf0e,created
P02937,1626.66,0.48806510236377515,793.9159794110585,Medium,High,0,GENERATE_PAYMENT_LINK,APPROVED,2026-08-31T00:01:34.719109,Recovery opportunity is suitable for automated customer recovery,"Hi,

Your recent payment of ₹1,626.66 could not be completed because there were insufficient funds to complete the payment.

You can complete the payment using the secure payment link provided below.

If you have already completed the payment, please ignore this message.

Thank you.",plink_test_63021ec4bba9,https://rzp.io/i/mock_1ec4bba9,created
P04615,1635.22,0.48533515173994024,793.6297468281851,Medium,Low,0,STOP,BLOCKED,2026-08-31T00:01:34.719163,Recovery attempt limit reached or recovery opportunity is not suitable,,,,
P09678,1726.24,0.45742933006894065,789.6328067382082,Medium,Medium,0,GENERATE_PAYMENT_LINK,APPROVED,2026-08-31T00:01:34.719195,Recovery opportunity is suitable for automated customer recovery,"Hi,

Your recent payment of ₹1,726.24 could not be completed because there were insufficient funds to complete the payment.

You can complete the payment using the secure payment link provided below.

If you have already completed the payment, please ignore this message.

Thank you.",plink_test_721f2431a89b,https://rzp.io/i/mock_2431a89b,created
P08647,1899.7,0.4141501320668113,786.7610058873214,Medium,Medium,0,GENERATE_PAYMENT_LINK,APPROVED,2026-08-31T00:01:34.719237,Recovery opportunity is suitable for automated customer recovery,"Hi,

Your recent payment of ₹1,899.70 could not be completed because your bank was unable to complete the payment.

You can complete the payment using the secure payment link provided below.

If you have already completed the payment, please ignore this message.

Thank you.",plink_test_44d1aa276700,https://rzp.io/i/mock_aa276700,created
P09805,3109.11,0.25296320610210615,786.4904337241193,Medium,Low,0,STOP,BLOCKED,2026-08-31T00:01:34.719277,Recovery attempt limit reached or recovery opportunity is not suitable,,,,
P04369,2582.67,0.3044378628870615,786.2625353425271,Medium,Medium,0,GENERATE_PAYMENT_LINK,APPROVED,2026-08-31T00:01:34.719303,Recovery opportunity is suitable for automated customer recovery,"Hi,

Your recent payment of ₹2,582.67 could not be completed because the payment authentication could not be completed.

You can complete the payment using the secure payment link provided below.

If you have already completed the payment, please ignore this message.

Thank you.",plink_test_61a40f69624b,https://rzp.io/i/mock_0f69624b,created
P07836,1478.78,0.529711076624958,783.3261458914553,Medium,High,0,GENERATE_PAYMENT_LINK,APPROVED,2026-08-31T00:01:34.719340,Recovery opportunity is suitable for automated customer recovery,"Hi,

Your recent payment of ₹1,478.78 could not be completed because a temporary network issue interrupted the payment.

You can complete the payment using the secure payment link provided below.

If you have already completed the payment, please ignore this message.

Thank you.",plink_test_934b255834c9,https://rzp.io/i/mock_255834c9,created
P02947,2336.48,0.33509441367090015,782.9413956537848,Medium,Medium,1,GENERATE_PAYMENT_LINK,APPROVED,2026-08-31T00:01:34.719378,Recovery opportunity is suitable for automated customer recovery,"Hi,

Your recent payment of ₹2,336.48 could not be completed because a temporary network issue interrupted the payment.

You can complete the payment using the secure payment link provided below.

If you have already completed the payment, please ignore this message.

Thank you.",plink_test_cbb182e30c5e,https://rzp.io/i/mock_82e30c5e,created
P06039,1852.59,0.4226149959651858,782.9323153751435,Medium,Medium,0,GENERATE_PAYMENT_LINK,APPROVED,2026-08-31T00:01:34.719415,Recovery opportunity is suitable for automated customer recovery,"Hi,

Your recent payment of ₹1,852.59 could not be completed because a temporary network issue interrupted the payment.

You can complete the payment using the secure payment link provided below.

If you have already completed the payment, please ignore this message.

Thank you.",plink_test_2f76e0698ea0,https://rzp.io/i/mock_e0698ea0,created
P09907,1885.89,0.415152008406996,782.9310211346698,Medium,Low,0,STOP,BLOCKED,2026-08-31T00:01:34.719452,Recovery attempt limit reached or recovery opportunity is not suitable,,,,
P01508,2746.48,0.2843723495786634,781.0229706708075,Medium,Low,1,STOP,BLOCKED,2026-08-31T00:01:34.719477,Recovery attempt limit reached or recovery opportunity is not suitable,,,,
P04200,2523.01,0.30865161290130855,778.7311058661305,Medium,Low,0,STOP,BLOCKED,2026-08-31T00:01:34.719502,Recovery attempt limit reached or recovery opportunity is not suitable,,,,
P09859,2111.99,0.36848417191583155,778.234886244517,Medium,Low,0,STOP,BLOCKED,2026-08-31T00:01:34.719526,Recovery attempt limit reached or recovery opportunity is not suitable,,,,
P07019,1537.86,0.5052364262085152,776.982890409027,Medium,Medium,0,GENERATE_PAYMENT_LINK,APPROVED,2026-08-31T00:01:34.719551,Recovery opportunity is suitable for automated customer recovery,"Hi,

Your recent payment of ₹1,537.86 could not be completed because a temporary network issue interrupted the payment.

You can complete the payment using the secure payment link provided below.

If you have already completed the payment, please ignore this message.

Thank you.",plink_test_786141ffd279,https://rzp.io/i/mock_41ffd279,created
P04693,1834.09,0.4233061115510367,776.3815061346409,Medium,Medium,0,GENERATE_PAYMENT_LINK,APPROVED,2026-08-31T00:01:34.719588,Recovery opportunity is suitable for automated customer recovery,"Hi,

Your recent payment of ₹1,834.09 could not be completed because your bank was unable to complete the payment.

You can complete the payment using the secure payment link provided below.

If you have already completed the payment, please ignore this message.

Thank you.",plink_test_4fc939a83a94,https://rzp.io/i/mock_39a83a94,created
P02924,2003.28,0.387354004622059,775.9785303792784,Medium,Medium,1,GENERATE_PAYMENT_LINK,APPROVED,2026-08-31T00:01:34.719625,Recovery opportunity is suitable for automated customer recovery,"Hi,

Your recent payment of ₹2,003.28 could not be completed because your bank was unable to complete the payment.

You can complete the payment using the secure payment link provided below.

If you have already completed the payment, please ignore this message.

Thank you.",plink_test_644c0147ca1c,https://rzp.io/i/mock_0147ca1c,created
P00900,1910.72,0.4053446807776026,774.5001884553809,Medium,Low,1,STOP,BLOCKED,2026-08-31T00:01:34.719661,Recovery attempt limit reached or recovery opportunity is not suitable,,,,
P04168,2267.48,0.341203782738332,773.6727532835131,Medium,High,2,STOP,BLOCKED,2026-08-31T00:01:34.719685,Recovery attempt limit reached or recovery opportunity is not suitable,,,,
P07143,1759.46,0.4379132640646299,770.4908715911537,Medium,High,0,GENERATE_PAYMENT_LINK,APPROVED,2026-08-31T00:01:34.719709,Recovery opportunity is suitable for automated customer recovery,"Hi,

Your recent payment of ₹1,759.46 could not be completed because there were insufficient funds to complete the payment.

You can complete the payment using the secure payment link provided below.

If you have already completed the payment, please ignore this message.

Thank you.",plink_test_df4443f69a07,https://rzp.io/i/mock_43f69a07,created
P04310,2199.52,0.3499804668174267,769.7890363742664,Medium,High,2,STOP,BLOCKED,2026-08-31T00:01:34.719745,Recovery attempt limit reached or recovery opportunity is not suitable,,,,
P02386,1911.86,0.4016344578745909,767.8688546321154,Medium,Medium,0,GENERATE_PAYMENT_LINK,APPROVED,2026-08-31T00:01:34.719770,Recovery opportunity is suitable for automated customer recovery,"Hi,

Your recent payment of ₹1,911.86 could not be completed because there were insufficient funds to complete the payment.

You can complete the payment using the secure payment link provided below.

If you have already completed the payment, please ignore this message.

Thank you.",plink_test_c741a02e24cd,https://rzp.io/i/mock_a02e24cd,created
P02230,2865.31,0.267903031635812,767.6252355764084,Medium,Low,1,STOP,BLOCKED,2026-08-31T00:01:34.719806,Recovery attempt limit reached or recovery opportunity is not suitable,,,,
P07172,2417.03,0.3174161280736058,767.2043040377475,Medium,Low,0,STOP,BLOCKED,2026-08-31T00:01:34.719830,Recovery attempt limit reached or recovery opportunity is not suitable,,,,
P07104,3585.93,0.21369063921468065,766.2796738790997,Medium,Low,1,STOP,BLOCKED,2026-08-31T00:01:34.719854,Recovery attempt limit reached or recovery opportunity is not suitable,,,,
P05332,2626.0,0.2916643323629181,765.9105367850229,Medium,High,1,GENERATE_PAYMENT_LINK,APPROVED,2026-08-31T00:01:34.719877,Recovery opportunity is suitable for automated customer recovery,"Hi,

Your recent payment of ₹2,626.00 could not be completed because your card appears to have expired.

You can complete the payment using the secure payment link provided below.

If you have already completed the payment, please ignore this message.

Thank you.",plink_test_88fe3395c6eb,https://rzp.io/i/mock_3395c6eb,created
P08249,2026.47,0.3773231064255559,764.6339554781963,Medium,High,0,GENERATE_PAYMENT_LINK,APPROVED,2026-08-31T00:01:34.719913,Recovery opportunity is suitable for automated customer recovery,"Hi,

Your recent payment of ₹2,026.47 could not be completed because your bank was unable to complete the payment.

You can complete the payment using the secure payment link provided below.

If you have already completed the payment, please ignore this message.

Thank you.",plink_test_c6d9db126e63,https://rzp.io/i/mock_db126e63,created
P02660,1822.78,0.4187325078737628,763.2572407021373,Medium,Medium,0,GENERATE_PAYMENT_LINK,APPROVED,2026-08-31T00:01:34.719948,Recovery opportunity is suitable for automated customer recovery,"Hi,

Your recent payment of ₹1,822.78 could not be completed because a temporary network issue interrupted the payment.

You can complete the payment using the secure payment link provided below.

If you have already completed the payment, please ignore this message.

Thank you.",plink_test_ad715117de1f,https://rzp.io/i/mock_5117de1f,created
P01789,3668.67,0.2079009828023839,762.7200985776217,Medium,Low,0,STOP,BLOCKED,2026-08-31T00:01:34.719984,Recovery attempt limit reached or recovery opportunity is not suitable,,,,
P03113,2694.64,0.2830443516920262,762.7026318434014,Medium,Medium,1,GENERATE_PAYMENT_LINK,APPROVED,2026-08-31T00:01:34.720008,Recovery opportunity is suitable for automated customer recovery,"Hi,

Your recent payment of ₹2,694.64 could not be completed because your card payment was declined by the issuing bank.

You can complete the payment using the secure payment link provided below.

If you have already completed the payment, please ignore this message.

Thank you.",plink_test_a83b3e7ef109,https://rzp.io/i/mock_3e7ef109,created
P09978,2253.74,0.33786409554661445,761.4578266972268,Medium,High,1,GENERATE_PAYMENT_LINK,APPROVED,2026-08-31T00:01:34.720043,Recovery opportunity is suitable for automated customer recovery,"Hi,

Your recent payment of ₹2,253.74 could not be completed because your bank was unable to complete the payment.

You can complete the payment using the secure payment link provided below.

If you have already completed the payment, please ignore this message.

Thank you.",plink_test_16605f64d850,https://rzp.io/i/mock_5f64d850,created
P04643,2899.69,0.26240470491812545,760.8922988040392,Medium,Medium,0,GENERATE_PAYMENT_LINK,APPROVED,2026-08-31T00:01:34.720079,Recovery opportunity is suitable for automated customer recovery,"Hi,

Your recent payment of ₹2,899.69 could not be completed because your bank was unable to complete the payment.

You can complete the payment using the secure payment link provided below.

If you have already completed the payment, please ignore this message.

Thank you.",plink_test_a36678e0a79e,https://rzp.io/i/mock_78e0a79e,created
P03680,1429.43,0.5318344841018856,760.2201666097584,Medium,Low,0,STOP,BLOCKED,2026-08-31T00:01:34.720115,Recovery attempt limit reached or recovery opportunity is not suitable,,,,
P01528,1416.05,0.5367945020359156,760.1278546079583,Medium,Medium,0,GENERATE_PAYMENT_LINK,APPROVED,2026-08-31T00:01:34.720141,Recovery opportunity is suitable for automated customer recovery,"Hi,

Your recent payment of ₹1,416.05 could not be completed because there were insufficient funds to complete the payment.

You can complete the payment using the secure payment link provided below.

If you have already completed the payment, please ignore this message.

Thank you.",plink_test_e0f524cfd7a1,https://rzp.io/i/mock_24cfd7a1,created
P01639,2195.27,0.3461553944226204,759.9045527141459,Medium,High,0,GENERATE_PAYMENT_LINK,APPROVED,2026-08-31T00:01:34.720178,Recovery opportunity is suitable for automated customer recovery,"Hi,

Your recent payment of ₹2,195.27 could not be completed because your bank was unable to complete the payment.

You can complete the payment using the secure payment link provided below.

If you have already completed the payment, please ignore this message.

Thank you.",plink_test_2428d5d85ed3,https://rzp.io/i/mock_d5d85ed3,created
P06107,1710.3,0.44413310634599656,759.6008517835579,Medium,High,0,GENERATE_PAYMENT_LINK,APPROVED,2026-08-31T00:01:34.720214,Recovery opportunity is suitable for automated customer recovery,"Hi,

Your recent payment of ₹1,710.30 could not be completed because there were insufficient funds to complete the payment.

You can complete the payment using the secure payment link provided below.

If you have already completed the payment, please ignore this message.

Thank you.",plink_test_105db92f1a45,https://rzp.io/i/mock_b92f1a45,created
P07661,1846.6,0.4096073293004844,756.3808942862744,Medium,Medium,0,GENERATE_PAYMENT_LINK,APPROVED,2026-08-31T00:01:34.720248,Recovery opportunity is suitable for automated customer recovery,"Hi,

Your recent payment of ₹1,846.60 could not be completed because the payment authentication could not be completed.

You can complete the payment using the secure payment link provided below.

If you have already completed the payment, please ignore this message.

Thank you.",plink_test_aa8651dd0b6e,https://rzp.io/i/mock_51dd0b6e,created
P00003,2689.37,0.2805873096356884,754.6030929149313,Medium,High,0,GENERATE_PAYMENT_LINK,APPROVED,2026-08-31T00:01:34.720288,Recovery opportunity is suitable for automated customer recovery,"Hi,

Your recent payment of ₹2,689.37 could not be completed because the payment authentication could not be completed.

You can complete the payment using the secure payment link provided below.

If you have already completed the payment, please ignore this message.

Thank you.",plink_test_fd56020cd433,https://rzp.io/i/mock_020cd433,created
P07023,2888.75,0.2611991369617145,754.5390068981527,Medium,Medium,0,GENERATE_PAYMENT_LINK,APPROVED,2026-08-31T00:01:34.720326,Recovery opportunity is suitable for automated customer recovery,"Hi,

Your recent payment of ₹2,888.75 could not be completed because your card appears to have expired.

You can complete the payment using the secure payment link provided below.

If you have already completed the payment, please ignore this message.

Thank you.",plink_test_c2e6fdb882ee,https://rzp.io/i/mock_fdb882ee,created
P07178,2140.74,0.35195957462255034,753.4539397774784,Medium,Low,1,STOP,BLOCKED,2026-08-31T00:01:34.720362,Recovery attempt limit reached or recovery opportunity is not suitable,,,,
P01477,2078.57,0.36215451903977697,752.7635186405092,Medium,Low,0,STOP,BLOCKED,2026-08-31T00:01:34.720386,Recovery attempt limit reached or recovery opportunity is not suitable,,,,
P06941,1822.4,0.411787264736351,750.4411112555262,Medium,Medium,1,GENERATE_PAYMENT_LINK,APPROVED,2026-08-31T00:01:34.720410,Recovery opportunity is suitable for automated customer recovery,"Hi,

Your recent payment of ₹1,822.40 could not be completed because there were insufficient funds to complete the payment.

You can complete the payment using the secure payment link provided below.

If you have already completed the payment, please ignore this message.

Thank you.",plink_test_0d71b00e4ce0,https://rzp.io/i/mock_b00e4ce0,created
P05302,1712.85,0.43607234828921965,746.9265217671898,Medium,Low,0,STOP,BLOCKED,2026-08-31T00:01:34.720446,Recovery attempt limit reached or recovery opportunity is not suitable,,,,
P01086,2184.96,0.34075757510012844,744.5416712907767,Medium,Medium,0,GENERATE_PAYMENT_LINK,APPROVED,2026-08-31T00:01:34.720471,Recovery opportunity is suitable for automated customer recovery,"Hi,

Your recent payment of ₹2,184.96 could not be completed because the payment authentication could not be completed.

You can complete the payment using the secure payment link provided below.

If you have already completed the payment, please ignore this message.

Thank you.",plink_test_248bd2dd77df,https://rzp.io/i/mock_d2dd77df,created
P00225,2408.86,0.308953474124179,744.2256656787699,Medium,High,1,GENERATE_PAYMENT_LINK,APPROVED,2026-08-31T00:01:34.720509,Recovery opportunity is suitable for automated customer recovery,"Hi,

Your recent payment of ₹2,408.86 could not be completed because the payment authentication could not be completed.

You can complete the payment using the secure payment link provided below.

If you have already completed the payment, please ignore this message.

Thank you.",plink_test_7d2163156e1d,https://rzp.io/i/mock_63156e1d,created
P04790,2294.64,0.32371635373598595,742.8124939367427,Medium,Medium,1,GENERATE_PAYMENT_LINK,APPROVED,2026-08-31T00:01:34.720548,Recovery opportunity is suitable for automated customer recovery,"Hi,

Your recent payment of ₹2,294.64 could not be completed because a temporary network issue interrupted the payment.

You can complete the payment using the secure payment link provided below.

If you have already completed the payment, please ignore this message.

Thank you.",plink_test_177c21335f80,https://rzp.io/i/mock_21335f80,created
P08964,2625.78,0.2826775244108941,742.2489900476376,Medium,Low,1,STOP,BLOCKED,2026-08-31T00:01:34.720584,Recovery attempt limit reached or recovery opportunity is not suitable,,,,
P09627,1823.37,0.40667488442053024,741.5187840058621,Medium,High,0,GENERATE_PAYMENT_LINK,APPROVED,2026-08-31T00:01:34.720609,Recovery opportunity is suitable for automated customer recovery,"Hi,

Your recent payment of ₹1,823.37 could not be completed because the payment authentication could not be completed.

You can complete the payment using the secure payment link provided below.

If you have already completed the payment, please ignore this message.

Thank you.",plink_test_cd07fea0e531,https://rzp.io/i/mock_fea0e531,created
P00922,1487.57,0.4975951771519388,740.2076576759096,Medium,High,0,GENERATE_PAYMENT_LINK,APPROVED,2026-08-31T00:01:34.720650,Recovery opportunity is suitable for automated customer recovery,"Hi,

Your recent payment of ₹1,487.57 could not be completed because there were insufficient funds to complete the payment.

You can complete the payment using the secure payment link provided below.

If you have already completed the payment, please ignore this message.

Thank you.",plink_test_682d3151020b,https://rzp.io/i/mock_3151020b,created
P06977,1688.84,0.4381542208413709,739.9723743257408,Medium,Medium,0,GENERATE_PAYMENT_LINK,APPROVED,2026-08-31T00:01:34.720686,Recovery opportunity is suitable for automated customer recovery,"Hi,

Your recent payment of ₹1,688.84 could not be completed because there were insufficient funds to complete the payment.

You can complete the payment using the secure payment link provided below.

If you have already completed the payment, please ignore this message.

Thank you.",plink_test_0b9d71a5d344,https://rzp.io/i/mock_71a5d344,created
P01236,3388.61,0.21799576732470788,738.7026371141784,Medium,Low,2,STOP,BLOCKED,2026-08-31T00:01:34.720721,Recovery attempt limit reached or recovery opportunity is not suitable,,,,
P08511,4024.51,0.18314623602760777,737.0738583554678,Medium,High,1,GENERATE_PAYMENT_LINK,APPROVED,2026-08-31T00:01:34.720752,Recovery opportunity is suitable for automated customer recovery,"Hi,

Your recent payment of ₹4,024.51 could not be completed because your bank was unable to complete the payment.

You can complete the payment using the secure payment link provided below.

If you have already completed the payment, please ignore this message.

Thank you.",plink_test_c7a909da89d6,https://rzp.io/i/mock_09da89d6,created
P01369,2123.43,0.34607325226711483,734.8623260615595,Medium,High,1,GENERATE_PAYMENT_LINK,APPROVED,2026-08-31T00:01:34.720936,Recovery opportunity is suitable for automated customer recovery,"Hi,

Your recent payment of ₹2,123.43 could not be completed because there were insufficient funds to complete the payment.

You can complete the payment using the secure payment link provided below.

If you have already completed the payment, please ignore this message.

Thank you.",plink_test_accad9a0d859,https://rzp.io/i/mock_d9a0d859,created
P01539,2029.0,0.361621022263187,733.7290541720064,Medium,Medium,0,GENERATE_PAYMENT_LINK,APPROVED,2026-08-31T00:01:34.721135,Recovery opportunity is suitable for automated customer recovery,"Hi,

Your recent payment of ₹2,029.00 could not be completed because the payment authentication could not be completed.

You can complete the payment using the secure payment link provided below.

If you have already completed the payment, please ignore this message.

Thank you.",plink_test_346338120a89,https://rzp.io/i/mock_38120a89,created
P06556,1691.54,0.4324657452096953,731.533106652008,Medium,Medium,1,GENERATE_PAYMENT_LINK,APPROVED,2026-08-31T00:01:34.721265,Recovery opportunity is suitable for automated customer recovery,"Hi,

Your recent payment of ₹1,691.54 could not be completed because a temporary network issue interrupted the payment.

You can complete the payment using the secure payment link provided below.

If you have already completed the payment, please ignore this message.

Thank you.",plink_test_c00943b259bf,https://rzp.io/i/mock_43b259bf,created
P04154,1738.91,0.420073649887054,730.470270525097,Medium,High,0,GENERATE_PAYMENT_LINK,APPROVED,2026-08-31T00:01:34.721342,Recovery opportunity is suitable for automated customer recovery,"Hi,

Your recent payment of ₹1,738.91 could not be completed because the payment authentication could not be completed.

You can complete the payment using the secure payment link provided below.

If you have already completed the payment, please ignore this message.

Thank you.",plink_test_ce8fc5b46158,https://rzp.io/i/mock_c5b46158,created
P05012,2176.07,0.3348867564681214,728.737024147585,Medium,High,0,GENERATE_PAYMENT_LINK,APPROVED,2026-08-31T00:01:34.721409,Recovery opportunity is suitable for automated customer recovery,"Hi,

Your recent payment of ₹2,176.07 could not be completed because your card payment was declined by the issuing bank.

You can complete the payment using the secure payment link provided below.

If you have already completed the payment, please ignore this message.

Thank you.",plink_test_e4ac9fe4652b,https://rzp.io/i/mock_9fe4652b,created
P09553,1969.36,0.36926362674347357,727.213015963527,Medium,High,0,GENERATE_PAYMENT_LINK,APPROVED,2026-08-31T00:01:34.721470,Recovery opportunity is suitable for automated customer recovery,"Hi,

Your recent payment of ₹1,969.36 could not be completed because a temporary network issue interrupted the payment.

You can complete the payment using the secure payment link provided below.

If you have already completed the payment, please ignore this message.

Thank you.",plink_test_fc73432b1b9d,https://rzp.io/i/mock_432b1b9d,created
P08178,2498.78,0.2902138653355818,725.1806024232452,Medium,High,1,GENERATE_PAYMENT_LINK,APPROVED,2026-08-31T00:01:34.721526,Recovery opportunity is suitable for automated customer recovery,"Hi,

Your recent payment of ₹2,498.78 could not be completed because the payment authentication could not be completed.

You can complete the payment using the secure payment link provided below.

If you have already completed the payment, please ignore this message.

Thank you.",plink_test_25ebaf68e62f,https://rzp.io/i/mock_af68e62f,created
P08661,1306.61,0.5537463498772197,723.530518213074,Medium,Medium,0,GENERATE_PAYMENT_LINK,APPROVED,2026-08-31T00:01:34.721582,Recovery opportunity is suitable for automated customer recovery,"Hi,

Your recent payment of ₹1,306.61 could not be completed because there were insufficient funds to complete the payment.

You can complete the payment using the secure payment link provided below.

If you have already completed the payment, please ignore this message.

Thank you.",plink_test_7ab16a818575,https://rzp.io/i/mock_6a818575,created
P06675,2200.27,0.3285079422591716,722.8061701145875,Medium,High,0,GENERATE_PAYMENT_LINK,APPROVED,2026-08-31T00:01:34.721648,Recovery opportunity is suitable for automated customer recovery,"Hi,

Your recent payment of ₹2,200.27 could not be completed because the payment authentication could not be completed.

You can complete the payment using the secure payment link provided below.

If you have already completed the payment, please ignore this message.

Thank you.",plink_test_6f23d181f50f,https://rzp.io/i/mock_d181f50f,created
P06633,2030.0,0.3554260568885267,721.5148954837092,Medium,High,1,GENERATE_PAYMENT_LINK,APPROVED,2026-08-31T00:01:34.721711,Recovery opportunity is suitable for automated customer recovery,"Hi,

Your recent payment of ₹2,030.00 could not be completed because a temporary network issue interrupted the payment.

You can complete the payment using the secure payment link provided below.

If you have already completed the payment, please ignore this message.

Thank you.",plink_test_48ccbecc4b7a,https://rzp.io/i/mock_becc4b7a,created
P06127,1491.92,0.4835293152541784,721.3870560140139,Medium,High,0,GENERATE_PAYMENT_LINK,APPROVED,2026-08-31T00:01:34.721774,Recovery opportunity is suitable for automated customer recovery,"Hi,

Your recent payment of ₹1,491.92 could not be completed because your bank was unable to complete the payment.

You can complete the payment using the secure payment link provided below.

If you have already completed the payment, please ignore this message.

Thank you.",plink_test_a5c77089e4d4,https://rzp.io/i/mock_7089e4d4,created
P03222,3965.17,0.18185534583926674,721.0873616614853,Medium,Low,1,STOP,BLOCKED,2026-08-31T00:01:34.721832,Recovery attempt limit reached or recovery opportunity is not suitable,,,,
P09417,1659.36,0.4344945228263638,720.982831397155,Medium,Medium,0,GENERATE_PAYMENT_LINK,APPROVED,2026-08-31T00:01:34.721875,Recovery opportunity is suitable for automated customer recovery,"Hi,

Your recent payment of ₹1,659.36 could not be completed because there were insufficient funds to complete the payment.

You can complete the payment using the secure payment link provided below.

If you have already completed the payment, please ignore this message.

Thank you.",plink_test_e3465e00fb70,https://rzp.io/i/mock_5e00fb70,created
P08161,1626.09,0.44294359954969326,720.2661577917606,Medium,Medium,0,GENERATE_PAYMENT_LINK,APPROVED,2026-08-31T00:01:34.721938,Recovery opportunity is suitable for automated customer recovery,"Hi,

Your recent payment of ₹1,626.09 could not be completed because the OTP verification was unsuccessful.

You can complete the payment using the secure payment link provided below.

If you have already completed the payment, please ignore this message.

Thank you.",plink_test_1c52d05bde42,https://rzp.io/i/mock_d05bde42,created
P04882,5187.3,0.13871839829236277,719.5739474619734,Medium,Low,1,STOP,BLOCKED,2026-08-31T00:01:34.721996,Recovery attempt limit reached or recovery opportunity is not suitable,,,,
P01943,2019.1,0.3551742281023983,717.1322839615524,Medium,Medium,1,GENERATE_PAYMENT_LINK,APPROVED,2026-08-31T00:01:34.722038,Recovery opportunity is suitable for automated customer recovery,"Hi,

Your recent payment of ₹2,019.10 could not be completed because the payment authentication could not be completed.

You can complete the payment using the secure payment link provided below.

If you have already completed the payment, please ignore this message.

Thank you.",plink_test_7c775f87cff5,https://rzp.io/i/mock_5f87cff5,created
P09491,1462.53,0.4889725165559151,715.1369746385225,Medium,Medium,0,GENERATE_PAYMENT_LINK,APPROVED,2026-08-31T00:01:34.722099,Recovery opportunity is suitable for automated customer recovery,"Hi,

Your recent payment of ₹1,462.53 could not be completed because there were insufficient funds to complete the payment.

You can complete the payment using the secure payment link provided below.

If you have already completed the payment, please ignore this message.

Thank you.",plink_test_60299b3dc4aa,https://rzp.io/i/mock_9b3dc4aa,created
P04645,2906.74,0.2456533520487877,714.050424534293,Medium,Low,1,STOP,BLOCKED,2026-08-31T00:01:34.722171,Recovery attempt limit reached or recovery opportunity is not suitable,,,,
P01850,2794.54,0.25529446247126875,713.4305871544593,Medium,High,1,GENERATE_PAYMENT_LINK,APPROVED,2026-08-31T00:01:34.722209,Recovery opportunity is suitable for automated customer recovery,"Hi,

Your recent payment of ₹2,794.54 could not be completed because your card appears to have expired.

You can complete the payment using the secure payment link provided below.

If you have already completed the payment, please ignore this message.

Thank you.",plink_test_5e7176b01392,https://rzp.io/i/mock_76b01392,created
P04736,1629.4,0.43749585660056123,712.8557487449546,Medium,Medium,1,GENERATE_PAYMENT_LINK,APPROVED,2026-08-31T00:01:34.722263,Recovery opportunity is suitable for automated customer recovery,"Hi,

Your recent payment of ₹1,629.40 could not be completed because there were insufficient funds to complete the payment.

You can complete the payment using the secure payment link provided below.

If you have already completed the payment, please ignore this message.

Thank you.",plink_test_da512b8bd733,https://rzp.io/i/mock_2b8bd733,created
P07562,1525.29,0.4657335190580976,710.3786792841257,Medium,Medium,0,GENERATE_PAYMENT_LINK,APPROVED,2026-08-31T00:01:34.722317,Recovery opportunity is suitable for automated customer recovery,"Hi,

Your recent payment of ₹1,525.29 could not be completed because a temporary network issue interrupted the payment.

You can complete the payment using the secure payment link provided below.

If you have already completed the payment, please ignore this message.

Thank you.",plink_test_eb2eefa21e7c,https://rzp.io/i/mock_efa21e7c,created
P07730,1960.53,0.361186395733489,708.1167644273771,Medium,Medium,1,GENERATE_PAYMENT_LINK,APPROVED,2026-08-31T00:01:34.722373,Recovery opportunity is suitable for automated customer recovery,"Hi,

Your recent payment of ₹1,960.53 could not be completed because a temporary network issue interrupted the payment.

You can complete the payment using the secure payment link provided below.

If you have already completed the payment, please ignore this message.

Thank you.",plink_test_a0f9cd771eb7,https://rzp.io/i/mock_cd771eb7,created
P08546,2902.12,0.24332041756045578,706.1450502105499,Medium,Medium,0,GENERATE_PAYMENT_LINK,APPROVED,2026-08-31T00:01:34.722432,Recovery opportunity is suitable for automated customer recovery,"Hi,

Your recent payment of ₹2,902.12 could not be completed because your card appears to have expired.

You can complete the payment using the secure payment link provided below.

If you have already completed the payment, please ignore this message.

Thank you.",plink_test_b18b78f191e7,https://rzp.io/i/mock_78f191e7,created
P06469,3143.06,0.22453516448318311,705.7274940805135,Medium,Low,1,STOP,BLOCKED,2026-08-31T00:01:34.722496,Recovery attempt limit reached or recovery opportunity is not suitable,,,,
P04411,1365.29,0.5167036317489362,705.450301390505,Medium,Medium,0,GENERATE_PAYMENT_LINK,APPROVED,2026-08-31T00:01:34.722536,Recovery opportunity is suitable for automated customer recovery,"Hi,

Your recent payment of ₹1,365.29 could not be completed because there were insufficient funds to complete the payment.

You can complete the payment using the secure payment link provided below.

If you have already completed the payment, please ignore this message.

Thank you.",plink_test_75d0866f8eef,https://rzp.io/i/mock_866f8eef,created
P09042,1727.65,0.40813245118540675,705.110029290468,Medium,High,1,GENERATE_PAYMENT_LINK,APPROVED,2026-08-31T00:01:34.722598,Recovery opportunity is suitable for automated customer recovery,"Hi,

Your recent payment of ₹1,727.65 could not be completed because there were insufficient funds to complete the payment.

You can complete the payment using the secure payment link provided below.

If you have already completed the payment, please ignore this message.

Thank you.",plink_test_19d2308b33f2,https://rzp.io/i/mock_308b33f2,created
P01174,2195.72,0.3193657797215823,701.2378298502726,Medium,Medium,0,GENERATE_PAYMENT_LINK,APPROVED,2026-08-31T00:01:34.722659,Recovery opportunity is suitable for automated customer recovery,"Hi,

Your recent payment of ₹2,195.72 could not be completed because the payment authentication could not be completed.

You can complete the payment using the secure payment link provided below.

If you have already completed the payment, please ignore this message.

Thank you.",plink_test_2365a02112bf,https://rzp.io/i/mock_a02112bf,created
P02949,2179.12,0.3215049116676789,700.5977831132725,Medium,Low,0,STOP,BLOCKED,2026-08-31T00:01:34.722718,Recovery attempt limit reached or recovery opportunity is not suitable,,,,
P04396,1876.39,0.3711956210439209,696.5077513706028,Medium,High,0,GENERATE_PAYMENT_LINK,APPROVED,2026-08-31T00:01:34.722757,Recovery opportunity is suitable for automated customer recovery,"Hi,

Your recent payment of ₹1,876.39 could not be completed because there were insufficient funds to complete the payment.

You can complete the payment using the secure payment link provided below.

If you have already completed the payment, please ignore this message.

Thank you.",plink_test_485a38eb6d19,https://rzp.io/i/mock_38eb6d19,created
P06969,1624.48,0.42739527356465135,694.2950740003048,Medium,Low,0,STOP,BLOCKED,2026-08-31T00:01:34.722817,Recovery attempt limit reached or recovery opportunity is not suitable,,,,
P05998,1944.3,0.3569722227050147,694.06109260536,Medium,Low,0,STOP,BLOCKED,2026-08-31T00:01:34.722856,Recovery attempt limit reached or recovery opportunity is not suitable,,,,
P06234,2336.89,0.2966113225097544,693.14803345982,Medium,Low,0,STOP,BLOCKED,2026-08-31T00:01:34.722896,Recovery attempt limit reached or recovery opportunity is not suitable,,,,
P03019,3035.4,0.2281381295124256,692.4904783220167,Medium,Medium,0,GENERATE_PAYMENT_LINK,APPROVED,2026-08-31T00:01:34.722936,Recovery opportunity is suitable for automated customer recovery,"Hi,

Your recent payment of ₹3,035.40 could not be completed because your card payment was declined by the issuing bank.

You can complete the payment using the secure payment link provided below.

If you have already completed the payment, please ignore this message.

Thank you.",plink_test_1d13e680e8e6,https://rzp.io/i/mock_e680e8e6,created
P09434,2058.48,0.3348073741309422,689.1942835010619,Medium,High,0,GENERATE_PAYMENT_LINK,APPROVED,2026-08-31T00:01:34.723000,Recovery opportunity is suitable for automated customer recovery,"Hi,

Your recent payment of ₹2,058.48 could not be completed because the payment authentication could not be completed.

You can complete the payment using the secure payment link provided below.

If you have already completed the payment, please ignore this message.

Thank you.",plink_test_6dddc23ead3b,https://rzp.io/i/mock_c23ead3b,created
P06573,1880.6,0.3664177705695791,689.0852593331504,Medium,Low,0,STOP,BLOCKED,2026-08-31T00:01:34.723060,Recovery attempt limit reached or recovery opportunity is not suitable,,,,
P08514,2348.13,0.293442159943348,689.0403390277737,Medium,Medium,1,GENERATE_PAYMENT_LINK,APPROVED,2026-08-31T00:01:34.723098,Recovery opportunity is suitable for automated customer recovery,"Hi,

Your recent payment of ₹2,348.13 could not be completed because your card appears to have expired.

You can complete the payment using the secure payment link provided below.

If you have already completed the payment, please ignore this message.

Thank you.",plink_test_db694ba41b82,https://rzp.io/i/mock_4ba41b82,created
P03631,1758.49,0.39130092724309046,688.0987675477021,Medium,Medium,0,GENERATE_PAYMENT_LINK,APPROVED,2026-08-31T00:01:34.723172,Recovery opportunity is suitable for automated customer recovery,"Hi,

Your recent payment of ₹1,758.49 could not be completed because a temporary network issue interrupted the payment.

You can complete the payment using the secure payment link provided below.

If you have already completed the payment, please ignore this message.

Thank you.",plink_test_47b3a7c21488,https://rzp.io/i/mock_a7c21488,created
P04513,3240.84,0.21213083596685867,687.4820984348343,Medium,Medium,0,GENERATE_PAYMENT_LINK,APPROVED,2026-08-31T00:01:34.723245,Recovery opportunity is suitable for automated customer recovery,"Hi,

Your recent payment of ₹3,240.84 could not be completed because your card payment was declined by the issuing bank.

You can complete the payment using the secure payment link provided below.

If you have already completed the payment, please ignore this message.

Thank you.",plink_test_52ad4953d1a7,https://rzp.io/i/mock_4953d1a7,created
P04223,2584.21,0.26551737442931916,686.1526541739909,Medium,Medium,1,GENERATE_PAYMENT_LINK,APPROVED,2026-08-31T00:01:34.723310,Recovery opportunity is suitable for automated customer recovery,"Hi,

Your recent payment of ₹2,584.21 could not be completed because your card payment was declined by the issuing bank.

You can complete the payment using the secure payment link provided below.

If you have already completed the payment, please ignore this message.

Thank you.",plink_test_41de5dbc278d,https://rzp.io/i/mock_5dbc278d,created
P02022,1557.82,0.44022682468982205,685.7941520382985,Medium,Low,0,STOP,BLOCKED,2026-08-31T00:01:34.723373,Recovery attempt limit reached or recovery opportunity is not suitable,,,,
P09301,2854.86,0.23992522774685915,684.9529356853983,Medium,Medium,1,GENERATE_PAYMENT_LINK,APPROVED,2026-08-31T00:01:34.723416,Recovery opportunity is suitable for automated customer recovery,"Hi,

Your recent payment of ₹2,854.86 could not be completed because the payment authentication could not be completed.

You can complete the payment using the secure payment link provided below.

If you have already completed the payment, please ignore this message.

Thank you.",plink_test_57a17819058b,https://rzp.io/i/mock_7819058b,created
P00277,1613.32,0.42419645844976145,684.3646303461691,Medium,Medium,0,GENERATE_PAYMENT_LINK,APPROVED,2026-08-31T00:01:34.723479,Recovery opportunity is suitable for automated customer recovery,"Hi,

Your recent payment of ₹1,613.32 could not be completed because your card payment was declined by the issuing bank.

You can complete the payment using the secure payment link provided below.

If you have already completed the payment, please ignore this message.

Thank you.",plink_test_bd07c8be9325,https://rzp.io/i/mock_c8be9325,created
P04650,1683.99,0.4057551999036324,683.2876990857179,Medium,Low,1,STOP,BLOCKED,2026-08-31T00:01:34.723540,Recovery attempt limit reached or recovery opportunity is not suitable,,,,
P06802,2729.56,0.2501871923690382,682.9009528028319,Medium,Low,0,STOP,BLOCKED,2026-08-31T00:01:34.723583,Recovery attempt limit reached or recovery opportunity is not suitable,,,,
P04611,2174.09,0.31348004509084243,681.5338312315497,Medium,Low,0,STOP,BLOCKED,2026-08-31T00:01:34.723622,Recovery attempt limit reached or recovery opportunity is not suitable,,,,
P07032,1697.94,0.39971736386412265,678.6961007994485,Medium,Medium,1,GENERATE_PAYMENT_LINK,APPROVED,2026-08-31T00:01:34.723656,Recovery opportunity is suitable for automated customer recovery,"Hi,

Your recent payment of ₹1,697.94 could not be completed because there were insufficient funds to complete the payment.

You can complete the payment using the secure payment link provided below.

If you have already completed the payment, please ignore this message.

Thank you.",plink_test_77120ef30fc2,https://rzp.io/i/mock_0ef30fc2,created
P02933,2185.66,0.31049619653226795,678.6391169127168,Medium,Low,0,STOP,BLOCKED,2026-08-31T00:01:34.723698,Recovery attempt limit reached or recovery opportunity is not suitable,,,,
P04569,1995.17,0.33999339549546653,678.34462289069,Medium,High,1,GENERATE_PAYMENT_LINK,APPROVED,2026-08-31T00:01:34.723723,Recovery opportunity is suitable for automated customer recovery,"Hi,

Your recent payment of ₹1,995.17 could not be completed because there were insufficient funds to complete the payment.

You can complete the payment using the secure payment link provided below.

If you have already completed the payment, please ignore this message.

Thank you.",plink_test_dccc034631fd,https://rzp.io/i/mock_034631fd,created
P08676,1678.44,0.40414990001561685,678.3413581822119,Medium,High,1,GENERATE_PAYMENT_LINK,APPROVED,2026-08-31T00:01:34.723761,Recovery opportunity is suitable for automated customer recovery,"Hi,

Your recent payment of ₹1,678.44 could not be completed because there were insufficient funds to complete the payment.

You can complete the payment using the secure payment link provided below.

If you have already completed the payment, please ignore this message.

Thank you.",plink_test_e7418982495d,https://rzp.io/i/mock_8982495d,created
P01856,1563.38,0.43312224450987846,677.1346546218539,Medium,Medium,1,GENERATE_PAYMENT_LINK,APPROVED,2026-08-31T00:01:34.723798,Recovery opportunity is suitable for automated customer recovery,"Hi,

Your recent payment of ₹1,563.38 could not be completed because there were insufficient funds to complete the payment.

You can complete the payment using the secure payment link provided below.

If you have already completed the payment, please ignore this message.

Thank you.",plink_test_f2e120290705,https://rzp.io/i/mock_20290705,created
P06431,2297.58,0.294663493939659,677.0129504058817,Medium,Medium,0,GENERATE_PAYMENT_LINK,APPROVED,2026-08-31T00:01:34.723834,Recovery opportunity is suitable for automated customer recovery,"Hi,

Your recent payment of ₹2,297.58 could not be completed because there were insufficient funds to complete the payment.

You can complete the payment using the secure payment link provided below.

If you have already completed the payment, please ignore this message.

Thank you.",plink_test_ac80a2a855dc,https://rzp.io/i/mock_a2a855dc,created
P06708,2812.53,0.24030364684739478,675.8612158677033,Medium,High,0,GENERATE_PAYMENT_LINK,APPROVED,2026-08-31T00:01:34.723869,Recovery opportunity is suitable for automated customer recovery,"Hi,

Your recent payment of ₹2,812.53 could not be completed because your card appears to have expired.

You can complete the payment using the secure payment link provided below.

If you have already completed the payment, please ignore this message.

Thank you.",plink_test_40e7fcd3f8ab,https://rzp.io/i/mock_fcd3f8ab,created
P07944,1829.17,0.3688373718820796,674.6662555255435,Medium,Medium,0,GENERATE_PAYMENT_LINK,APPROVED,2026-08-31T00:01:34.723905,Recovery opportunity is suitable for automated customer recovery,"Hi,

Your recent payment of ₹1,829.17 could not be completed because the payment authentication could not be completed.

You can complete the payment using the secure payment link provided below.

If you have already completed the payment, please ignore this message.

Thank you.",plink_test_088b4e5460d2,https://rzp.io/i/mock_4e5460d2,created
P05026,1522.16,0.4431895880571674,674.605463357098,Medium,Medium,2,STOP,BLOCKED,2026-08-31T00:01:34.723940,Recovery attempt limit reached or recovery opportunity is not suitable,,,,
P03927,1972.29,0.34146440966178065,673.4668405318333,Medium,High,0,GENERATE_PAYMENT_LINK,APPROVED,2026-08-31T00:01:34.723964,Recovery opportunity is suitable for automated customer recovery,"Hi,

Your recent payment of ₹1,972.29 could not be completed because the payment authentication could not be completed.

You can complete the payment using the secure payment link provided below.

If you have already completed the payment, please ignore this message.

Thank you.",plink_test_f1ecbc50005c,https://rzp.io/i/mock_bc50005c,created
P02107,1455.63,0.46177184698052715,672.1689536202648,Medium,Low,0,STOP,BLOCKED,2026-08-31T00:01:34.723999,Recovery attempt limit reached or recovery opportunity is not suitable,,,,
P07396,1810.8,0.3699276585452381,669.8650040937172,Medium,High,2,STOP,BLOCKED,2026-08-31T00:01:34.724023,Recovery attempt limit reached or recovery opportunity is not suitable,,,,
P08597,3792.58,0.17660396735342354,669.784674505247,Medium,Low,2,STOP,BLOCKED,2026-08-31T00:01:34.724046,Recovery attempt limit reached or recovery opportunity is not suitable,,,,
P08670,1613.91,0.41485147110131004,669.5329377251153,Medium,Medium,0,GENERATE_PAYMENT_LINK,APPROVED,2026-08-31T00:01:34.724070,Recovery opportunity is suitable for automated customer recovery,"Hi,

Your recent payment of ₹1,613.91 could not be completed because the payment authentication could not be completed.

You can complete the payment using the secure payment link provided below.

If you have already completed the payment, please ignore this message.

Thank you.",plink_test_f39ee50f9986,https://rzp.io/i/mock_e50f9986,created
P01310,3428.5,0.19495710387205675,668.4104306253465,Medium,Low,0,STOP,BLOCKED,2026-08-31T00:01:34.724106,Recovery attempt limit reached or recovery opportunity is not suitable,,,,
P01019,1385.47,0.48242404123516586,668.3840364100853,Medium,High,0,GENERATE_PAYMENT_LINK,APPROVED,2026-08-31T00:01:34.724130,Recovery opportunity is suitable for automated customer recovery,"Hi,

Your recent payment of ₹1,385.47 could not be completed because there were insufficient funds to complete the payment.

You can complete the payment using the secure payment link provided below.

If you have already completed the payment, please ignore this message.

Thank you.",plink_test_bfcdde72bcc1,https://rzp.io/i/mock_de72bcc1,created
P03742,2637.77,0.2532794249242911,668.0928686825474,Medium,Medium,0,GENERATE_PAYMENT_LINK,APPROVED,2026-08-31T00:01:34.724165,Recovery opportunity is suitable for automated customer recovery,"Hi,

Your recent payment of ₹2,637.77 could not be completed because your card payment was declined by the issuing bank.

You can complete the payment using the secure payment link provided below.

If you have already completed the payment, please ignore this message.

Thank you.",plink_test_77e8cc922b47,https://rzp.io/i/mock_cc922b47,created
P03940,1334.41,0.4998193706937687,666.9639664474719,Medium,Low,1,STOP,BLOCKED,2026-08-31T00:01:34.724201,Recovery attempt limit reached or recovery opportunity is not suitable,,,,
P03212,1960.54,0.33921501088678296,665.0445974439734,Medium,High,1,GENERATE_PAYMENT_LINK,APPROVED,2026-08-31T00:01:34.724224,Recovery opportunity is suitable for automated customer recovery,"Hi,

Your recent payment of ₹1,960.54 could not be completed because your bank was unable to complete the payment.

You can complete the payment using the secure payment link provided below.

If you have already completed the payment, please ignore this message.

Thank you.",plink_test_ac406a88a3f7,https://rzp.io/i/mock_6a88a3f7,created
P05271,2581.88,0.25735623626863635,664.4629192972668,Medium,Medium,1,GENERATE_PAYMENT_LINK,APPROVED,2026-08-31T00:01:34.724261,Recovery opportunity is suitable for automated customer recovery,"Hi,

Your recent payment of ₹2,581.88 could not be completed because your bank was unable to complete the payment.

You can complete the payment using the secure payment link provided below.

If you have already completed the payment, please ignore this message.

Thank you.",plink_test_8f97d2403429,https://rzp.io/i/mock_d2403429,created
P06218,1377.17,0.48188475060437147,663.6372219898223,Medium,Medium,0,GENERATE_PAYMENT_LINK,APPROVED,2026-08-31T00:01:34.724298,Recovery opportunity is suitable for automated customer recovery,"Hi,

Your recent payment of ₹1,377.17 could not be completed because there were insufficient funds to complete the payment.

You can complete the payment using the secure payment link provided below.

If you have already completed the payment, please ignore this message.

Thank you.",plink_test_226a9b7cb74b,https://rzp.io/i/mock_9b7cb74b,created
P07052,2041.87,0.3249566018692632,663.5191366587924,Medium,Low,1,STOP,BLOCKED,2026-08-31T00:01:34.724334,Recovery attempt limit reached or recovery opportunity is not suitable,,,,
P09882,1275.68,0.5201093997550924,663.4931590795763,Medium,Medium,1,GENERATE_PAYMENT_LINK,APPROVED,2026-08-31T00:01:34.724359,Recovery opportunity is suitable for automated customer recovery,"Hi,

Your recent payment of ₹1,275.68 could not be completed because there were insufficient funds to complete the payment.

You can complete the payment using the secure payment link provided below.

If you have already completed the payment, please ignore this message.

Thank you.",plink_test_d6a045dc0f9a,https://rzp.io/i/mock_45dc0f9a,created
P08739,4555.12,0.1454767675988732,662.6641336249793,Medium,Low,0,STOP,BLOCKED,2026-08-31T00:01:34.724395,Recovery attempt limit reached or recovery opportunity is not suitable,,,,
P06459,1623.08,0.40709823410162704,660.7530018056688,Medium,Medium,0,GENERATE_PAYMENT_LINK,APPROVED,2026-08-31T00:01:34.724418,Recovery opportunity is suitable for automated customer recovery,"Hi,

Your recent payment of ₹1,623.08 could not be completed because a temporary network issue interrupted the payment.

You can complete the payment using the secure payment link provided below.

If you have already completed the payment, please ignore this message.

Thank you.",plink_test_9fbcbd98d43a,https://rzp.io/i/mock_bd98d43a,created
P00188,1280.17,0.5160377543641456,660.6160520043483,Medium,Medium,0,GENERATE_PAYMENT_LINK,APPROVED,2026-08-31T00:01:34.724458,Recovery opportunity is suitable for automated customer recovery,"Hi,

Your recent payment of ₹1,280.17 could not be completed because there were insufficient funds to complete the payment.

You can complete the payment using the secure payment link provided below.

If you have already completed the payment, please ignore this message.

Thank you.",plink_test_0ea33cd4cf84,https://rzp.io/i/mock_3cd4cf84,created
P01513,1898.39,0.34729168386617526,659.2950597347085,Medium,Low,2,STOP,BLOCKED,2026-08-31T00:01:34.724497,Recovery attempt limit reached or recovery opportunity is not suitable,,,,
P01289,2596.27,0.2537539605835433,658.8137952442361,Medium,Low,0,STOP,BLOCKED,2026-08-31T00:01:34.724523,Recovery attempt limit reached or recovery opportunity is not suitable,,,,
P09413,1756.43,0.3748533205667072,658.4036178429816,Medium,High,2,STOP,BLOCKED,2026-08-31T00:01:34.724547,Recovery attempt limit reached or recovery opportunity is not suitable,,,,
P00096,1929.12,0.3412486957957976,658.309684033589,Medium,High,0,GENERATE_PAYMENT_LINK,APPROVED,2026-08-31T00:01:34.724573,Recovery opportunity is suitable for automated customer recovery,"Hi,

Your recent payment of ₹1,929.12 could not be completed because a temporary network issue interrupted the payment.

You can complete the payment using the secure payment link provided below.

If you have already completed the payment, please ignore this message.

Thank you.",plink_test_9d46b3df506c,https://rzp.io/i/mock_b3df506c,created
P04813,1490.01,0.4416754445247135,658.1008290962684,Medium,Medium,0,GENERATE_PAYMENT_LINK,APPROVED,2026-08-31T00:01:34.724610,Recovery opportunity is suitable for automated customer recovery,"Hi,

Your recent payment of ₹1,490.01 could not be completed because a temporary network issue interrupted the payment.

You can complete the payment using the secure payment link provided below.

If you have already completed the payment, please ignore this message.

Thank you.",plink_test_e4ef248d1465,https://rzp.io/i/mock_248d1465,created
P07038,1778.42,0.36936524960166206,656.8865471965879,Medium,Medium,0,GENERATE_PAYMENT_LINK,APPROVED,2026-08-31T00:01:34.724646,Recovery opportunity is suitable for automated customer recovery,"Hi,

Your recent payment of ₹1,778.42 could not be completed because your bank was unable to complete the payment.

You can complete the payment using the secure payment link provided below.

If you have already completed the payment, please ignore this message.

Thank you.",plink_test_1938f02015e6,https://rzp.io/i/mock_f02015e6,created
P09461,1957.93,0.33536507393535503,656.6213392102497,Medium,Low,0,STOP,BLOCKED,2026-08-31T00:01:34.724682,Recovery attempt limit reached or recovery opportunity is not suitable,,,,
P07039,1860.33,0.3528311367643833,656.3823486568853,Medium,Medium,0,GENERATE_PAYMENT_LINK,APPROVED,2026-08-31T00:01:34.724707,Recovery opportunity is suitable for automated customer recovery,"Hi,

Your recent payment of ₹1,860.33 could not be completed because a temporary network issue interrupted the payment.

You can complete the payment using the secure payment link provided below.

If you have already completed the payment, please ignore this message.

Thank you.",plink_test_3c69583f7bfb,https://rzp.io/i/mock_583f7bfb,created
P05270,1614.95,0.4058214139924512,655.381292527109,Medium,Medium,1,GENERATE_PAYMENT_LINK,APPROVED,2026-08-31T00:01:34.724742,Recovery opportunity is suitable for automated customer recovery,"Hi,

Your recent payment of ₹1,614.95 could not be completed because your bank was unable to complete the payment.

You can complete the payment using the secure payment link provided below.

If you have already completed the payment, please ignore this message.

Thank you.",plink_test_3ea6bee66044,https://rzp.io/i/mock_bee66044,created
P02002,1764.66,0.3711299194379698,654.9181236354078,Medium,Medium,1,GENERATE_PAYMENT_LINK,APPROVED,2026-08-31T00:01:34.724777,Recovery opportunity is suitable for automated customer recovery,"Hi,

Your recent payment of ₹1,764.66 could not be completed because your bank was unable to complete the payment.

You can complete the payment using the secure payment link provided below.

If you have already completed the payment, please ignore this message.

Thank you.",plink_test_ad85afaa18e1,https://rzp.io/i/mock_afaa18e1,created
P01398,2137.57,0.3062396985883203,654.6087925114358,Medium,Medium,0,GENERATE_PAYMENT_LINK,APPROVED,2026-08-31T00:01:34.724812,Recovery opportunity is suitable for automated customer recovery,"Hi,

Your recent payment of ₹2,137.57 could not be completed because the payment authentication could not be completed.

You can complete the payment using the secure payment link provided below.

If you have already completed the payment, please ignore this message.

Thank you.",plink_test_edb90a4aeb5f,https://rzp.io/i/mock_0a4aeb5f,created
P05648,2051.32,0.31893562867951386,654.2390338228604,Medium,Medium,0,GENERATE_PAYMENT_LINK,APPROVED,2026-08-31T00:01:34.724847,Recovery opportunity is suitable for automated customer recovery,"Hi,

Your recent payment of ₹2,051.32 could not be completed because your bank was unable to complete the payment.

You can complete the payment using the secure payment link provided below.

If you have already completed the payment, please ignore this message.

Thank you.",plink_test_165fad4443da,https://rzp.io/i/mock_ad4443da,created
P07612,2032.63,0.32159989555754237,653.6935957071274,Medium,Medium,1,GENERATE_PAYMENT_LINK,APPROVED,2026-08-31T00:01:34.724882,Recovery opportunity is suitable for automated customer recovery,"Hi,

Your recent payment of ₹2,032.63 could not be completed because a temporary network issue interrupted the payment.

You can complete the payment using the secure payment link provided below.

If you have already completed the payment, please ignore this message.

Thank you.",plink_test_992dd2b095f9,https://rzp.io/i/mock_d2b095f9,created
P00386,1710.66,0.37990005129724946,649.8798217521528,Medium,Medium,0,GENERATE_PAYMENT_LINK,APPROVED,2026-08-31T00:01:34.724918,Recovery opportunity is suitable for automated customer recovery,"Hi,

Your recent payment of ₹1,710.66 could not be completed because the payment authentication could not be completed.

You can complete the payment using the secure payment link provided below.

If you have already completed the payment, please ignore this message.

Thank you.",plink_test_9889e9428d9d,https://rzp.io/i/mock_e9428d9d,created
P08482,2278.57,0.2846138321478007,648.5125395170144,Medium,Low,1,STOP,BLOCKED,2026-08-31T00:01:34.724953,Recovery attempt limit reached or recovery opportunity is not suitable,,,,
P03440,2009.24,0.32234966018131966,647.6778312227148,Medium,High,0,GENERATE_PAYMENT_LINK,APPROVED,2026-08-31T00:01:34.724978,Recovery opportunity is suitable for automated customer recovery,"Hi,

Your recent payment of ₹2,009.24 could not be completed because your bank was unable to complete the payment.

You can complete the payment using the secure payment link provided below.

If you have already completed the payment, please ignore this message.

Thank you.",plink_test_6d76fdd3314b,https://rzp.io/i/mock_fdd3314b,created
P07614,1436.76,0.4503800196138981,647.0879969804643,Medium,Medium,0,GENERATE_PAYMENT_LINK,APPROVED,2026-08-31T00:01:34.725014,Recovery opportunity is suitable for automated customer recovery,"Hi,

Your recent payment of ₹1,436.76 could not be completed because there were insufficient funds to complete the payment.

You can complete the payment using the secure payment link provided below.

If you have already completed the payment, please ignore this message.

Thank you.",plink_test_9e206452d1a0,https://rzp.io/i/mock_6452d1a0,created
P06535,1193.18,0.5422140688601224,646.9589826825209,Medium,Low,0,STOP,BLOCKED,2026-08-31T00:01:34.725049,Recovery attempt limit reached or recovery opportunity is not suitable,,,,
P08495,1177.92,0.5466780515794538,643.9430105164703,Medium,Medium,0,GENERATE_PAYMENT_LINK,APPROVED,2026-08-31T00:01:34.725074,Recovery opportunity is suitable for automated customer recovery,"Hi,

Your recent payment of ₹1,177.92 could not be completed because the OTP verification was unsuccessful.

You can complete the payment using the secure payment link provided below.

If you have already completed the payment, please ignore this message.

Thank you.",plink_test_52e8b5203975,https://rzp.io/i/mock_b5203975,created
P04332,1257.19,0.5110946648456451,642.5431016972966,Medium,Medium,0,GENERATE_PAYMENT_LINK,APPROVED,2026-08-31T00:01:34.725110,Recovery opportunity is suitable for automated customer recovery,"Hi,

Your recent payment of ₹1,257.19 could not be completed because the OTP verification was unsuccessful.

You can complete the payment using the secure payment link provided below.

If you have already completed the payment, please ignore this message.

Thank you.",plink_test_d0ffb64b90ca,https://rzp.io/i/mock_b64b90ca,created
P00629,1591.01,0.4033518556090865,641.7368357926127,Medium,Medium,0,GENERATE_PAYMENT_LINK,APPROVED,2026-08-31T00:01:34.725145,Recovery opportunity is suitable for automated customer recovery,"Hi,

Your recent payment of ₹1,591.01 could not be completed because your bank was unable to complete the payment.

You can complete the payment using the secure payment link provided below.

If you have already completed the payment, please ignore this message.

Thank you.",plink_test_78f0fca79e36,https://rzp.io/i/mock_fca79e36,created
P07188,2293.81,0.27961512206187433,641.383963136748,Medium,High,2,STOP,BLOCKED,2026-08-31T00:01:34.725198,Recovery attempt limit reached or recovery opportunity is not suitable,,,,
P03164,1892.15,0.3387945293014522,641.0500686177428,Medium,High,1,GENERATE_PAYMENT_LINK,APPROVED,2026-08-31T00:01:34.725226,Recovery opportunity is suitable for automated customer recovery,"Hi,

Your recent payment of ₹1,892.15 could not be completed because your card payment was declined by the issuing bank.

You can complete the payment using the secure payment link provided below.

If you have already completed the payment, please ignore this message.

Thank you.",plink_test_89e0cb5628a1,https://rzp.io/i/mock_cb5628a1,created
P08582,1484.92,0.43108955583250963,640.1335032468103,Medium,Medium,0,GENERATE_PAYMENT_LINK,APPROVED,2026-08-31T00:01:34.725265,Recovery opportunity is suitable for automated customer recovery,"Hi,

Your recent payment of ₹1,484.92 could not be completed because there were insufficient funds to complete the payment.

You can complete the payment using the secure payment link provided below.

If you have already completed the payment, please ignore this message.

Thank you.",plink_test_550f5107e134,https://rzp.io/i/mock_5107e134,created
P00197,2549.12,0.25073389877109087,639.1507960353631,Medium,High,0,GENERATE_PAYMENT_LINK,APPROVED,2026-08-31T00:01:34.725305,Recovery opportunity is suitable for automated customer recovery,"Hi,

Your recent payment of ₹2,549.12 could not be completed because your card appears to have expired.

You can complete the payment using the secure payment link provided below.

If you have already completed the payment, please ignore this message.

Thank you.",plink_test_31631dcd3960,https://rzp.io/i/mock_1dcd3960,created
P02184,1420.9,0.44941324538560745,638.5712803684097,Medium,High,1,GENERATE_PAYMENT_LINK,APPROVED,2026-08-31T00:01:34.725342,Recovery opportunity is suitable for automated customer recovery,"Hi,

Your recent payment of ₹1,420.90 could not be completed because there were insufficient funds to complete the payment.

You can complete the payment using the secure payment link provided below.

If you have already completed the payment, please ignore this message.

Thank you.",plink_test_0b306905d625,https://rzp.io/i/mock_6905d625,created
P09815,3291.78,0.19365676243940616,637.4754574627884,Medium,Low,2,STOP,BLOCKED,2026-08-31T00:01:34.725379,Recovery attempt limit reached or recovery opportunity is not suitable,,,,
P04524,1533.9,0.4147442624689509,636.1762242011239,Medium,High,0,GENERATE_PAYMENT_LINK,APPROVED,2026-08-31T00:01:34.725405,Recovery opportunity is suitable for automated customer recovery,"Hi,

Your recent payment of ₹1,533.90 could not be completed because there were insufficient funds to complete the payment.

You can complete the payment using the secure payment link provided below.

If you have already completed the payment, please ignore this message.

Thank you.",plink_test_fe140e820f7f,https://rzp.io/i/mock_0e820f7f,created
P03950,1679.24,0.378810742776336,636.1141516997344,Medium,Medium,0,GENERATE_PAYMENT_LINK,APPROVED,2026-08-31T00:01:34.725442,Recovery opportunity is suitable for automated customer recovery,"Hi,

Your recent payment of ₹1,679.24 could not be completed because your card payment was declined by the issuing bank.

You can complete the payment using the secure payment link provided below.

If you have already completed the payment, please ignore this message.

Thank you.",plink_test_17ca51bfbf8e,https://rzp.io/i/mock_51bfbf8e,created
P03112,1797.21,0.35387094685736104,635.9804044015178,Medium,High,1,GENERATE_PAYMENT_LINK,APPROVED,2026-08-31T00:01:34.725480,Recovery opportunity is suitable for automated customer recovery,"Hi,

Your recent payment of ₹1,797.21 could not be completed because the payment authentication could not be completed.

You can complete the payment using the secure payment link provided below.

If you have already completed the payment, please ignore this message.

Thank you.",plink_test_fa98fa80c0bd,https://rzp.io/i/mock_fa80c0bd,created
P06593,1775.53,0.3578815179459492,635.4293715585711,Medium,Medium,1,GENERATE_PAYMENT_LINK,APPROVED,2026-08-31T00:01:34.725516,Recovery opportunity is suitable for automated customer recovery,"Hi,

Your recent payment of ₹1,775.53 could not be completed because your card payment was declined by the issuing bank.

You can complete the payment using the secure payment link provided below.

If you have already completed the payment, please ignore this message.

Thank you.",plink_test_f834313d3e66,https://rzp.io/i/mock_313d3e66,created
P02745,1264.34,0.5011152353590203,633.5800366738237,Medium,High,0,GENERATE_PAYMENT_LINK,APPROVED,2026-08-31T00:01:34.725551,Recovery opportunity is suitable for automated customer recovery,"Hi,

Your recent payment of ₹1,264.34 could not be completed because there were insufficient funds to complete the payment.

You can complete the payment using the secure payment link provided below.

If you have already completed the payment, please ignore this message.

Thank you.",plink_test_b1da0dbf0ddf,https://rzp.io/i/mock_0dbf0ddf,created
P05138,1220.76,0.5184311427831343,632.880001863939,Medium,High,0,GENERATE_PAYMENT_LINK,APPROVED,2026-08-31T00:01:34.725585,Recovery opportunity is suitable for automated customer recovery,"Hi,

Your recent payment of ₹1,220.76 could not be completed because there were insufficient funds to complete the payment.

You can complete the payment using the secure payment link provided below.

If you have already completed the payment, please ignore this message.

Thank you.",plink_test_958f3c835239,https://rzp.io/i/mock_3c835239,created
P03648,1416.14,0.4453876964625863,630.7313324685271,Medium,High,0,GENERATE_PAYMENT_LINK,APPROVED,2026-08-31T00:01:34.725620,Recovery opportunity is suitable for automated customer recovery,"Hi,

Your recent payment of ₹1,416.14 could not be completed because the OTP verification was unsuccessful.

You can complete the payment using the secure payment link provided below.

If you have already completed the payment, please ignore this message.

Thank you.",plink_test_69d92ddaddee,https://rzp.io/i/mock_2ddaddee,created
P05766,1567.92,0.40201021778565804,630.319860670489,Medium,Medium,0,GENERATE_PAYMENT_LINK,APPROVED,2026-08-31T00:01:34.725655,Recovery opportunity is suitable for automated customer recovery,"Hi,

Your recent payment of ₹1,567.92 could not be completed because the payment authentication could not be completed.

You can complete the payment using the secure payment link provided below.

If you have already completed the payment, please ignore this message.

Thank you.",plink_test_3091115bc9eb,https://rzp.io/i/mock_115bc9eb,created
P03260,1306.38,0.4819489075827899,629.6084138880051,Medium,High,0,GENERATE_PAYMENT_LINK,APPROVED,2026-08-31T00:01:34.725692,Recovery opportunity is suitable for automated customer recovery,"Hi,

Your recent payment of ₹1,306.38 could not be completed because a temporary network issue interrupted the payment.

You can complete the payment using the secure payment link provided below.

If you have already completed the payment, please ignore this message.

Thank you.",plink_test_0bf1b2b5ba66,https://rzp.io/i/mock_b2b5ba66,created
P05604,1897.12,0.3311240886313548,628.1821310243157,Medium,High,1,GENERATE_PAYMENT_LINK,APPROVED,2026-08-31T00:01:34.725728,Recovery opportunity is suitable for automated customer recovery,"Hi,

Your recent payment of ₹1,897.12 could not be completed because your bank was unable to complete the payment.

You can complete the payment using the secure payment link provided below.

If you have already completed the payment, please ignore this message.

Thank you.",plink_test_81c1869bba6f,https://rzp.io/i/mock_869bba6f,created
P05781,1681.24,0.37353736244201335,628.0059552320105,Medium,Medium,1,GENERATE_PAYMENT_LINK,APPROVED,2026-08-31T00:01:34.725764,Recovery opportunity is suitable for automated customer recovery,"Hi,

Your recent payment of ₹1,681.24 could not be completed because a temporary network issue interrupted the payment.

You can complete the payment using the secure payment link provided below.

If you have already completed the payment, please ignore this message.

Thank you.",plink_test_67dfc973fe40,https://rzp.io/i/mock_c973fe40,created
P00033,2981.3,0.2099824908914236,626.0208000946012,Medium,Medium,0,GENERATE_PAYMENT_LINK,APPROVED,2026-08-31T00:01:34.725803,Recovery opportunity is suitable for automated customer recovery,"Hi,

Your recent payment of ₹2,981.30 could not be completed because your card payment was declined by the issuing bank.

You can complete the payment using the secure payment link provided below.

If you have already completed the payment, please ignore this message.

Thank you.",plink_test_10b9d5985607,https://rzp.io/i/mock_d5985607,created
P05550,3859.88,0.16217546674571368,625.9778405824453,Medium,Low,0,STOP,BLOCKED,2026-08-31T00:01:34.725840,Recovery attempt limit reached or recovery opportunity is not suitable,,,,
P01320,2535.58,0.24666363924679685,625.4353904013932,Medium,Medium,0,GENERATE_PAYMENT_LINK,APPROVED,2026-08-31T00:01:34.725865,Recovery opportunity is suitable for automated customer recovery,"Hi,

Your recent payment of ₹2,535.58 could not be completed because your card appears to have expired.

You can complete the payment using the secure payment link provided below.

If you have already completed the payment, please ignore this message.

Thank you.",plink_test_637a096c8be5,https://rzp.io/i/mock_096c8be5,created
P06957,2079.15,0.2997316602838098,623.1870814790832,Medium,Medium,1,GENERATE_PAYMENT_LINK,APPROVED,2026-08-31T00:01:34.725901,Recovery opportunity is suitable for automated customer recovery,"Hi,

Your recent payment of ₹2,079.15 could not be completed because your card appears to have expired.

You can complete the payment using the secure payment link provided below.

If you have already completed the payment, please ignore this message.

Thank you.",plink_test_f2a9a2bf9b1b,https://rzp.io/i/mock_a2bf9b1b,created
P04082,1370.02,0.4537861592307239,621.6961138692764,Medium,Low,0,STOP,BLOCKED,2026-08-31T00:01:34.725937,Recovery attempt limit reached or recovery opportunity is not suitable,,,,
P01700,3023.95,0.20551304188241082,621.4611630003161,Medium,Medium,0,GENERATE_PAYMENT_LINK,APPROVED,2026-08-31T00:01:34.725962,Recovery opportunity is suitable for automated customer recovery,"Hi,

Your recent payment of ₹3,023.95 could not be completed because the payment authentication could not be completed.

You can complete the payment using the secure payment link provided below.

If you have already completed the payment, please ignore this message.

Thank you.",plink_test_7bc2b444e1f6,https://rzp.io/i/mock_b444e1f6,created
P03146,2039.5,0.3041433643323096,620.3003915557455,Medium,High,0,GENERATE_PAYMENT_LINK,APPROVED,2026-08-31T00:01:34.725998,Recovery opportunity is suitable for automated customer recovery,"Hi,

Your recent payment of ₹2,039.50 could not be completed because your bank was unable to complete the payment.

You can complete the payment using the secure payment link provided below.

If you have already completed the payment, please ignore this message.

Thank you.",plink_test_4dd2537d8b65,https://rzp.io/i/mock_537d8b65,created
P02686,2246.33,0.2758412514776401,619.6304784317673,Medium,High,2,STOP,BLOCKED,2026-08-31T00:01:34.726034,Recovery attempt limit reached or recovery opportunity is not suitable,,,,
P07530,1360.68,0.453947200654824,617.6768769870059,Medium,Low,0,STOP,BLOCKED,2026-08-31T00:01:34.726059,Recovery attempt limit reached or recovery opportunity is not suitable,,,,
P08058,1860.86,0.3308782594015427,615.7181177899547,Medium,Low,0,STOP,BLOCKED,2026-08-31T00:01:34.726084,Recovery attempt limit reached or recovery opportunity is not suitable,,,,
P01164,1469.83,0.4172075455350888,613.2241666538396,Medium,High,1,GENERATE_PAYMENT_LINK,APPROVED,2026-08-31T00:01:34.726107,Recovery opportunity is suitable for automated customer recovery,"Hi,

Your recent payment of ₹1,469.83 could not be completed because your bank was unable to complete the payment.

You can complete the payment using the secure payment link provided below.

If you have already completed the payment, please ignore this message.

Thank you.",plink_test_e10f8112b0bf,https://rzp.io/i/mock_8112b0bf,created
P05096,1356.53,0.4512569531194223,612.1435946150899,Medium,Low,1,STOP,BLOCKED,2026-08-31T00:01:34.726144,Recovery attempt limit reached or recovery opportunity is not suitable,,,,
P07428,3206.2,0.19076090004542454,611.6175977256402,Medium,Medium,1,GENERATE_PAYMENT_LINK,APPROVED,2026-08-31T00:01:34.726168,Recovery opportunity is suitable for automated customer recovery,"Hi,

Your recent payment of ₹3,206.20 could not be completed because the payment authentication could not be completed.

You can complete the payment using the secure payment link provided below.

If you have already completed the payment, please ignore this message.

Thank you.",plink_test_fa6ac5f3a661,https://rzp.io/i/mock_c5f3a661,created
P05253,2113.48,0.2893094083749345,611.4496484122566,Medium,Low,0,STOP,BLOCKED,2026-08-31T00:01:34.726204,Recovery attempt limit reached or recovery opportunity is not suitable,,,,
P07844,1402.37,0.4355730648820554,610.834598998648,Medium,Low,0,STOP,BLOCKED,2026-08-31T00:01:34.726227,Recovery attempt limit reached or recovery opportunity is not suitable,,,,
P03424,2155.08,0.2831623742841875,610.2375695723667,Medium,Medium,2,STOP,BLOCKED,2026-08-31T00:01:34.726250,Recovery attempt limit reached or recovery opportunity is not suitable,,,,
P08509,2076.68,0.29382191212359215,610.1740884688213,Medium,High,1,GENERATE_PAYMENT_LINK,APPROVED,2026-08-31T00:01:34.726273,Recovery opportunity is suitable for automated customer recovery,"Hi,

Your recent payment of ₹2,076.68 could not be completed because your bank was unable to complete the payment.

You can complete the payment using the secure payment link provided below.

If you have already completed the payment, please ignore this message.

Thank you.",plink_test_ae8c1040b7e1,https://rzp.io/i/mock_1040b7e1,created
P06437,1568.54,0.3889871563350077,610.1419141977129,Medium,Low,0,STOP,BLOCKED,2026-08-31T00:01:34.726364,Recovery attempt limit reached or recovery opportunity is not suitable,,,,
P08958,2803.01,0.21731315376838392,609.1309431443178,Medium,Medium,0,GENERATE_PAYMENT_LINK,APPROVED,2026-08-31T00:01:34.726387,Recovery opportunity is suitable for automated customer recovery,"Hi,

Your recent payment of ₹2,803.01 could not be completed because the payment authentication could not be completed.

You can complete the payment using the secure payment link provided below.

If you have already completed the payment, please ignore this message.

Thank you.",plink_test_7d0031e94c58,https://rzp.io/i/mock_31e94c58,created
P09160,1376.75,0.4423020584420833,608.9393589601382,Medium,High,1,GENERATE_PAYMENT_LINK,APPROVED,2026-08-31T00:01:34.726422,Recovery opportunity is suitable for automated customer recovery,"Hi,

Your recent payment of ₹1,376.75 could not be completed because there were insufficient funds to complete the payment.

You can complete the payment using the secure payment link provided below.

If you have already completed the payment, please ignore this message.

Thank you.",plink_test_b76b14f5b0b1,https://rzp.io/i/mock_14f5b0b1,created
P08335,2351.03,0.25848715382623394,607.7110532600908,Medium,High,0,GENERATE_PAYMENT_LINK,APPROVED,2026-08-31T00:01:34.726457,Recovery opportunity is suitable for automated customer recovery,"Hi,

Your recent payment of ₹2,351.03 could not be completed because your card payment was declined by the issuing bank.

You can complete the payment using the secure payment link provided below.

If you have already completed the payment, please ignore this message.

Thank you.",plink_test_8f5396b6fe68,https://rzp.io/i/mock_96b6fe68,created
P03929,3089.71,0.1965922404328216,607.4130111876933,Medium,Medium,0,GENERATE_PAYMENT_LINK,APPROVED,2026-08-31T00:01:34.726492,Recovery opportunity is suitable for automated customer recovery,"Hi,

Your recent payment of ₹3,089.71 could not be completed because the payment authentication could not be completed.

You can complete the payment using the secure payment link provided below.

If you have already completed the payment, please ignore this message.

Thank you.",plink_test_ff1030ee2581,https://rzp.io/i/mock_30ee2581,created
P00633,1290.97,0.46920725140377195,605.7324853447275,Medium,High,0,GENERATE_PAYMENT_LINK,APPROVED,2026-08-31T00:01:34.726527,Recovery opportunity is suitable for automated customer recovery,"Hi,

Your recent payment of ₹1,290.97 could not be completed because the OTP verification was unsuccessful.

You can complete the payment using the secure payment link provided below.

If you have already completed the payment, please ignore this message.

Thank you.",plink_test_78732f54a480,https://rzp.io/i/mock_2f54a480,created
P05476,2492.21,0.2429714862828612,605.5359678290095,Medium,High,0,GENERATE_PAYMENT_LINK,APPROVED,2026-08-31T00:01:34.726562,Recovery opportunity is suitable for automated customer recovery,"Hi,

Your recent payment of ₹2,492.21 could not be completed because your card appears to have expired.

You can complete the payment using the secure payment link provided below.

If you have already completed the payment, please ignore this message.

Thank you.",plink_test_8cc7281a9c55,https://rzp.io/i/mock_281a9c55,created
P06176,2003.84,0.3021071205051486,605.374332353037,Medium,Low,1,STOP,BLOCKED,2026-08-31T00:01:34.726597,Recovery attempt limit reached or recovery opportunity is not suitable,,,,
P04675,2757.25,0.21940050544001616,604.9420436244845,Medium,Low,2,STOP,BLOCKED,2026-08-31T00:01:34.726622,Recovery attempt limit reached or recovery opportunity is not suitable,,,,
P01848,1699.15,0.35576636787542265,604.5004239755244,Medium,High,0,GENERATE_PAYMENT_LINK,APPROVED,2026-08-31T00:01:34.726646,Recovery opportunity is suitable for automated customer recovery,"Hi,

Your recent payment of ₹1,699.15 could not be completed because the OTP verification was unsuccessful.

You can complete the payment using the secure payment link provided below.

If you have already completed the payment, please ignore this message.

Thank you.",plink_test_ca1870bd7f05,https://rzp.io/i/mock_70bd7f05,created
P03270,2335.34,0.25774636187235167,601.9253887349778,Medium,High,2,STOP,BLOCKED,2026-08-31T00:01:34.726681,Recovery attempt limit reached or recovery opportunity is not suitable,,,,
P02604,2489.49,0.2413675073711634,600.8819959254375,Medium,Medium,1,GENERATE_PAYMENT_LINK,APPROVED,2026-08-31T00:01:34.726705,Recovery opportunity is suitable for automated customer recovery,"Hi,

Your recent payment of ₹2,489.49 could not be completed because the payment authentication could not be completed.

You can complete the payment using the secure payment link provided below.

If you have already completed the payment, please ignore this message.

Thank you.",plink_test_7245fc7681f1,https://rzp.io/i/mock_fc7681f1,created
P04966,1859.42,0.32311927034379495,600.8144336626592,Medium,Low,0,STOP,BLOCKED,2026-08-31T00:01:34.726741,Recovery attempt limit reached or recovery opportunity is not suitable,,,,
P07029,2270.55,0.2640332555170737,599.5007083142917,Medium,Medium,1,GENERATE_PAYMENT_LINK,APPROVED,2026-08-31T00:01:34.726765,Recovery opportunity is suitable for automated customer recovery,"Hi,

Your recent payment of ₹2,270.55 could not be completed because a temporary network issue interrupted the payment.

You can complete the payment using the secure payment link provided below.

If you have already completed the payment, please ignore this message.

Thank you.",plink_test_e52daa03e0dd,https://rzp.io/i/mock_aa03e0dd,created
P05425,1306.65,0.45854525933598683,599.1581631113672,Medium,Low,0,STOP,BLOCKED,2026-08-31T00:01:34.726800,Recovery attempt limit reached or recovery opportunity is not suitable,,,,
P08591,1728.69,0.346421297661196,598.855033053933,Medium,Low,2,STOP,BLOCKED,2026-08-31T00:01:34.726824,Recovery attempt limit reached or recovery opportunity is not suitable,,,,
P05279,2012.73,0.2968769570049269,597.5331576725265,Medium,High,0,GENERATE_PAYMENT_LINK,APPROVED,2026-08-31T00:01:34.726847,Recovery opportunity is suitable for automated customer recovery,"Hi,

Your recent payment of ₹2,012.73 could not be completed because your card appears to have expired.

You can complete the payment using the secure payment link provided below.

If you have already completed the payment, please ignore this message.

Thank you.",plink_test_55ecfd0dc26e,https://rzp.io/i/mock_fd0dc26e,created
P08811,1392.83,0.42872239904575715,597.1374190629019,Medium,Low,1,STOP,BLOCKED,2026-08-31T00:01:34.726881,Recovery attempt limit reached or recovery opportunity is not suitable,,,,
P02879,4602.1,0.12937133623549646,595.3798264893783,Medium,Low,1,STOP,BLOCKED,2026-08-31T00:01:34.726905,Recovery attempt limit reached or recovery opportunity is not suitable,,,,
P08907,2884.12,0.20616409818428616,594.6019988552633,Medium,Low,2,STOP,BLOCKED,2026-08-31T00:01:34.726928,Recovery attempt limit reached or recovery opportunity is not suitable,,,,
P08132,1358.98,0.43743593123139524,594.4666818248415,Medium,Medium,1,GENERATE_PAYMENT_LINK,APPROVED,2026-08-31T00:01:34.726951,Recovery opportunity is suitable for automated customer recovery,"Hi,

Your recent payment of ₹1,358.98 could not be completed because there were insufficient funds to complete the payment.

You can complete the payment using the secure payment link provided below.

If you have already completed the payment, please ignore this message.

Thank you.",plink_test_234963f652c3,https://rzp.io/i/mock_63f652c3,created
P05211,2634.72,0.22388639700538276,589.877967918022,Medium,Low,0,STOP,BLOCKED,2026-08-31T00:01:34.726985,Recovery attempt limit reached or recovery opportunity is not suitable,,,,
P06358,1415.15,0.416172212983534,588.9461072036482,Medium,Medium,0,GENERATE_PAYMENT_LINK,APPROVED,2026-08-31T00:01:34.727009,Recovery opportunity is suitable for automated customer recovery,"Hi,

Your recent payment of ₹1,415.15 could not be completed because the payment authentication could not be completed.

You can complete the payment using the secure payment link provided below.

If you have already completed the payment, please ignore this message.

Thank you.",plink_test_167a3bdf0698,https://rzp.io/i/mock_3bdf0698,created
P05356,1546.62,0.38065976042144745,588.735998663019,Medium,High,1,GENERATE_PAYMENT_LINK,APPROVED,2026-08-31T00:01:34.727046,Recovery opportunity is suitable for automated customer recovery,"Hi,

Your recent payment of ₹1,546.62 could not be completed because the payment authentication could not be completed.

You can complete the payment using the secure payment link provided below.

If you have already completed the payment, please ignore this message.

Thank you.",plink_test_24e82fd142d7,https://rzp.io/i/mock_2fd142d7,created
P02125,1476.91,0.39834080653183424,588.3135205749313,Medium,Medium,0,GENERATE_PAYMENT_LINK,APPROVED,2026-08-31T00:01:34.727081,Recovery opportunity is suitable for automated customer recovery,"Hi,

Your recent payment of ₹1,476.91 could not be completed because the payment authentication could not be completed.

You can complete the payment using the secure payment link provided below.

If you have already completed the payment, please ignore this message.

Thank you.",plink_test_1cd58d4d2db6,https://rzp.io/i/mock_8d4d2db6,created
P01247,1270.44,0.462763307785342,587.91301674281,Low,Low,0,STOP,BLOCKED,2026-08-31T00:01:34.727115,Recovery attempt limit reached or recovery opportunity is not suitable,,,,
P02801,2056.7,0.28579787798443507,587.8004956505875,Low,Medium,1,STOP,BLOCKED,2026-08-31T00:01:34.727138,Recovery attempt limit reached or recovery opportunity is not suitable,,,,
P03501,1241.4,0.4733977083907623,587.6759151962923,Low,Low,0,STOP,BLOCKED,2026-08-31T00:01:34.727161,Recovery attempt limit reached or recovery opportunity is not suitable,,,,
P07564,1423.86,0.4121412282823131,586.8314093020542,Low,Medium,1,STOP,BLOCKED,2026-08-31T00:01:34.727199,Recovery attempt limit reached or recovery opportunity is not suitable,,,,
P09068,1441.55,0.4061370397798289,585.4668496946123,Low,High,1,STOP,BLOCKED,2026-08-31T00:01:34.727225,Recovery attempt limit reached or recovery opportunity is not suitable,,,,
P06321,2297.77,0.2545545568906989,584.9078241867412,Low,Low,0,STOP,BLOCKED,2026-08-31T00:01:34.727254,Recovery attempt limit reached or recovery opportunity is not suitable,,,,
P00370,2272.17,0.256210007268926,582.1526922162357,Low,Medium,1,STOP,BLOCKED,2026-08-31T00:01:34.727279,Recovery attempt limit reached or recovery opportunity is not suitable,,,,
P03556,1529.31,0.38033455584415277,581.6494395980212,Low,Medium,0,STOP,BLOCKED,2026-08-31T00:01:34.727304,Recovery attempt limit reached or recovery opportunity is not suitable,,,,
P04264,1423.53,0.4082383742239817,581.1395728590646,Low,Medium,0,STOP,BLOCKED,2026-08-31T00:01:34.727329,Recovery attempt limit reached or recovery opportunity is not suitable,,,,
P02620,1959.19,0.29640654080936246,580.7167306882949,Low,Medium,0,STOP,BLOCKED,2026-08-31T00:01:34.727353,Recovery attempt limit reached or recovery opportunity is not suitable,,,,
P05088,2230.31,0.25965455262468223,579.110145264355,Low,High,0,STOP,BLOCKED,2026-08-31T00:01:34.727377,Recovery attempt limit reached or recovery opportunity is not suitable,,,,
P03363,2333.47,0.24801499456159107,578.7355493596359,Low,Medium,0,STOP,BLOCKED,2026-08-31T00:01:34.727401,Recovery attempt limit reached or recovery opportunity is not suitable,,,,
P07926,1919.04,0.3013501967620796,578.3030815943011,Low,Medium,2,STOP,BLOCKED,2026-08-31T00:01:34.727425,Recovery attempt limit reached or recovery opportunity is not suitable,,,,
P08937,2063.78,0.27954374763307643,576.9167954901906,Low,Medium,2,STOP,BLOCKED,2026-08-31T00:01:34.727448,Recovery attempt limit reached or recovery opportunity is not suitable,,,,
P01911,1282.43,0.4488578413727046,575.6287615115976,Low,Low,0,STOP,BLOCKED,2026-08-31T00:01:34.727471,Recovery attempt limit reached or recovery opportunity is not suitable,,,,
P02571,2049.47,0.2785167305572829,570.8116837752344,Low,High,1,STOP,BLOCKED,2026-08-31T00:01:34.727495,Recovery attempt limit reached or recovery opportunity is not suitable,,,,
P03181,3057.77,0.18616464947871156,569.2486802365198,Low,Medium,1,STOP,BLOCKED,2026-08-31T00:01:34.727518,Recovery attempt limit reached or recovery opportunity is not suitable,,,,
P04337,1503.48,0.3785741157508896,569.1786115491475,Low,High,0,STOP,BLOCKED,2026-08-31T00:01:34.727541,Recovery attempt limit reached or recovery opportunity is not suitable,,,,
P06561,1183.75,0.48055010859148256,568.8511910451675,Low,High,0,STOP,BLOCKED,2026-08-31T00:01:34.727565,Recovery attempt limit reached or recovery opportunity is not suitable,,,,
P04266,1202.6,0.4728976899611498,568.7067619472787,Low,High,0,STOP,BLOCKED,2026-08-31T00:01:34.727588,Recovery attempt limit reached or recovery opportunity is not suitable,,,,
P02301,1233.91,0.4592465887923364,566.6689583767518,Low,High,0,STOP,BLOCKED,2026-08-31T00:01:34.727610,Recovery attempt limit reached or recovery opportunity is not suitable,,,,
P04274,2033.48,0.2785651861643497,566.4567347614819,Low,Low,2,STOP,BLOCKED,2026-08-31T00:01:34.727633,Recovery attempt limit reached or recovery opportunity is not suitable,,,,
P03882,1674.07,0.33836779989451726,566.4513827694145,Low,High,2,STOP,BLOCKED,2026-08-31T00:01:34.727656,Recovery attempt limit reached or recovery opportunity is not suitable,,,,
P06998,1724.13,0.32663123604592553,563.1547130038616,Low,Medium,0,STOP,BLOCKED,2026-08-31T00:01:34.727679,Recovery attempt limit reached or recovery opportunity is not suitable,,,,
P05729,1065.7,0.5278425440948235,562.5217992418534,Low,Low,0,STOP,BLOCKED,2026-08-31T00:01:34.727702,Recovery attempt limit reached or recovery opportunity is not suitable,,,,
P00768,1958.74,0.2871361323704118,562.4250279192204,Low,High,0,STOP,BLOCKED,2026-08-31T00:01:34.727725,Recovery attempt limit reached or recovery opportunity is not suitable,,,,
P07010,1924.97,0.29180346862771633,561.7129230042951,Low,Low,0,STOP,BLOCKED,2026-08-31T00:01:34.727747,Recovery attempt limit reached or recovery opportunity is not suitable,,,,
P08808,3220.77,0.17439590819001494,561.6891092211544,Low,High,1,STOP,BLOCKED,2026-08-31T00:01:34.727769,Recovery attempt limit reached or recovery opportunity is not suitable,,,,
P05656,1258.7,0.44584139416169305,561.1805628313231,Low,High,0,STOP,BLOCKED,2026-08-31T00:01:34.727793,Recovery attempt limit reached or recovery opportunity is not suitable,,,,
P01217,1163.46,0.48233319355910453,561.1753773782758,Low,Low,0,STOP,BLOCKED,2026-08-31T00:01:34.727815,Recovery attempt limit reached or recovery opportunity is not suitable,,,,
P08887,1713.06,0.32735242610291104,560.7743470598527,Low,High,2,STOP,BLOCKED,2026-08-31T00:01:34.727839,Recovery attempt limit reached or recovery opportunity is not suitable,,,,
P08919,1173.78,0.4775794826113914,560.5732450995989,Low,Low,1,STOP,BLOCKED,2026-08-31T00:01:34.727862,Recovery attempt limit reached or recovery opportunity is not suitable,,,,
P01437,1619.3,0.34615254184002087,560.5248110015458,Low,High,0,STOP,BLOCKED,2026-08-31T00:01:34.727885,Recovery attempt limit reached or recovery opportunity is not suitable,,,,
P05449,1990.21,0.28031093411290103,557.8776241808367,Low,Medium,1,STOP,BLOCKED,2026-08-31T00:01:34.727907,Recovery attempt limit reached or recovery opportunity is not suitable,,,,
P08159,1220.41,0.4564471654205709,557.0526851509189,Low,Low,1,STOP,BLOCKED,2026-08-31T00:01:34.727930,Recovery attempt limit reached or recovery opportunity is not suitable,,,,
P08588,1321.4,0.4213769150443387,556.8074555395892,Low,Low,1,STOP,BLOCKED,2026-08-31T00:01:34.727952,Recovery attempt limit reached or recovery opportunity is not suitable,,,,
P07719,1425.5,0.39024867754114156,556.2994898348973,Low,Medium,2,STOP,BLOCKED,2026-08-31T00:01:34.727974,Recovery attempt limit reached or recovery opportunity is not suitable,,,,
P04990,3329.88,0.1662202219705404,553.4933927352631,Low,Medium,0,STOP,BLOCKED,2026-08-31T00:01:34.727997,Recovery attempt limit reached or recovery opportunity is not suitable,,,,
P04016,2500.11,0.22084941827707222,552.1478391286911,Low,Low,2,STOP,BLOCKED,2026-08-31T00:01:34.728020,Recovery attempt limit reached or recovery opportunity is not suitable,,,,
P06275,1476.67,0.37354477848595785,551.6023680468594,Low,Low,0,STOP,BLOCKED,2026-08-31T00:01:34.728042,Recovery attempt limit reached or recovery opportunity is not suitable,,,,
P02131,1775.55,0.3106198563786722,551.5210859931514,Low,Low,0,STOP,BLOCKED,2026-08-31T00:01:34.728064,Recovery attempt limit reached or recovery opportunity is not suitable,,,,
P06296,2199.38,0.25065692803557316,551.2898343828789,Low,Medium,2,STOP,BLOCKED,2026-08-31T00:01:34.728087,Recovery attempt limit reached or recovery opportunity is not suitable,,,,
P04665,1964.79,0.2801129961914909,550.3632137870793,Low,High,1,STOP,BLOCKED,2026-08-31T00:01:34.728110,Recovery attempt limit reached or recovery opportunity is not suitable,,,,
P09130,1374.55,0.40008813872516924,549.9411510846813,Low,Medium,0,STOP,BLOCKED,2026-08-31T00:01:34.728132,Recovery attempt limit reached or recovery opportunity is not suitable,,,,
P05963,1683.88,0.32626221661494775,549.3864213135782,Low,High,0,STOP,BLOCKED,2026-08-31T00:01:34.728154,Recovery attempt limit reached or recovery opportunity is not suitable,,,,
P05795,2517.87,0.2180567510793326,549.0385518401191,Low,Low,2,STOP,BLOCKED,2026-08-31T00:01:34.728177,Recovery attempt limit reached or recovery opportunity is not suitable,,,,
P02825,1702.42,0.32239399461667745,548.849984315324,Low,Medium,1,STOP,BLOCKED,2026-08-31T00:01:34.728199,Recovery attempt limit reached or recovery opportunity is not suitable,,,,
P06923,1198.56,0.4566593926187836,547.3336816171692,Low,Medium,0,STOP,BLOCKED,2026-08-31T00:01:34.728222,Recovery attempt limit reached or recovery opportunity is not suitable,,,,
P03338,1486.95,0.36784087230282536,546.9609850706862,Low,High,0,STOP,BLOCKED,2026-08-31T00:01:34.728243,Recovery attempt limit reached or recovery opportunity is not suitable,,,,
P07209,1999.47,0.27354940811442097,546.9538350425413,Low,Medium,0,STOP,BLOCKED,2026-08-31T00:01:34.728265,Recovery attempt limit reached or recovery opportunity is not suitable,,,,
P08825,1180.2,0.4620278334448847,545.2852490316529,Low,Low,0,STOP,BLOCKED,2026-08-31T00:01:34.728288,Recovery attempt limit reached or recovery opportunity is not suitable,,,,
P07724,2214.27,0.2461910859602448,545.1335359091912,Low,Low,1,STOP,BLOCKED,2026-08-31T00:01:34.728312,Recovery attempt limit reached or recovery opportunity is not suitable,,,,
P03997,1847.17,0.29391588726115875,542.9126094721946,Low,Medium,0,STOP,BLOCKED,2026-08-31T00:01:34.728334,Recovery attempt limit reached or recovery opportunity is not suitable,,,,
P02559,1885.08,0.28735817154012083,541.693142006851,Low,Medium,0,STOP,BLOCKED,2026-08-31T00:01:34.728357,Recovery attempt limit reached or recovery opportunity is not suitable,,,,
P01898,2249.87,0.24002450776720352,540.0239392901982,Low,High,0,STOP,BLOCKED,2026-08-31T00:01:34.728380,Recovery attempt limit reached or recovery opportunity is not suitable,,,,
P02474,1925.02,0.27991543037342964,538.8428017774595,Low,High,1,STOP,BLOCKED,2026-08-31T00:01:34.728402,Recovery attempt limit reached or recovery opportunity is not suitable,,,,
P05931,1881.71,0.2860077727581005,538.1836860766454,Low,Medium,0,STOP,BLOCKED,2026-08-31T00:01:34.728424,Recovery attempt limit reached or recovery opportunity is not suitable,,,,
P00465,1352.08,0.3978324884717508,537.9013510128848,Low,High,1,STOP,BLOCKED,2026-08-31T00:01:34.728447,Recovery attempt limit reached or recovery opportunity is not suitable,,,,
P02091,1887.57,0.2847123457357578,537.4144824404443,Low,Medium,1,STOP,BLOCKED,2026-08-31T00:01:34.728469,Recovery attempt limit reached or recovery opportunity is not suitable,,,,
P06017,1829.27,0.2936341364213647,537.1361167315098,Low,Medium,0,STOP,BLOCKED,2026-08-31T00:01:34.728492,Recovery attempt limit reached or recovery opportunity is not suitable,,,,
P06123,1061.62,0.5041099942707351,535.1732521176978,Low,Low,0,STOP,BLOCKED,2026-08-31T00:01:34.728514,Recovery attempt limit reached or recovery opportunity is not suitable,,,,
P02396,2100.72,0.2538868456907413,533.345174479454,Low,Low,2,STOP,BLOCKED,2026-08-31T00:01:34.728537,Recovery attempt limit reached or recovery opportunity is not suitable,,,,
P01149,1492.65,0.3562516795954757,531.7590695481869,Low,Medium,1,STOP,BLOCKED,2026-08-31T00:01:34.728560,Recovery attempt limit reached or recovery opportunity is not suitable,,,,
P08538,1888.57,0.28154185014167005,531.7114919220538,Low,Medium,1,STOP,BLOCKED,2026-08-31T00:01:34.728582,Recovery attempt limit reached or recovery opportunity is not suitable,,,,
P06930,1594.94,0.33332735627812277,531.6371336222292,Low,Medium,1,STOP,BLOCKED,2026-08-31T00:01:34.728605,Recovery attempt limit reached or recovery opportunity is not suitable,,,,
P04756,1330.19,0.39941706803854127,531.3005897341873,Low,Medium,0,STOP,BLOCKED,2026-08-31T00:01:34.728628,Recovery attempt limit reached or recovery opportunity is not suitable,,,,
P09888,1027.53,0.5166429691931141,530.8661501350006,Low,High,0,STOP,BLOCKED,2026-08-31T00:01:34.728650,Recovery attempt limit reached or recovery opportunity is not suitable,,,,
P08426,1408.79,0.3767283915194159,530.7311906886379,Low,High,0,STOP,BLOCKED,2026-08-31T00:01:34.728672,Recovery attempt limit reached or recovery opportunity is not suitable,,,,
P05595,1314.64,0.4033330286958818,530.2377328447541,Low,Medium,1,STOP,BLOCKED,2026-08-31T00:01:34.728694,Recovery attempt limit reached or recovery opportunity is not suitable,,,,
P06006,1443.96,0.3667368798295117,529.5533849986217,Low,Medium,0,STOP,BLOCKED,2026-08-31T00:01:34.728717,Recovery attempt limit reached or recovery opportunity is not suitable,,,,
P05321,1950.31,0.2713603713959405,529.2368459372167,Low,High,0,STOP,BLOCKED,2026-08-31T00:01:34.728740,Recovery attempt limit reached or recovery opportunity is not suitable,,,,
P05876,1806.13,0.29234226678094244,528.0081383010636,Low,High,2,STOP,BLOCKED,2026-08-31T00:01:34.728762,Recovery attempt limit reached or recovery opportunity is not suitable,,,,
P05980,1649.37,0.3199013675012018,527.6357185154571,Low,Medium,0,STOP,BLOCKED,2026-08-31T00:01:34.728784,Recovery attempt limit reached or recovery opportunity is not suitable,,,,
P06723,1037.62,0.507367545062954,526.4547121082222,Low,Medium,0,STOP,BLOCKED,2026-08-31T00:01:34.728806,Recovery attempt limit reached or recovery opportunity is not suitable,,,,
P04573,1544.11,0.3408047865493389,526.2400789586997,Low,Medium,1,STOP,BLOCKED,2026-08-31T00:01:34.728828,Recovery attempt limit reached or recovery opportunity is not suitable,,,,
P04593,1702.88,0.30794810745086326,524.398673215926,Low,Low,0,STOP,BLOCKED,2026-08-31T00:01:34.728851,Recovery attempt limit reached or recovery opportunity is not suitable,,,,
P07523,1839.65,0.284920998911865,524.1549156482125,Low,High,0,STOP,BLOCKED,2026-08-31T00:01:34.728873,Recovery attempt limit reached or recovery opportunity is not suitable,,,,
P04049,2147.3,0.24409096592230342,524.1365311249622,Low,High,1,STOP,BLOCKED,2026-08-31T00:01:34.728895,Recovery attempt limit reached or recovery opportunity is not suitable,,,,
P09356,1048.28,0.49829589837271554,522.3536243461502,Low,Medium,0,STOP,BLOCKED,2026-08-31T00:01:34.728917,Recovery attempt limit reached or recovery opportunity is not suitable,,,,
P03712,2316.26,0.22533598294540114,521.9367238571149,Low,Medium,2,STOP,BLOCKED,2026-08-31T00:01:34.728940,Recovery attempt limit reached or recovery opportunity is not suitable,,,,
P04174,1479.6,0.3527345071706234,521.9059768096544,Low,High,1,STOP,BLOCKED,2026-08-31T00:01:34.728962,Recovery attempt limit reached or recovery opportunity is not suitable,,,,
P01702,937.82,0.5531327670223581,518.7389715689079,Low,High,0,STOP,BLOCKED,2026-08-31T00:01:34.728985,Recovery attempt limit reached or recovery opportunity is not suitable,,,,
P07067,1569.32,0.3297452835037655,517.4758683081292,Low,Medium,0,STOP,BLOCKED,2026-08-31T00:01:34.729007,Recovery attempt limit reached or recovery opportunity is not suitable,,,,
P06927,1052.94,0.48952977361550304,515.4454798307078,Low,Low,0,STOP,BLOCKED,2026-08-31T00:01:34.729030,Recovery attempt limit reached or recovery opportunity is not suitable,,,,
P02785,1238.51,0.41584688640181877,515.0305272775165,Low,High,0,STOP,BLOCKED,2026-08-31T00:01:34.729053,Recovery attempt limit reached or recovery opportunity is not suitable,,,,
P02395,2531.01,0.20273302777925417,513.1193206395701,Low,High,1,STOP,BLOCKED,2026-08-31T00:01:34.729076,Recovery attempt limit reached or recovery opportunity is not suitable,,,,
P03963,1175.26,0.4354364103587848,511.7509956382654,Low,Low,1,STOP,BLOCKED,2026-08-31T00:01:34.729098,Recovery attempt limit reached or recovery opportunity is not suitable,,,,
P02697,1253.03,0.40807597194977535,511.331435132227,Low,High,0,STOP,BLOCKED,2026-08-31T00:01:34.729121,Recovery attempt limit reached or recovery opportunity is not suitable,,,,
P08726,1302.42,0.39194835800112326,510.481380427823,Low,High,0,STOP,BLOCKED,2026-08-31T00:01:34.729153,Recovery attempt limit reached or recovery opportunity is not suitable,,,,
P03054,2102.26,0.2425008522189673,509.79984158584625,Low,High,1,STOP,BLOCKED,2026-08-31T00:01:34.729235,Recovery attempt limit reached or recovery opportunity is not suitable,,,,
P07411,2657.74,0.19174542433245953,509.60948406535096,Low,Medium,1,STOP,BLOCKED,2026-08-31T00:01:34.729284,Recovery attempt limit reached or recovery opportunity is not suitable,,,,
P05958,1487.28,0.3418663498050537,508.45098473806024,Low,Medium,2,STOP,BLOCKED,2026-08-31T00:01:34.729401,Recovery attempt limit reached or recovery opportunity is not suitable,,,,
P00608,1116.42,0.4551945095010517,508.1882542971642,Low,High,0,STOP,BLOCKED,2026-08-31T00:01:34.729453,Recovery attempt limit reached or recovery opportunity is not suitable,,,,
P04973,1463.79,0.3470124039006817,507.9532867057789,Low,High,2,STOP,BLOCKED,2026-08-31T00:01:34.729485,Recovery attempt limit reached or recovery opportunity is not suitable,,,,
P07105,1142.33,0.4440187917376569,507.21598636567757,Low,Medium,0,STOP,BLOCKED,2026-08-31T00:01:34.729513,Recovery attempt limit reached or recovery opportunity is not suitable,,,,
P04169,1652.91,0.3066066767109792,506.79324200234464,Low,Low,0,STOP,BLOCKED,2026-08-31T00:01:34.729538,Recovery attempt limit reached or recovery opportunity is not suitable,,,,
P03128,2445.84,0.2069927411533078,506.27112602240635,Low,Medium,0,STOP,BLOCKED,2026-08-31T00:01:34.729564,Recovery attempt limit reached or recovery opportunity is not suitable,,,,
P05953,1135.5,0.44522861452839957,505.5570917969977,Low,Medium,0,STOP,BLOCKED,2026-08-31T00:01:34.729589,Recovery attempt limit reached or recovery opportunity is not suitable,,,,
P04663,2171.46,0.23238615959150394,504.61725010656716,Low,High,1,STOP,BLOCKED,2026-08-31T00:01:34.729614,Recovery attempt limit reached or recovery opportunity is not suitable,,,,
P00321,2385.0,0.20928763083767044,499.150999547844,Low,Low,2,STOP,BLOCKED,2026-08-31T00:01:34.729637,Recovery attempt limit reached or recovery opportunity is not suitable,,,,
P08213,1928.02,0.25884886421997355,499.0657871933934,Low,Medium,1,STOP,BLOCKED,2026-08-31T00:01:34.729661,Recovery attempt limit reached or recovery opportunity is not suitable,,,,
P02313,2119.63,0.23536410201633753,498.88481155688953,Low,Medium,0,STOP,BLOCKED,2026-08-31T00:01:34.729685,Recovery attempt limit reached or recovery opportunity is not suitable,,,,
P07634,1203.72,0.4136765340872285,497.9507176114787,Low,Medium,0,STOP,BLOCKED,2026-08-31T00:01:34.729709,Recovery attempt limit reached or recovery opportunity is not suitable,,,,
P09676,1794.26,0.2774897636348571,497.88878329947875,Low,Medium,0,STOP,BLOCKED,2026-08-31T00:01:34.729732,Recovery attempt limit reached or recovery opportunity is not suitable,,,,
P09253,1139.46,0.43593976722886585,496.7359271666035,Low,High,1,STOP,BLOCKED,2026-08-31T00:01:34.729754,Recovery attempt limit reached or recovery opportunity is not suitable,,,,
P09421,1295.44,0.38204796032514865,494.9202097236106,Low,Medium,1,STOP,BLOCKED,2026-08-31T00:01:34.729777,Recovery attempt limit reached or recovery opportunity is not suitable,,,,
P07687,1350.49,0.36603853059778785,494.33137518700653,Low,Medium,0,STOP,BLOCKED,2026-08-31T00:01:34.729800,Recovery attempt limit reached or recovery opportunity is not suitable,,,,
P09567,1473.79,0.33254642121925043,490.1035901287191,Low,Medium,0,STOP,BLOCKED,2026-08-31T00:01:34.729822,Recovery attempt limit reached or recovery opportunity is not suitable,,,,
P03922,2425.4,0.2020695264144991,490.0994293657261,Low,High,1,STOP,BLOCKED,2026-08-31T00:01:34.729845,Recovery attempt limit reached or recovery opportunity is not suitable,,,,
P00784,1893.07,0.2586325689787665,489.6095573566335,Low,High,1,STOP,BLOCKED,2026-08-31T00:01:34.729868,Recovery attempt limit reached or recovery opportunity is not suitable,,,,
P04417,937.47,0.5201917244897498,487.6641359574058,Low,Medium,0,STOP,BLOCKED,2026-08-31T00:01:34.729891,Recovery attempt limit reached or recovery opportunity is not suitable,,,,
P01914,992.05,0.4910836467662067,487.17953177441535,Low,Low,0,STOP,BLOCKED,2026-08-31T00:01:34.730116,Recovery attempt limit reached or recovery opportunity is not suitable,,,,
P06128,2458.51,0.19808822408243262,487.0018797889015,Low,High,1,STOP,BLOCKED,2026-08-31T00:01:34.730202,Recovery attempt limit reached or recovery opportunity is not suitable,,,,
P02669,1805.92,0.26895031073971926,485.70274517107384,Low,Medium,1,STOP,BLOCKED,2026-08-31T00:01:34.730356,Recovery attempt limit reached or recovery opportunity is not suitable,,,,
P03034,995.47,0.48781471115254305,485.604910511022,Low,Low,0,STOP,BLOCKED,2026-08-31T00:01:34.730422,Recovery attempt limit reached or recovery opportunity is not suitable,,,,
P08625,894.72,0.542705789914103,485.56972435194626,Low,Medium,0,STOP,BLOCKED,2026-08-31T00:01:34.730460,Recovery attempt limit reached or recovery opportunity is not suitable,,,,
P09546,1905.69,0.25473680463430803,485.4493812235545,Low,High,0,STOP,BLOCKED,2026-08-31T00:01:34.730491,Recovery attempt limit reached or recovery opportunity is not suitable,,,,
P09156,1499.19,0.32340467430223474,484.8450536671673,Low,Medium,0,STOP,BLOCKED,2026-08-31T00:01:34.730519,Recovery attempt limit reached or recovery opportunity is not suitable,,,,
P02847,1380.76,0.35012814841806233,483.44294220972375,Low,High,0,STOP,BLOCKED,2026-08-31T00:01:34.730546,Recovery attempt limit reached or recovery opportunity is not suitable,,,,
P08492,1034.93,0.4666176981821108,482.91665437961194,Low,High,1,STOP,BLOCKED,2026-08-31T00:01:34.730572,Recovery attempt limit reached or recovery opportunity is not suitable,,,,
P01465,2299.7,0.20998120454933006,482.8937761020943,Low,High,1,STOP,BLOCKED,2026-08-31T00:01:34.730598,Recovery attempt limit reached or recovery opportunity is not suitable,,,,
P02699,1345.47,0.35884084850962483,482.80959644424496,Low,Medium,0,STOP,BLOCKED,2026-08-31T00:01:34.730624,Recovery attempt limit reached or recovery opportunity is not suitable,,,,
P08888,1341.76,0.35975476000078604,482.7045467786547,Low,High,0,STOP,BLOCKED,2026-08-31T00:01:34.730649,Recovery attempt limit reached or recovery opportunity is not suitable,,,,
P05470,1533.79,0.3143045179328011,482.07712656015104,Low,High,0,STOP,BLOCKED,2026-08-31T00:01:34.730675,Recovery attempt limit reached or recovery opportunity is not suitable,,,,
P01404,1781.36,0.2703438854603873,481.5797838037155,Low,Medium,1,STOP,BLOCKED,2026-08-31T00:01:34.730700,Recovery attempt limit reached or recovery opportunity is not suitable,,,,
P03242,1279.04,0.3735315762927593,477.76182734149086,Low,High,1,STOP,BLOCKED,2026-08-31T00:01:34.730725,Recovery attempt limit reached or recovery opportunity is not suitable,,,,
P05782,1410.74,0.3382046493578405,477.1188270350799,Low,Low,0,STOP,BLOCKED,2026-08-31T00:01:34.730749,Recovery attempt limit reached or recovery opportunity is not suitable,,,,
P05186,1427.78,0.3341101677022333,477.0358152418946,Low,Medium,1,STOP,BLOCKED,2026-08-31T00:01:34.730773,Recovery attempt limit reached or recovery opportunity is not suitable,,,,
P09569,1060.39,0.44976196097943755,476.92308580298584,Low,Medium,0,STOP,BLOCKED,2026-08-31T00:01:34.730797,Recovery attempt limit reached or recovery opportunity is not suitable,,,,
P09592,1678.73,0.2840139069158527,476.7826659568494,Low,Medium,0,STOP,BLOCKED,2026-08-31T00:01:34.730821,Recovery attempt limit reached or recovery opportunity is not suitable,,,,
P05071,1283.79,0.37102969674960024,476.3242143901693,Low,Low,0,STOP,BLOCKED,2026-08-31T00:01:34.730845,Recovery attempt limit reached or recovery opportunity is not suitable,,,,
P04058,1536.3,0.3099263171029005,476.139800965186,Low,High,1,STOP,BLOCKED,2026-08-31T00:01:34.730868,Recovery attempt limit reached or recovery opportunity is not suitable,,,,
P04679,1140.81,0.41730231801651385,476.06265741641914,Low,High,1,STOP,BLOCKED,2026-08-31T00:01:34.730892,Recovery attempt limit reached or recovery opportunity is not suitable,,,,
P00566,1419.02,0.3344863249132958,474.64278477846494,Low,Low,0,STOP,BLOCKED,2026-08-31T00:01:34.730916,Recovery attempt limit reached or recovery opportunity is not suitable,,,,
P09984,1170.05,0.4049891328577752,473.8575349002399,Low,Medium,0,STOP,BLOCKED,2026-08-31T00:01:34.730939,Recovery attempt limit reached or recovery opportunity is not suitable,,,,
P03480,1226.02,0.38541751821896114,472.5295856868107,Low,Low,0,STOP,BLOCKED,2026-08-31T00:01:34.730963,Recovery attempt limit reached or recovery opportunity is not suitable,,,,
P07609,1447.46,0.32615488603338666,472.0961513378859,Low,High,1,STOP,BLOCKED,2026-08-31T00:01:34.730987,Recovery attempt limit reached or recovery opportunity is not suitable,,,,
P01213,1168.25,0.403474777717408,471.35940906836186,Low,Medium,0,STOP,BLOCKED,2026-08-31T00:01:34.731009,Recovery attempt limit reached or recovery opportunity is not suitable,,,,
P05376,1309.1,0.3599688809185959,471.23526201053386,Low,Low,0,STOP,BLOCKED,2026-08-31T00:01:34.731034,Recovery attempt limit reached or recovery opportunity is not suitable,,,,
P05180,1007.0,0.4679243780643332,471.1998487107835,Low,Medium,0,STOP,BLOCKED,2026-08-31T00:01:34.731057,Recovery attempt limit reached or recovery opportunity is not suitable,,,,
P06478,2011.81,0.23393838233207798,470.6395769594978,Low,Medium,1,STOP,BLOCKED,2026-08-31T00:01:34.731080,Recovery attempt limit reached or recovery opportunity is not suitable,,,,
P07421,2037.5,0.23088973759187192,470.43784034343906,Low,Low,1,STOP,BLOCKED,2026-08-31T00:01:34.731103,Recovery attempt limit reached or recovery opportunity is not suitable,,,,
P04472,1341.06,0.3505695454013162,470.1347945558891,Low,Medium,0,STOP,BLOCKED,2026-08-31T00:01:34.731126,Recovery attempt limit reached or recovery opportunity is not suitable,,,,
P09060,1512.4,0.3105249651936653,469.6379573588994,Low,High,2,STOP,BLOCKED,2026-08-31T00:01:34.731149,Recovery attempt limit reached or recovery opportunity is not suitable,,,,
P04670,2516.92,0.18658545287086753,469.62065803974394,Low,High,1,STOP,BLOCKED,2026-08-31T00:01:34.731173,Recovery attempt limit reached or recovery opportunity is not suitable,,,,
P09182,2097.41,0.22385512913337433,469.5159863956306,Low,High,0,STOP,BLOCKED,2026-08-31T00:01:34.731197,Recovery attempt limit reached or recovery opportunity is not suitable,,,,
P07448,1674.9,0.28029189597558246,469.46089656950306,Low,Low,0,STOP,BLOCKED,2026-08-31T00:01:34.731221,Recovery attempt limit reached or recovery opportunity is not suitable,,,,
P01852,1487.85,0.3147518067187489,468.3034756264905,Low,High,0,STOP,BLOCKED,2026-08-31T00:01:34.731244,Recovery attempt limit reached or recovery opportunity is not suitable,,,,
P02325,1105.24,0.42206730595834424,466.4856692374004,Low,Low,0,STOP,BLOCKED,2026-08-31T00:01:34.731267,Recovery attempt limit reached or recovery opportunity is not suitable,,,,
P08299,1303.43,0.35722667154685583,465.6199604943183,Low,High,1,STOP,BLOCKED,2026-08-31T00:01:34.731290,Recovery attempt limit reached or recovery opportunity is not suitable,,,,
P00127,1679.19,0.27720182879242367,465.4745388899499,Low,High,2,STOP,BLOCKED,2026-08-31T00:01:34.731318,Recovery attempt limit reached or recovery opportunity is not suitable,,,,
P00327,1081.17,0.4304811513484955,465.42330640345295,Low,Medium,0,STOP,BLOCKED,2026-08-31T00:01:34.731344,Recovery attempt limit reached or recovery opportunity is not suitable,,,,
P05481,1121.55,0.41475102654503554,465.1640138215846,Low,Low,0,STOP,BLOCKED,2026-08-31T00:01:34.731369,Recovery attempt limit reached or recovery opportunity is not suitable,,,,
P00622,1370.61,0.33920426611908316,464.91675918547656,Low,High,2,STOP,BLOCKED,2026-08-31T00:01:34.731393,Recovery attempt limit reached or recovery opportunity is not suitable,,,,
P05502,977.19,0.4757664677416906,464.9142346125027,Low,Low,0,STOP,BLOCKED,2026-08-31T00:01:34.731417,Recovery attempt limit reached or recovery opportunity is not suitable,,,,
P04845,1276.26,0.3639752836541048,464.5270955163878,Low,Low,1,STOP,BLOCKED,2026-08-31T00:01:34.731440,Recovery attempt limit reached or recovery opportunity is not suitable,,,,
P08543,1268.9,0.3643344738990059,462.30401393044866,Low,Medium,2,STOP,BLOCKED,2026-08-31T00:01:34.731464,Recovery attempt limit reached or recovery opportunity is not suitable,,,,
P05016,2100.04,0.21965315068716065,461.28040256906485,Low,High,1,STOP,BLOCKED,2026-08-31T00:01:34.731486,Recovery attempt limit reached or recovery opportunity is not suitable,,,,
P06797,1154.44,0.3992484019600964,460.90832515881374,Low,Low,1,STOP,BLOCKED,2026-08-31T00:01:34.731528,Recovery attempt limit reached or recovery opportunity is not suitable,,,,
P07824,1366.89,0.33716570179989946,460.8684261332646,Low,Medium,1,STOP,BLOCKED,2026-08-31T00:01:34.731555,Recovery attempt limit reached or recovery opportunity is not suitable,,,,
P08923,834.45,0.5515233601321159,460.2186678622441,Low,Medium,0,STOP,BLOCKED,2026-08-31T00:01:34.731580,Recovery attempt limit reached or recovery opportunity is not suitable,,,,
P00990,836.51,0.5501184235264338,460.17956246409716,Low,High,0,STOP,BLOCKED,2026-08-31T00:01:34.731605,Recovery attempt limit reached or recovery opportunity is not suitable,,,,
P00233,1876.11,0.24458819297268117,458.8743547179768,Low,Low,1,STOP,BLOCKED,2026-08-31T00:01:34.731630,Recovery attempt limit reached or recovery opportunity is not suitable,,,,
P04372,1198.33,0.3824861078107698,458.34457757287976,Low,High,1,STOP,BLOCKED,2026-08-31T00:01:34.731654,Recovery attempt limit reached or recovery opportunity is not suitable,,,,
P02012,3210.35,0.14246349098549477,457.3576682852831,Low,Medium,0,STOP,BLOCKED,2026-08-31T00:01:34.731677,Recovery attempt limit reached or recovery opportunity is not suitable,,,,
P03093,923.42,0.49523652451804734,457.3113114704553,Low,Medium,0,STOP,BLOCKED,2026-08-31T00:01:34.731701,Recovery attempt limit reached or recovery opportunity is not suitable,,,,
P08145,1016.82,0.4472839291810767,454.80724486990243,Low,Medium,0,STOP,BLOCKED,2026-08-31T00:01:34.731725,Recovery attempt limit reached or recovery opportunity is not suitable,,,,
P02422,1256.01,0.36192342306596065,454.57943860507726,Low,Medium,0,STOP,BLOCKED,2026-08-31T00:01:34.731750,Recovery attempt limit reached or recovery opportunity is not suitable,,,,
P01068,1415.47,0.31965861449370225,452.46717905740076,Low,Low,1,STOP,BLOCKED,2026-08-31T00:01:34.731774,Recovery attempt limit reached or recovery opportunity is not suitable,,,,
P03129,1678.81,0.26949643118598615,452.4333036393454,Low,Medium,1,STOP,BLOCKED,2026-08-31T00:01:34.731798,Recovery attempt limit reached or recovery opportunity is not suitable,,,,
P08164,810.99,0.5577056990213385,452.2937448493153,Low,Medium,0,STOP,BLOCKED,2026-08-31T00:01:34.731822,Recovery attempt limit reached or recovery opportunity is not suitable,,,,
P07070,1333.67,0.3388567790816163,451.92312055777927,Low,Medium,0,STOP,BLOCKED,2026-08-31T00:01:34.731846,Recovery attempt limit reached or recovery opportunity is not suitable,,,,
P00235,3332.35,0.13561321007412827,451.91068059052134,Low,Low,2,STOP,BLOCKED,2026-08-31T00:01:34.731871,Recovery attempt limit reached or recovery opportunity is not suitable,,,,
P05349,1155.94,0.39084181443216304,451.7896869747146,Low,High,1,STOP,BLOCKED,2026-08-31T00:01:34.731896,Recovery attempt limit reached or recovery opportunity is not suitable,,,,
P07637,1536.4,0.2940052495320304,451.7096653810115,Low,Low,2,STOP,BLOCKED,2026-08-31T00:01:34.731920,Recovery attempt limit reached or recovery opportunity is not suitable,,,,
P09445,1239.12,0.36415050107137326,451.22616888756,Low,High,0,STOP,BLOCKED,2026-08-31T00:01:34.731943,Recovery attempt limit reached or recovery opportunity is not suitable,,,,
P07223,1587.48,0.28410579755396254,451.01227150096446,Low,Medium,0,STOP,BLOCKED,2026-08-31T00:01:34.731967,Recovery attempt limit reached or recovery opportunity is not suitable,,,,
P07655,1344.73,0.3352689145068897,450.84616740484984,Low,Low,1,STOP,BLOCKED,2026-08-31T00:01:34.731991,Recovery attempt limit reached or recovery opportunity is not suitable,,,,
P01451,888.88,0.5064919560492911,450.21056989309386,Low,High,0,STOP,BLOCKED,2026-08-31T00:01:34.732014,Recovery attempt limit reached or recovery opportunity is not suitable,,,,
P07462,1237.71,0.3631676353152307,449.49621390601425,Low,Low,0,STOP,BLOCKED,2026-08-31T00:01:34.732038,Recovery attempt limit reached or recovery opportunity is not suitable,,,,
P01705,1293.05,0.34740901711150396,449.2172295760302,Low,High,0,STOP,BLOCKED,2026-08-31T00:01:34.732062,Recovery attempt limit reached or recovery opportunity is not suitable,,,,
P08494,1096.06,0.40878762436999305,448.0557635669746,Low,High,1,STOP,BLOCKED,2026-08-31T00:01:34.732085,Recovery attempt limit reached or recovery opportunity is not suitable,,,,
P00345,1202.61,0.37217895207601015,447.5861295561305,Low,High,1,STOP,BLOCKED,2026-08-31T00:01:34.732109,Recovery attempt limit reached or recovery opportunity is not suitable,,,,
P01501,1222.86,0.36560533330472694,447.0841378850184,Low,Medium,1,STOP,BLOCKED,2026-08-31T00:01:34.732132,Recovery attempt limit reached or recovery opportunity is not suitable,,,,
P05389,946.11,0.47170554204187226,446.2853303812358,Low,High,1,STOP,BLOCKED,2026-08-31T00:01:34.732156,Recovery attempt limit reached or recovery opportunity is not suitable,,,,
P09648,1093.03,0.40822741044691296,446.20480644078924,Low,Medium,0,STOP,BLOCKED,2026-08-31T00:01:34.732184,Recovery attempt limit reached or recovery opportunity is not suitable,,,,
P04070,1329.84,0.33523272444236024,445.8058862724283,Low,High,0,STOP,BLOCKED,2026-08-31T00:01:34.732208,Recovery attempt limit reached or recovery opportunity is not suitable,,,,
P01997,1314.72,0.3389636297233157,445.6422632698376,Low,High,1,STOP,BLOCKED,2026-08-31T00:01:34.732230,Recovery attempt limit reached or recovery opportunity is not suitable,,,,
P09530,1435.15,0.31005264293836404,444.9720505129932,Low,High,1,STOP,BLOCKED,2026-08-31T00:01:34.732253,Recovery attempt limit reached or recovery opportunity is not suitable,,,,
P09608,940.32,0.4718394196385746,443.6800430745445,Low,High,0,STOP,BLOCKED,2026-08-31T00:01:34.732274,Recovery attempt limit reached or recovery opportunity is not suitable,,,,
P01999,995.62,0.4447524726650004,442.8044568347277,Low,High,0,STOP,BLOCKED,2026-08-31T00:01:34.732297,Recovery attempt limit reached or recovery opportunity is not suitable,,,,
P03280,1225.24,0.35990398336450447,440.9687565775254,Low,Medium,0,STOP,BLOCKED,2026-08-31T00:01:34.732320,Recovery attempt limit reached or recovery opportunity is not suitable,,,,
P09512,1227.91,0.35894353027092646,440.75035025497334,Low,Low,0,STOP,BLOCKED,2026-08-31T00:01:34.732342,Recovery attempt limit reached or recovery opportunity is not suitable,,,,
P08039,2273.26,0.19307895927470195,438.91867496080897,Low,Medium,0,STOP,BLOCKED,2026-08-31T00:01:34.732364,Recovery attempt limit reached or recovery opportunity is not suitable,,,,
P04296,1382.29,0.31491365498744034,435.3019961525889,Low,Low,0,STOP,BLOCKED,2026-08-31T00:01:34.732387,Recovery attempt limit reached or recovery opportunity is not suitable,,,,
P03799,1187.78,0.36627353505991506,435.0523794734659,Low,Low,0,STOP,BLOCKED,2026-08-31T00:01:34.732409,Recovery attempt limit reached or recovery opportunity is not suitable,,,,
P01491,825.4,0.5268713110341082,434.8795801275529,Low,High,0,STOP,BLOCKED,2026-08-31T00:01:34.732431,Recovery attempt limit reached or recovery opportunity is not suitable,,,,
P06517,2341.97,0.18537061060690943,434.1324089230636,Low,Medium,0,STOP,BLOCKED,2026-08-31T00:01:34.732454,Recovery attempt limit reached or recovery opportunity is not suitable,,,,
P08932,1232.52,0.35196966040718186,433.8096458450598,Low,Low,1,STOP,BLOCKED,2026-08-31T00:01:34.732477,Recovery attempt limit reached or recovery opportunity is not suitable,,,,
P05984,2110.93,0.20534149187105732,433.461515435371,Low,Medium,1,STOP,BLOCKED,2026-08-31T00:01:34.732499,Recovery attempt limit reached or recovery opportunity is not suitable,,,,
P02743,1549.14,0.27896294007615674,432.1526489895775,Low,Low,2,STOP,BLOCKED,2026-08-31T00:01:34.732522,Recovery attempt limit reached or recovery opportunity is not suitable,,,,
P09399,1519.25,0.2843605360669109,432.0147444196544,Low,Low,2,STOP,BLOCKED,2026-08-31T00:01:34.732545,Recovery attempt limit reached or recovery opportunity is not suitable,,,,
P03520,1483.28,0.2908008672998404,431.33911044850726,Low,High,1,STOP,BLOCKED,2026-08-31T00:01:34.732567,Recovery attempt limit reached or recovery opportunity is not suitable,,,,
P03072,908.34,0.47412923703735516,430.6705511705112,Low,Medium,0,STOP,BLOCKED,2026-08-31T00:01:34.732590,Recovery attempt limit reached or recovery opportunity is not suitable,,,,
P04928,850.84,0.5059957182704625,430.52139693324034,Low,Medium,0,STOP,BLOCKED,2026-08-31T00:01:34.732612,Recovery attempt limit reached or recovery opportunity is not suitable,,,,
P07515,1821.34,0.23626190283118864,430.3132541025571,Low,Medium,1,STOP,BLOCKED,2026-08-31T00:01:34.732635,Recovery attempt limit reached or recovery opportunity is not suitable,,,,
P05172,992.18,0.432891982118931,429.5067668187609,Low,High,0,STOP,BLOCKED,2026-08-31T00:01:34.732657,Recovery attempt limit reached or recovery opportunity is not suitable,,,,
P00137,1198.76,0.3582920350823404,429.5061599753064,Low,Medium,0,STOP,BLOCKED,2026-08-31T00:01:34.732681,Recovery attempt limit reached or recovery opportunity is not suitable,,,,
P02654,1531.85,0.28034189569374457,429.4417329184626,Low,High,0,STOP,BLOCKED,2026-08-31T00:01:34.732704,Recovery attempt limit reached or recovery opportunity is not suitable,,,,
P03902,2475.69,0.17340671144743755,429.3012614633067,Low,High,2,STOP,BLOCKED,2026-08-31T00:01:34.732727,Recovery attempt limit reached or recovery opportunity is not suitable,,,,
P07643,997.9,0.4292265361680404,428.3251604420875,Low,Low,1,STOP,BLOCKED,2026-08-31T00:01:34.732749,Recovery attempt limit reached or recovery opportunity is not suitable,,,,
P08975,908.86,0.470153934846925,427.3041052249763,Low,Medium,0,STOP,BLOCKED,2026-08-31T00:01:34.732771,Recovery attempt limit reached or recovery opportunity is not suitable,,,,
P00316,813.36,0.5253385539104993,427.28936620864374,Low,Medium,0,STOP,BLOCKED,2026-08-31T00:01:34.732793,Recovery attempt limit reached or recovery opportunity is not suitable,,,,
P00757,1619.06,0.26342167959801366,426.49550456995996,Low,Low,0,STOP,BLOCKED,2026-08-31T00:01:34.732816,Recovery attempt limit reached or recovery opportunity is not suitable,,,,
P04762,1198.62,0.3543608886856195,424.7440483963572,Low,Medium,0,STOP,BLOCKED,2026-08-31T00:01:34.732839,Recovery attempt limit reached or recovery opportunity is not suitable,,,,
P03267,1028.77,0.4128047925590603,424.68118644098445,Low,Medium,0,STOP,BLOCKED,2026-08-31T00:01:34.732861,Recovery attempt limit reached or recovery opportunity is not suitable,,,,
P01005,1771.27,0.23949973455334916,424.2186948223108,Low,Medium,0,STOP,BLOCKED,2026-08-31T00:01:34.732883,Recovery attempt limit reached or recovery opportunity is not suitable,,,,
P00417,930.75,0.45458602027208384,423.10593836824205,Low,Low,0,STOP,BLOCKED,2026-08-31T00:01:34.732906,Recovery attempt limit reached or recovery opportunity is not suitable,,,,
P02974,916.74,0.45917617140659767,420.9451633752843,Low,Medium,0,STOP,BLOCKED,2026-08-31T00:01:34.732929,Recovery attempt limit reached or recovery opportunity is not suitable,,,,
P07349,1199.17,0.3507610176399716,420.62208952332475,Low,Medium,1,STOP,BLOCKED,2026-08-31T00:01:34.732951,Recovery attempt limit reached or recovery opportunity is not suitable,,,,
P05422,1170.54,0.3580815661298113,419.14879641758927,Low,Medium,0,STOP,BLOCKED,2026-08-31T00:01:34.732973,Recovery attempt limit reached or recovery opportunity is not suitable,,,,
P07666,938.48,0.44659301347981617,419.1186112905379,Low,High,0,STOP,BLOCKED,2026-08-31T00:01:34.732996,Recovery attempt limit reached or recovery opportunity is not suitable,,,,
P00013,905.23,0.4607089602700924,417.0475721052957,Low,High,0,STOP,BLOCKED,2026-08-31T00:01:34.733018,Recovery attempt limit reached or recovery opportunity is not suitable,,,,
P05557,2007.6,0.20748450652367517,416.54589529693027,Low,Medium,2,STOP,BLOCKED,2026-08-31T00:01:34.733041,Recovery attempt limit reached or recovery opportunity is not suitable,,,,
P06813,1095.15,0.38034433679542284,416.53410044150735,Low,Medium,0,STOP,BLOCKED,2026-08-31T00:01:34.733318,Recovery attempt limit reached or recovery opportunity is not suitable,,,,
P09010,1722.51,0.24174121000615717,416.40165164770576,Low,Low,0,STOP,BLOCKED,2026-08-31T00:01:34.733358,Recovery attempt limit reached or recovery opportunity is not suitable,,,,
P01647,1134.27,0.366602895305432,415.82666605809237,Low,Low,0,STOP,BLOCKED,2026-08-31T00:01:34.733385,Recovery attempt limit reached or recovery opportunity is not suitable,,,,
P06771,2924.8,0.14213401165822623,415.7135572979801,Low,Medium,1,STOP,BLOCKED,2026-08-31T00:01:34.733409,Recovery attempt limit reached or recovery opportunity is not suitable,,,,
P03300,921.86,0.4505387764156559,415.33367642653656,Low,Medium,0,STOP,BLOCKED,2026-08-31T00:01:34.733433,Recovery attempt limit reached or recovery opportunity is not suitable,,,,
P06393,1490.21,0.27791679054245527,414.1543804342723,Low,Medium,1,STOP,BLOCKED,2026-08-31T00:01:34.733456,Recovery attempt limit reached or recovery opportunity is not suitable,,,,
P04622,1056.96,0.39152648029212345,413.8278286095628,Low,High,0,STOP,BLOCKED,2026-08-31T00:01:34.733479,Recovery attempt limit reached or recovery opportunity is not suitable,,,,
P09745,1005.09,0.41169956217928977,413.79511295078237,Low,High,1,STOP,BLOCKED,2026-08-31T00:01:34.733515,Recovery attempt limit reached or recovery opportunity is not suitable,,,,
P08162,972.83,0.42527439185322774,413.71968662657554,Low,High,0,STOP,BLOCKED,2026-08-31T00:01:34.733546,Recovery attempt limit reached or recovery opportunity is not suitable,,,,
P06887,1543.07,0.26800600178714756,413.55202117769375,Low,Medium,0,STOP,BLOCKED,2026-08-31T00:01:34.733573,Recovery attempt limit reached or recovery opportunity is not suitable,,,,
P09564,1398.3,0.29565657489925795,413.4165886816324,Low,Medium,2,STOP,BLOCKED,2026-08-31T00:01:34.733598,Recovery attempt limit reached or recovery opportunity is not suitable,,,,
P04158,904.24,0.4549618791640258,411.3947296152787,Low,Medium,1,STOP,BLOCKED,2026-08-31T00:01:34.733624,Recovery attempt limit reached or recovery opportunity is not suitable,,,,
P05569,1107.99,0.36921957631048213,409.0915983562511,Low,High,0,STOP,BLOCKED,2026-08-31T00:01:34.733648,Recovery attempt limit reached or recovery opportunity is not suitable,,,,
P03760,1503.73,0.2716509608197423,408.48969931347114,Low,Medium,0,STOP,BLOCKED,2026-08-31T00:01:34.733671,Recovery attempt limit reached or recovery opportunity is not suitable,,,,
P06001,776.57,0.5234306553945279,406.4805440597286,Low,Low,0,STOP,BLOCKED,2026-08-31T00:01:34.733696,Recovery attempt limit reached or recovery opportunity is not suitable,,,,
P04734,802.91,0.5053290741714488,405.73376694299793,Low,Low,1,STOP,BLOCKED,2026-08-31T00:01:34.733718,Recovery attempt limit reached or recovery opportunity is not suitable,,,,
P09159,1132.73,0.35787656344324614,405.3775197090682,Low,Low,0,STOP,BLOCKED,2026-08-31T00:01:34.733740,Recovery attempt limit reached or recovery opportunity is not suitable,,,,
P08823,1388.41,0.2905091938229556,403.3458697957298,Low,Medium,0,STOP,BLOCKED,2026-08-31T00:01:34.733763,Recovery attempt limit reached or recovery opportunity is not suitable,,,,
P03957,1643.91,0.24522261801765638,403.1239139854055,Low,Low,1,STOP,BLOCKED,2026-08-31T00:01:34.733785,Recovery attempt limit reached or recovery opportunity is not suitable,,,,
P05581,2118.16,0.19027427923078732,403.0313672954845,Low,Medium,2,STOP,BLOCKED,2026-08-31T00:01:34.733808,Recovery attempt limit reached or recovery opportunity is not suitable,,,,
P05717,1666.6,0.24180389545167694,402.9903721597648,Low,Low,1,STOP,BLOCKED,2026-08-31T00:01:34.733831,Recovery attempt limit reached or recovery opportunity is not suitable,,,,
P02769,1213.06,0.3314357164575275,402.0514102059683,Low,Medium,0,STOP,BLOCKED,2026-08-31T00:01:34.733854,Recovery attempt limit reached or recovery opportunity is not suitable,,,,
P09296,2534.25,0.1585700762863823,401.8562158287644,Low,High,0,STOP,BLOCKED,2026-08-31T00:01:34.733877,Recovery attempt limit reached or recovery opportunity is not suitable,,,,
P03213,1322.6,0.30270981573363054,400.3640022892997,Low,High,0,STOP,BLOCKED,2026-08-31T00:01:34.733899,Recovery attempt limit reached or recovery opportunity is not suitable,,,,
P09757,996.02,0.40066744358210815,399.0727871566514,Low,Medium,0,STOP,BLOCKED,2026-08-31T00:01:34.733921,Recovery attempt limit reached or recovery opportunity is not suitable,,,,
P02374,1266.48,0.31437344691618546,398.1476830504106,Low,Low,0,STOP,BLOCKED,2026-08-31T00:01:34.733944,Recovery attempt limit reached or recovery opportunity is not suitable,,,,
P05678,1370.47,0.290250882278618,397.78012663637764,Low,Low,0,STOP,BLOCKED,2026-08-31T00:01:34.733966,Recovery attempt limit reached or recovery opportunity is not suitable,,,,
P00403,1718.35,0.23127521214718855,397.4117607931214,Low,High,0,STOP,BLOCKED,2026-08-31T00:01:34.733988,Recovery attempt limit reached or recovery opportunity is not suitable,,,,
P06799,1015.45,0.38937796103520134,395.39385053319523,Low,Medium,0,STOP,BLOCKED,2026-08-31T00:01:34.734011,Recovery attempt limit reached or recovery opportunity is not suitable,,,,
P04499,1716.87,0.2302892093416468,395.3766348423931,Low,Low,0,STOP,BLOCKED,2026-08-31T00:01:34.734033,Recovery attempt limit reached or recovery opportunity is not suitable,,,,
P00728,1362.28,0.29009979380797596,395.1971471087295,Low,Medium,0,STOP,BLOCKED,2026-08-31T00:01:34.734056,Recovery attempt limit reached or recovery opportunity is not suitable,,,,
P07930,926.92,0.42529002589474,394.2098308023524,Low,High,0,STOP,BLOCKED,2026-08-31T00:01:34.734078,Recovery attempt limit reached or recovery opportunity is not suitable,,,,
P00598,789.47,0.4990870554843075,394.01425769319627,Low,Medium,0,STOP,BLOCKED,2026-08-31T00:01:34.734101,Recovery attempt limit reached or recovery opportunity is not suitable,,,,
P02589,1016.69,0.386430042646849,392.8795600586249,Low,Medium,0,STOP,BLOCKED,2026-08-31T00:01:34.734124,Recovery attempt limit reached or recovery opportunity is not suitable,,,,
P07320,967.04,0.4058419196703276,392.4653699979936,Low,High,1,STOP,BLOCKED,2026-08-31T00:01:34.734147,Recovery attempt limit reached or recovery opportunity is not suitable,,,,
P01650,1126.3,0.34426298024016916,387.74339464450253,Low,High,1,STOP,BLOCKED,2026-08-31T00:01:34.734171,Recovery attempt limit reached or recovery opportunity is not suitable,,,,
P05960,1061.95,0.3633633279411184,385.87368610707074,Low,Medium,0,STOP,BLOCKED,2026-08-31T00:01:34.734193,Recovery attempt limit reached or recovery opportunity is not suitable,,,,
P06423,1178.03,0.3271049083686897,385.33939520556754,Low,Medium,0,STOP,BLOCKED,2026-08-31T00:01:34.734216,Recovery attempt limit reached or recovery opportunity is not suitable,,,,
P02434,1077.02,0.35676906605167785,384.24741951897806,Low,Medium,1,STOP,BLOCKED,2026-08-31T00:01:34.734239,Recovery attempt limit reached or recovery opportunity is not suitable,,,,
P01155,949.45,0.4042512455694914,383.8163451059536,Low,High,0,STOP,BLOCKED,2026-08-31T00:01:34.734262,Recovery attempt limit reached or recovery opportunity is not suitable,,,,
P01241,1272.26,0.2998419840649702,381.476962646499,Low,Low,0,STOP,BLOCKED,2026-08-31T00:01:34.734284,Recovery attempt limit reached or recovery opportunity is not suitable,,,,
P09175,1314.76,0.2899641319422633,381.2332421124101,Low,Medium,0,STOP,BLOCKED,2026-08-31T00:01:34.734306,Recovery attempt limit reached or recovery opportunity is not suitable,,,,
P09340,2767.83,0.1375778695281178,380.79215461601024,Low,Medium,1,STOP,BLOCKED,2026-08-31T00:01:34.734329,Recovery attempt limit reached or recovery opportunity is not suitable,,,,
P05828,787.48,0.48271292072568994,380.12677081306634,Low,High,0,STOP,BLOCKED,2026-08-31T00:01:34.734351,Recovery attempt limit reached or recovery opportunity is not suitable,,,,
P06525,1128.41,0.3352857685897623,378.3398141343737,Low,High,0,STOP,BLOCKED,2026-08-31T00:01:34.734373,Recovery attempt limit reached or recovery opportunity is not suitable,,,,
P03490,737.15,0.512609386373196,377.8700091650014,Low,High,0,STOP,BLOCKED,2026-08-31T00:01:34.734396,Recovery attempt limit reached or recovery opportunity is not suitable,,,,
P05689,2122.29,0.17800871577145722,377.7861173946059,Low,Low,2,STOP,BLOCKED,2026-08-31T00:01:34.734418,Recovery attempt limit reached or recovery opportunity is not suitable,,,,
P04926,2160.61,0.1746335664828309,377.3150300784693,Low,High,0,STOP,BLOCKED,2026-08-31T00:01:34.734441,Recovery attempt limit reached or recovery opportunity is not suitable,,,,
P01875,1924.42,0.19590873034872494,377.0106788576933,Low,High,1,STOP,BLOCKED,2026-08-31T00:01:34.734464,Recovery attempt limit reached or recovery opportunity is not suitable,,,,
P07769,1267.18,0.29743445013951153,376.90298652778625,Low,Low,0,STOP,BLOCKED,2026-08-31T00:01:34.734486,Recovery attempt limit reached or recovery opportunity is not suitable,,,,
P01691,1114.29,0.33784615181643707,376.4585885075376,Low,Low,0,STOP,BLOCKED,2026-08-31T00:01:34.734508,Recovery attempt limit reached or recovery opportunity is not suitable,,,,
P08306,1305.56,0.2879333228507615,375.9142289810402,Low,Medium,0,STOP,BLOCKED,2026-08-31T00:01:34.734531,Recovery attempt limit reached or recovery opportunity is not suitable,,,,
P05241,1615.49,0.23178617363794174,374.4482456503585,Low,High,1,STOP,BLOCKED,2026-08-31T00:01:34.734554,Recovery attempt limit reached or recovery opportunity is not suitable,,,,
P08693,1141.49,0.32776369716145637,374.1389826728308,Low,High,0,STOP,BLOCKED,2026-08-31T00:01:34.734576,Recovery attempt limit reached or recovery opportunity is not suitable,,,,
P05516,1521.63,0.24586098215141977,374.1094462710649,Low,Medium,0,STOP,BLOCKED,2026-08-31T00:01:34.734599,Recovery attempt limit reached or recovery opportunity is not suitable,,,,
P08229,1530.06,0.24360324980216666,372.7275883923031,Low,High,1,STOP,BLOCKED,2026-08-31T00:01:34.734621,Recovery attempt limit reached or recovery opportunity is not suitable,,,,
P00199,1949.31,0.1909642422243575,372.24850701036235,Low,Low,2,STOP,BLOCKED,2026-08-31T00:01:34.734646,Recovery attempt limit reached or recovery opportunity is not suitable,,,,
P07921,968.42,0.3835941294315245,371.4802268240769,Low,High,0,STOP,BLOCKED,2026-08-31T00:01:34.734671,Recovery attempt limit reached or recovery opportunity is not suitable,,,,
P04896,1439.45,0.2578054735007584,371.09808883066665,Low,High,2,STOP,BLOCKED,2026-08-31T00:01:34.734694,Recovery attempt limit reached or recovery opportunity is not suitable,,,,
P06559,1021.8,0.36306788395045997,370.98276382058,Low,Medium,0,STOP,BLOCKED,2026-08-31T00:01:34.734716,Recovery attempt limit reached or recovery opportunity is not suitable,,,,
P02674,1015.42,0.3635932157868043,369.1998231742368,Low,Low,1,STOP,BLOCKED,2026-08-31T00:01:34.734738,Recovery attempt limit reached or recovery opportunity is not suitable,,,,
P04052,1126.93,0.32738178376338134,368.93635357646735,Low,High,1,STOP,BLOCKED,2026-08-31T00:01:34.734761,Recovery attempt limit reached or recovery opportunity is not suitable,,,,
P07393,1030.43,0.3577565058711754,368.6430363448353,Low,Low,2,STOP,BLOCKED,2026-08-31T00:01:34.734783,Recovery attempt limit reached or recovery opportunity is not suitable,,,,
P03892,738.4,0.4986960349205744,368.2371521853521,Low,Low,0,STOP,BLOCKED,2026-08-31T00:01:34.734806,Recovery attempt limit reached or recovery opportunity is not suitable,,,,
P02170,2136.37,0.17223053057070334,367.9481385953335,Low,High,1,STOP,BLOCKED,2026-08-31T00:01:34.734828,Recovery attempt limit reached or recovery opportunity is not suitable,,,,
P08558,1046.65,0.3515000539251406,367.8975314407484,Low,High,0,STOP,BLOCKED,2026-08-31T00:01:34.734850,Recovery attempt limit reached or recovery opportunity is not suitable,,,,
P08472,1155.04,0.3184280388874159,367.7971220365208,Low,Medium,0,STOP,BLOCKED,2026-08-31T00:01:34.734872,Recovery attempt limit reached or recovery opportunity is not suitable,,,,
P02339,912.88,0.40267213713517064,367.5913405479546,Low,High,1,STOP,BLOCKED,2026-08-31T00:01:34.734894,Recovery attempt limit reached or recovery opportunity is not suitable,,,,
P07646,2003.87,0.18341513571561086,367.5400880064411,Low,Low,1,STOP,BLOCKED,2026-08-31T00:01:34.734916,Recovery attempt limit reached or recovery opportunity is not suitable,,,,
P03295,672.95,0.5458951523382196,367.3601427660049,Low,Low,0,STOP,BLOCKED,2026-08-31T00:01:34.734939,Recovery attempt limit reached or recovery opportunity is not suitable,,,,
P00488,2042.25,0.17942871243877814,366.43828797809465,Low,Medium,0,STOP,BLOCKED,2026-08-31T00:01:34.734961,Recovery attempt limit reached or recovery opportunity is not suitable,,,,
P04036,748.71,0.48850777922340494,365.75065938235554,Low,High,0,STOP,BLOCKED,2026-08-31T00:01:34.734983,Recovery attempt limit reached or recovery opportunity is not suitable,,,,
P01234,1340.62,0.2718355066056157,364.42811686562044,Low,Low,1,STOP,BLOCKED,2026-08-31T00:01:34.735006,Recovery attempt limit reached or recovery opportunity is not suitable,,,,
P04783,1616.04,0.22498141851458825,363.5789715763152,Low,Medium,1,STOP,BLOCKED,2026-08-31T00:01:34.735027,Recovery attempt limit reached or recovery opportunity is not suitable,,,,
P01784,691.82,0.5240657187485491,362.5591455446213,Low,Medium,0,STOP,BLOCKED,2026-08-31T00:01:34.735051,Recovery attempt limit reached or recovery opportunity is not suitable,,,,
P04347,1389.42,0.2603869293328712,361.78680735367794,Low,Medium,2,STOP,BLOCKED,2026-08-31T00:01:34.735074,Recovery attempt limit reached or recovery opportunity is not suitable,,,,
P09004,1664.92,0.21698817784679042,361.2679570606783,Low,High,2,STOP,BLOCKED,2026-08-31T00:01:34.735097,Recovery attempt limit reached or recovery opportunity is not suitable,,,,
P05788,781.82,0.46208285146929284,361.26561493572257,Low,Medium,1,STOP,BLOCKED,2026-08-31T00:01:34.735120,Recovery attempt limit reached or recovery opportunity is not suitable,,,,
P01626,1068.3,0.33753920743268667,360.59313530033916,Low,High,0,STOP,BLOCKED,2026-08-31T00:01:34.735144,Recovery attempt limit reached or recovery opportunity is not suitable,,,,
P07387,1117.58,0.3190775991712408,356.5947432817953,Low,Low,2,STOP,BLOCKED,2026-08-31T00:01:34.735167,Recovery attempt limit reached or recovery opportunity is not suitable,,,,
P02652,864.51,0.41147550358104695,355.72468760085087,Low,High,1,STOP,BLOCKED,2026-08-31T00:01:34.735189,Recovery attempt limit reached or recovery opportunity is not suitable,,,,
P05794,1466.83,0.24238560080599247,355.5384708302539,Low,Low,2,STOP,BLOCKED,2026-08-31T00:01:34.735211,Recovery attempt limit reached or recovery opportunity is not suitable,,,,
P00591,826.21,0.42993617083400476,355.2175637047631,Low,Medium,0,STOP,BLOCKED,2026-08-31T00:01:34.735233,Recovery attempt limit reached or recovery opportunity is not suitable,,,,
P06988,1231.99,0.28667783141930614,353.184221530271,Low,Low,0,STOP,BLOCKED,2026-08-31T00:01:34.735270,Recovery attempt limit reached or recovery opportunity is not suitable,,,,
P06745,1147.89,0.3074712315728067,352.9431520101091,Low,Low,2,STOP,BLOCKED,2026-08-31T00:01:34.735297,Recovery attempt limit reached or recovery opportunity is not suitable,,,,
P08008,821.58,0.4285004266388834,352.0473805179738,Low,High,0,STOP,BLOCKED,2026-08-31T00:01:34.735322,Recovery attempt limit reached or recovery opportunity is not suitable,,,,
P06206,648.94,0.5421713751581203,351.83669219511063,Low,High,0,STOP,BLOCKED,2026-08-31T00:01:34.735346,Recovery attempt limit reached or recovery opportunity is not suitable,,,,
P05736,704.03,0.4994909737165284,351.65663022564746,Low,High,1,STOP,BLOCKED,2026-08-31T00:01:34.735370,Recovery attempt limit reached or recovery opportunity is not suitable,,,,
P00809,752.59,0.4671778063586232,351.59334528743625,Low,Medium,0,STOP,BLOCKED,2026-08-31T00:01:34.735392,Recovery attempt limit reached or recovery opportunity is not suitable,,,,
P00976,716.2,0.4901683592599041,351.05857890194335,Low,Low,0,STOP,BLOCKED,2026-08-31T00:01:34.735415,Recovery attempt limit reached or recovery opportunity is not suitable,,,,
P03046,954.28,0.367697619967788,350.8864847828607,Low,High,0,STOP,BLOCKED,2026-08-31T00:01:34.735439,Recovery attempt limit reached or recovery opportunity is not suitable,,,,
P09860,1078.43,0.32472866386852195,350.19713297573014,Low,High,2,STOP,BLOCKED,2026-08-31T00:01:34.735462,Recovery attempt limit reached or recovery opportunity is not suitable,,,,
P08916,727.0,0.4815478974180537,350.08532142292506,Low,High,0,STOP,BLOCKED,2026-08-31T00:01:34.735484,Recovery attempt limit reached or recovery opportunity is not suitable,,,,
P08824,763.38,0.45663500111354255,348.5860271500561,Low,High,0,STOP,BLOCKED,2026-08-31T00:01:34.735507,Recovery attempt limit reached or recovery opportunity is not suitable,,,,
P06359,1149.38,0.30316007039765563,348.4461217136575,Low,High,2,STOP,BLOCKED,2026-08-31T00:01:34.735530,Recovery attempt limit reached or recovery opportunity is not suitable,,,,
P01044,731.05,0.47625858550167843,348.16883893100197,Low,High,0,STOP,BLOCKED,2026-08-31T00:01:34.735552,Recovery attempt limit reached or recovery opportunity is not suitable,,,,
P02444,919.15,0.3783728934667109,347.7814450299273,Low,High,0,STOP,BLOCKED,2026-08-31T00:01:34.735575,Recovery attempt limit reached or recovery opportunity is not suitable,,,,
P04982,667.23,0.5194015051102837,346.5602662547346,Low,Low,0,STOP,BLOCKED,2026-08-31T00:01:34.735598,Recovery attempt limit reached or recovery opportunity is not suitable,,,,
P01063,840.32,0.41134850035464565,345.66437181801587,Low,Low,1,STOP,BLOCKED,2026-08-31T00:01:34.735620,Recovery attempt limit reached or recovery opportunity is not suitable,,,,
P04547,1075.2,0.32133334978012307,345.4976176835883,Low,Medium,0,STOP,BLOCKED,2026-08-31T00:01:34.735643,Recovery attempt limit reached or recovery opportunity is not suitable,,,,
P05373,958.22,0.36009229966166717,345.04764338180274,Low,Medium,0,STOP,BLOCKED,2026-08-31T00:01:34.735665,Recovery attempt limit reached or recovery opportunity is not suitable,,,,
P08901,1427.08,0.24147931088033697,344.6102949711113,Low,Medium,0,STOP,BLOCKED,2026-08-31T00:01:34.735688,Recovery attempt limit reached or recovery opportunity is not suitable,,,,
P07894,911.81,0.3763794728353748,343.1865671260231,Low,Low,0,STOP,BLOCKED,2026-08-31T00:01:34.735710,Recovery attempt limit reached or recovery opportunity is not suitable,,,,
P00398,842.62,0.4041828299978125,340.5725362127568,Low,Low,2,STOP,BLOCKED,2026-08-31T00:01:34.735733,Recovery attempt limit reached or recovery opportunity is not suitable,,,,
P09914,1028.04,0.33046407905007397,339.73029182663805,Low,Low,0,STOP,BLOCKED,2026-08-31T00:01:34.735756,Recovery attempt limit reached or recovery opportunity is not suitable,,,,
P09890,1166.79,0.2903532442971376,338.7812619134572,Low,High,0,STOP,BLOCKED,2026-08-31T00:01:34.735778,Recovery attempt limit reached or recovery opportunity is not suitable,,,,
P05568,1292.07,0.2620265440788202,338.5566368079212,Low,Low,2,STOP,BLOCKED,2026-08-31T00:01:34.735801,Recovery attempt limit reached or recovery opportunity is not suitable,,,,
P00246,697.94,0.48288059887350393,337.02168517777335,Low,Medium,0,STOP,BLOCKED,2026-08-31T00:01:34.735825,Recovery attempt limit reached or recovery opportunity is not suitable,,,,
P09475,998.6,0.33660770347922847,336.13645269435756,Low,Medium,2,STOP,BLOCKED,2026-08-31T00:01:34.735849,Recovery attempt limit reached or recovery opportunity is not suitable,,,,
P06491,1035.81,0.32406383430555147,335.66856021203324,Low,Medium,0,STOP,BLOCKED,2026-08-31T00:01:34.735873,Recovery attempt limit reached or recovery opportunity is not suitable,,,,
P04245,963.02,0.34773228674178275,334.8731467780716,Low,High,0,STOP,BLOCKED,2026-08-31T00:01:34.735895,Recovery attempt limit reached or recovery opportunity is not suitable,,,,
P09730,710.44,0.46980519925219044,333.7684057567262,Low,Medium,1,STOP,BLOCKED,2026-08-31T00:01:34.735919,Recovery attempt limit reached or recovery opportunity is not suitable,,,,
P07491,1189.17,0.27873961980809414,331.46879368719135,Low,Medium,1,STOP,BLOCKED,2026-08-31T00:01:34.735943,Recovery attempt limit reached or recovery opportunity is not suitable,,,,
P05969,668.07,0.4919331689084964,328.64579215269924,Low,Medium,0,STOP,BLOCKED,2026-08-31T00:01:34.735965,Recovery attempt limit reached or recovery opportunity is not suitable,,,,
P07866,820.87,0.3998598816704554,328.2329810668267,Low,Medium,1,STOP,BLOCKED,2026-08-31T00:01:34.735987,Recovery attempt limit reached or recovery opportunity is not suitable,,,,
P02702,737.5,0.43946085762549547,324.1023824988029,Low,Low,0,STOP,BLOCKED,2026-08-31T00:01:34.736009,Recovery attempt limit reached or recovery opportunity is not suitable,,,,
P09606,1046.08,0.30965206451669647,323.9208316496258,Low,Medium,1,STOP,BLOCKED,2026-08-31T00:01:34.736032,Recovery attempt limit reached or recovery opportunity is not suitable,,,,
P09015,963.99,0.3358009716311521,323.7087786427143,Low,Medium,0,STOP,BLOCKED,2026-08-31T00:01:34.736055,Recovery attempt limit reached or recovery opportunity is not suitable,,,,
P07083,766.97,0.421906161119942,323.5893683941619,Low,Low,0,STOP,BLOCKED,2026-08-31T00:01:34.736078,Recovery attempt limit reached or recovery opportunity is not suitable,,,,
P03288,969.26,0.330104180039497,319.95677754508284,Low,High,1,STOP,BLOCKED,2026-08-31T00:01:34.736100,Recovery attempt limit reached or recovery opportunity is not suitable,,,,
P09774,769.23,0.414000069360072,318.4612733538482,Low,Medium,0,STOP,BLOCKED,2026-08-31T00:01:34.736123,Recovery attempt limit reached or recovery opportunity is not suitable,,,,
P07779,799.04,0.3964927143369778,316.8135384638187,Low,Medium,0,STOP,BLOCKED,2026-08-31T00:01:34.736144,Recovery attempt limit reached or recovery opportunity is not suitable,,,,
P09683,1028.8,0.3078651855967437,316.7317029419299,Low,Low,0,STOP,BLOCKED,2026-08-31T00:01:34.736166,Recovery attempt limit reached or recovery opportunity is not suitable,,,,
P06817,2551.9,0.12396377681090567,316.3431620437502,Low,Low,1,STOP,BLOCKED,2026-08-31T00:01:34.736189,Recovery attempt limit reached or recovery opportunity is not suitable,,,,
P07128,1469.33,0.21473683616365047,315.51927548033655,Low,Low,0,STOP,BLOCKED,2026-08-31T00:01:34.736211,Recovery attempt limit reached or recovery opportunity is not suitable,,,,
P02675,712.87,0.4417878537371766,314.9373072936211,Low,Low,0,STOP,BLOCKED,2026-08-31T00:01:34.736233,Recovery attempt limit reached or recovery opportunity is not suitable,,,,
P09910,1150.98,0.2730504175191574,314.27556955619974,Low,High,0,STOP,BLOCKED,2026-08-31T00:01:34.736255,Recovery attempt limit reached or recovery opportunity is not suitable,,,,
P00238,1969.34,0.15927230779314727,313.6613266293566,Low,Low,2,STOP,BLOCKED,2026-08-31T00:01:34.736279,Recovery attempt limit reached or recovery opportunity is not suitable,,,,
P07150,920.58,0.33800613384198175,311.1616866922516,Low,Low,2,STOP,BLOCKED,2026-08-31T00:01:34.736302,Recovery attempt limit reached or recovery opportunity is not suitable,,,,
P04754,657.01,0.47208012452313075,310.1613626129421,Low,Low,0,STOP,BLOCKED,2026-08-31T00:01:34.736325,Recovery attempt limit reached or recovery opportunity is not suitable,,,,
P06638,1064.52,0.29034131876522623,309.0741406519586,Low,Medium,2,STOP,BLOCKED,2026-08-31T00:01:34.736348,Recovery attempt limit reached or recovery opportunity is not suitable,,,,
P09058,1346.45,0.2294085030624449,308.88707894842895,Low,Low,0,STOP,BLOCKED,2026-08-31T00:01:34.736370,Recovery attempt limit reached or recovery opportunity is not suitable,,,,
P00206,828.47,0.3717027498901716,307.94457720151047,Low,High,1,STOP,BLOCKED,2026-08-31T00:01:34.736393,Recovery attempt limit reached or recovery opportunity is not suitable,,,,
P03294,1127.89,0.2728789384400804,307.7774258771823,Low,Low,1,STOP,BLOCKED,2026-08-31T00:01:34.736415,Recovery attempt limit reached or recovery opportunity is not suitable,,,,
P04139,794.76,0.3860879978088358,306.84729713855035,Low,Medium,0,STOP,BLOCKED,2026-08-31T00:01:34.736438,Recovery attempt limit reached or recovery opportunity is not suitable,,,,
P09979,1172.17,0.26115489383999735,306.1179319124297,Low,Medium,1,STOP,BLOCKED,2026-08-31T00:01:34.736460,Recovery attempt limit reached or recovery opportunity is not suitable,,,,
P05359,861.85,0.35494936187792087,305.91310753448613,Low,High,2,STOP,BLOCKED,2026-08-31T00:01:34.736482,Recovery attempt limit reached or recovery opportunity is not suitable,,,,
P06707,1978.27,0.1535476957524394,303.7588000761783,Low,High,1,STOP,BLOCKED,2026-08-31T00:01:34.736505,Recovery attempt limit reached or recovery opportunity is not suitable,,,,
P04359,2402.96,0.1255359789931417,301.65793608135976,Low,Low,1,STOP,BLOCKED,2026-08-31T00:01:34.736527,Recovery attempt limit reached or recovery opportunity is not suitable,,,,
P02088,1072.35,0.280380925265037,300.6664852079624,Low,Low,0,STOP,BLOCKED,2026-08-31T00:01:34.736550,Recovery attempt limit reached or recovery opportunity is not suitable,,,,
P07335,956.22,0.3130695328243649,299.3633486773142,Low,High,0,STOP,BLOCKED,2026-08-31T00:01:34.736573,Recovery attempt limit reached or recovery opportunity is not suitable,,,,
P02406,704.57,0.42245011055375853,297.6456743928617,Low,Low,0,STOP,BLOCKED,2026-08-31T00:01:34.736595,Recovery attempt limit reached or recovery opportunity is not suitable,,,,
P00346,1050.22,0.2831607267543964,297.3810584520022,Low,High,0,STOP,BLOCKED,2026-08-31T00:01:34.736618,Recovery attempt limit reached or recovery opportunity is not suitable,,,,
P01907,1084.85,0.274023246143402,297.27411857866963,Low,Low,1,STOP,BLOCKED,2026-08-31T00:01:34.736641,Recovery attempt limit reached or recovery opportunity is not suitable,,,,
P03965,895.05,0.3320391804456401,297.19166845787015,Low,High,0,STOP,BLOCKED,2026-08-31T00:01:34.736663,Recovery attempt limit reached or recovery opportunity is not suitable,,,,
P00752,715.04,0.41468622764163243,296.5172402128728,Low,Medium,0,STOP,BLOCKED,2026-08-31T00:01:34.736686,Recovery attempt limit reached or recovery opportunity is not suitable,,,,
P08834,1063.07,0.2780451754847309,295.58148470255287,Low,Medium,1,STOP,BLOCKED,2026-08-31T00:01:34.736708,Recovery attempt limit reached or recovery opportunity is not suitable,,,,
P08837,725.25,0.4058175131094234,294.3191513826093,Low,High,1,STOP,BLOCKED,2026-08-31T00:01:34.736730,Recovery attempt limit reached or recovery opportunity is not suitable,,,,
P02225,940.3,0.31058926801376513,292.0470887133433,Low,Medium,0,STOP,BLOCKED,2026-08-31T00:01:34.736752,Recovery attempt limit reached or recovery opportunity is not suitable,,,,
P00459,968.02,0.3014098822329657,291.7707941991555,Low,Medium,1,STOP,BLOCKED,2026-08-31T00:01:34.736775,Recovery attempt limit reached or recovery opportunity is not suitable,,,,
P06092,1556.74,0.18701698472343048,291.13682079835314,Low,Medium,1,STOP,BLOCKED,2026-08-31T00:01:34.736798,Recovery attempt limit reached or recovery opportunity is not suitable,,,,
P07574,1421.2,0.20436311423748998,290.4408579543208,Low,High,2,STOP,BLOCKED,2026-08-31T00:01:34.736820,Recovery attempt limit reached or recovery opportunity is not suitable,,,,
P06936,648.68,0.44768722900469754,290.40575171076716,Low,Low,0,STOP,BLOCKED,2026-08-31T00:01:34.736844,Recovery attempt limit reached or recovery opportunity is not suitable,,,,
P08763,1541.27,0.18690955287202832,288.0780865550711,Low,High,2,STOP,BLOCKED,2026-08-31T00:01:34.736868,Recovery attempt limit reached or recovery opportunity is not suitable,,,,
P04119,839.13,0.34271617439002683,287.5834234159032,Low,Low,1,STOP,BLOCKED,2026-08-31T00:01:34.736893,Recovery attempt limit reached or recovery opportunity is not suitable,,,,
P08174,943.05,0.30427053998799364,286.9423327356774,Low,High,1,STOP,BLOCKED,2026-08-31T00:01:34.736917,Recovery attempt limit reached or recovery opportunity is not suitable,,,,
P05361,606.45,0.4716107240655201,286.0083236095347,Low,High,0,STOP,BLOCKED,2026-08-31T00:01:34.736940,Recovery attempt limit reached or recovery opportunity is not suitable,,,,
P08281,1239.26,0.23062807596824791,285.8081494244109,Low,Medium,1,STOP,BLOCKED,2026-08-31T00:01:34.736962,Recovery attempt limit reached or recovery opportunity is not suitable,,,,
P07997,930.27,0.3065982073336634,285.219114336287,Low,Medium,1,STOP,BLOCKED,2026-08-31T00:01:34.736985,Recovery attempt limit reached or recovery opportunity is not suitable,,,,
P00396,1825.56,0.1561051693687417,284.9793529928001,Low,Medium,1,STOP,BLOCKED,2026-08-31T00:01:34.737008,Recovery attempt limit reached or recovery opportunity is not suitable,,,,
P08699,893.89,0.31790519430745157,284.17227413948785,Low,Medium,0,STOP,BLOCKED,2026-08-31T00:01:34.737030,Recovery attempt limit reached or recovery opportunity is not suitable,,,,
P01426,760.17,0.3704673204861394,281.61814301394855,Low,Medium,0,STOP,BLOCKED,2026-08-31T00:01:34.737053,Recovery attempt limit reached or recovery opportunity is not suitable,,,,
P04436,668.69,0.4199632815569244,280.8252467442998,Low,Low,0,STOP,BLOCKED,2026-08-31T00:01:34.737075,Recovery attempt limit reached or recovery opportunity is not suitable,,,,
P05857,768.03,0.3643582404644183,279.83805942388716,Low,Medium,0,STOP,BLOCKED,2026-08-31T00:01:34.737098,Recovery attempt limit reached or recovery opportunity is not suitable,,,,
P07375,944.56,0.2961555869305273,279.73672119109887,Low,High,2,STOP,BLOCKED,2026-08-31T00:01:34.737121,Recovery attempt limit reached or recovery opportunity is not suitable,,,,
P05578,1004.18,0.2778812735744159,279.04281729795696,Low,Low,0,STOP,BLOCKED,2026-08-31T00:01:34.737146,Recovery attempt limit reached or recovery opportunity is not suitable,,,,
P02912,1109.09,0.2490862551908382,276.25907476960674,Low,Medium,1,STOP,BLOCKED,2026-08-31T00:01:34.737169,Recovery attempt limit reached or recovery opportunity is not suitable,,,,
P07295,1205.93,0.2282483394751307,275.2515200232444,Low,High,1,STOP,BLOCKED,2026-08-31T00:01:34.737191,Recovery attempt limit reached or recovery opportunity is not suitable,,,,
P02677,969.22,0.2820606703137261,273.3788428814696,Low,Medium,0,STOP,BLOCKED,2026-08-31T00:01:34.737214,Recovery attempt limit reached or recovery opportunity is not suitable,,,,
P09612,497.52,0.5357867111539283,266.5646045333024,Low,Low,0,STOP,BLOCKED,2026-08-31T00:01:34.737236,Recovery attempt limit reached or recovery opportunity is not suitable,,,,
P09880,520.24,0.5106846979833563,265.67860727886125,Low,Medium,0,STOP,BLOCKED,2026-08-31T00:01:34.737270,Recovery attempt limit reached or recovery opportunity is not suitable,,,,
P09342,674.75,0.39335872567111624,265.4188001465857,Low,Medium,1,STOP,BLOCKED,2026-08-31T00:01:34.737298,Recovery attempt limit reached or recovery opportunity is not suitable,,,,
P06578,731.68,0.3627364511238939,265.4070065583307,Low,Medium,0,STOP,BLOCKED,2026-08-31T00:01:34.737324,Recovery attempt limit reached or recovery opportunity is not suitable,,,,
P05955,901.56,0.2927188970926935,263.90364886288876,Low,High,2,STOP,BLOCKED,2026-08-31T00:01:34.737347,Recovery attempt limit reached or recovery opportunity is not suitable,,,,
P05992,894.46,0.2930978976034897,262.1643454904174,Low,Medium,0,STOP,BLOCKED,2026-08-31T00:01:34.737370,Recovery attempt limit reached or recovery opportunity is not suitable,,,,
P07049,490.7,0.5241684445223034,257.2094557270943,Low,High,0,STOP,BLOCKED,2026-08-31T00:01:34.737392,Recovery attempt limit reached or recovery opportunity is not suitable,,,,
P08203,763.29,0.3355052390010712,256.08779387712764,Low,Low,0,STOP,BLOCKED,2026-08-31T00:01:34.737415,Recovery attempt limit reached or recovery opportunity is not suitable,,,,
P09361,592.21,0.43011090419521,254.7159785734453,Low,High,1,STOP,BLOCKED,2026-08-31T00:01:34.737437,Recovery attempt limit reached or recovery opportunity is not suitable,,,,
P04954,982.86,0.25900276609708495,254.56345868618092,Low,Low,2,STOP,BLOCKED,2026-08-31T00:01:34.737460,Recovery attempt limit reached or recovery opportunity is not suitable,,,,
P03774,695.62,0.3658094457405893,254.46436664606875,Low,High,2,STOP,BLOCKED,2026-08-31T00:01:34.737482,Recovery attempt limit reached or recovery opportunity is not suitable,,,,
P01872,610.13,0.41539956696999425,253.4477377954026,Low,Medium,0,STOP,BLOCKED,2026-08-31T00:01:34.737505,Recovery attempt limit reached or recovery opportunity is not suitable,,,,
P05482,891.18,0.28406746000101996,253.15523900370894,Low,Low,2,STOP,BLOCKED,2026-08-31T00:01:34.737527,Recovery attempt limit reached or recovery opportunity is not suitable,,,,
P07324,497.37,0.5087137120174731,253.0189389461306,Low,Medium,0,STOP,BLOCKED,2026-08-31T00:01:34.737549,Recovery attempt limit reached or recovery opportunity is not suitable,,,,
P03910,1080.65,0.23410611097042738,252.98676882019237,Low,Medium,1,STOP,BLOCKED,2026-08-31T00:01:34.737572,Recovery attempt limit reached or recovery opportunity is not suitable,,,,
P03816,1147.25,0.22037487425724572,252.82507449162514,Low,Low,2,STOP,BLOCKED,2026-08-31T00:01:34.737594,Recovery attempt limit reached or recovery opportunity is not suitable,,,,
P05002,708.82,0.35637900998841615,252.60856985998916,Low,Low,2,STOP,BLOCKED,2026-08-31T00:01:34.737617,Recovery attempt limit reached or recovery opportunity is not suitable,,,,
P05305,594.85,0.4215256950416617,250.74455969553247,Low,Low,0,STOP,BLOCKED,2026-08-31T00:01:34.737640,Recovery attempt limit reached or recovery opportunity is not suitable,,,,
P01982,951.98,0.26297471306968523,250.34666734807894,Low,Low,1,STOP,BLOCKED,2026-08-31T00:01:34.737662,Recovery attempt limit reached or recovery opportunity is not suitable,,,,
P08393,857.63,0.2898237163205694,248.56151382800994,Low,Medium,0,STOP,BLOCKED,2026-08-31T00:01:34.737684,Recovery attempt limit reached or recovery opportunity is not suitable,,,,
P07611,500.06,0.49450224073187155,247.28079050037968,Low,Low,0,STOP,BLOCKED,2026-08-31T00:01:34.737706,Recovery attempt limit reached or recovery opportunity is not suitable,,,,
P02611,1211.07,0.2037864077191395,246.79960479641827,Low,Medium,2,STOP,BLOCKED,2026-08-31T00:01:34.737729,Recovery attempt limit reached or recovery opportunity is not suitable,,,,
P00177,782.07,0.315431987829162,246.68989472155272,Low,Medium,2,STOP,BLOCKED,2026-08-31T00:01:34.737753,Recovery attempt limit reached or recovery opportunity is not suitable,,,,
P04161,765.17,0.3201159859980807,244.9431490061514,Low,Medium,0,STOP,BLOCKED,2026-08-31T00:01:34.737777,Recovery attempt limit reached or recovery opportunity is not suitable,,,,
P02954,1686.43,0.14501890741642598,244.56423603428328,Low,Low,1,STOP,BLOCKED,2026-08-31T00:01:34.737802,Recovery attempt limit reached or recovery opportunity is not suitable,,,,
P06373,1463.65,0.16647623025441058,243.66293441186806,Low,High,2,STOP,BLOCKED,2026-08-31T00:01:34.737825,Recovery attempt limit reached or recovery opportunity is not suitable,,,,
P04431,873.61,0.2788709492914228,243.62445001047988,Low,Low,0,STOP,BLOCKED,2026-08-31T00:01:34.737848,Recovery attempt limit reached or recovery opportunity is not suitable,,,,
P07095,912.15,0.2665786651970145,243.15972945945677,Low,Low,0,STOP,BLOCKED,2026-08-31T00:01:34.737871,Recovery attempt limit reached or recovery opportunity is not suitable,,,,
P02629,1644.79,0.14593681722356333,240.03541760114473,Low,High,1,STOP,BLOCKED,2026-08-31T00:01:34.737893,Recovery attempt limit reached or recovery opportunity is not suitable,,,,
P03798,932.35,0.25680351816230707,239.430760158627,Low,Medium,2,STOP,BLOCKED,2026-08-31T00:01:34.737915,Recovery attempt limit reached or recovery opportunity is not suitable,,,,
P05298,670.38,0.35673220920798315,239.14613840884775,Low,Medium,2,STOP,BLOCKED,2026-08-31T00:01:34.737938,Recovery attempt limit reached or recovery opportunity is not suitable,,,,
P01069,588.73,0.40433486737556384,238.0440664700157,Low,Medium,0,STOP,BLOCKED,2026-08-31T00:01:34.737961,Recovery attempt limit reached or recovery opportunity is not suitable,,,,
P05614,1296.88,0.18307967691147076,237.43237139294823,Low,Low,1,STOP,BLOCKED,2026-08-31T00:01:34.737983,Recovery attempt limit reached or recovery opportunity is not suitable,,,,
P06260,995.81,0.23688694614077885,235.89438983644897,Low,Low,1,STOP,BLOCKED,2026-08-31T00:01:34.738006,Recovery attempt limit reached or recovery opportunity is not suitable,,,,
P01002,484.08,0.48598409247284535,235.25517948425497,Low,Medium,0,STOP,BLOCKED,2026-08-31T00:01:34.738030,Recovery attempt limit reached or recovery opportunity is not suitable,,,,
P04073,662.27,0.35471890917613536,234.91969198007916,Low,Low,2,STOP,BLOCKED,2026-08-31T00:01:34.738053,Recovery attempt limit reached or recovery opportunity is not suitable,,,,
P06405,753.72,0.31135663607427133,234.6757237418998,Low,Medium,1,STOP,BLOCKED,2026-08-31T00:01:34.738076,Recovery attempt limit reached or recovery opportunity is not suitable,,,,
P06038,432.93,0.5396593325673487,233.63471484838226,Low,High,0,STOP,BLOCKED,2026-08-31T00:01:34.738099,Recovery attempt limit reached or recovery opportunity is not suitable,,,,
P04560,664.99,0.35099270722447656,233.40664037720467,Low,Medium,0,STOP,BLOCKED,2026-08-31T00:01:34.738121,Recovery attempt limit reached or recovery opportunity is not suitable,,,,
P09782,416.55,0.5566721992757074,231.88180460829594,Low,High,0,STOP,BLOCKED,2026-08-31T00:01:34.738144,Recovery attempt limit reached or recovery opportunity is not suitable,,,,
P07203,668.64,0.34624246946009163,231.51156477979566,Low,High,2,STOP,BLOCKED,2026-08-31T00:01:34.738167,Recovery attempt limit reached or recovery opportunity is not suitable,,,,
P04088,511.42,0.4519219275875448,231.12191220682217,Low,Medium,0,STOP,BLOCKED,2026-08-31T00:01:34.738190,Recovery attempt limit reached or recovery opportunity is not suitable,,,,
P00331,685.92,0.33688808233811396,231.07827343735912,Low,Medium,0,STOP,BLOCKED,2026-08-31T00:01:34.738212,Recovery attempt limit reached or recovery opportunity is not suitable,,,,
P09000,460.38,0.5010001117029494,230.65043142580387,Low,Medium,0,STOP,BLOCKED,2026-08-31T00:01:34.738235,Recovery attempt limit reached or recovery opportunity is not suitable,,,,
P00557,521.71,0.4390439049443268,229.05359564850477,Low,High,0,STOP,BLOCKED,2026-08-31T00:01:34.738257,Recovery attempt limit reached or recovery opportunity is not suitable,,,,
P03375,711.75,0.3212198925339732,228.62825851105544,Low,Medium,0,STOP,BLOCKED,2026-08-31T00:01:34.738279,Recovery attempt limit reached or recovery opportunity is not suitable,,,,
P00415,550.46,0.41482600585414703,228.3451231824738,Low,Medium,0,STOP,BLOCKED,2026-08-31T00:01:34.738302,Recovery attempt limit reached or recovery opportunity is not suitable,,,,
P05328,720.3,0.3131940132001624,225.59364770807696,Low,Medium,0,STOP,BLOCKED,2026-08-31T00:01:34.738325,Recovery attempt limit reached or recovery opportunity is not suitable,,,,
P08724,825.29,0.27323699684911273,225.49976112960425,Low,High,1,STOP,BLOCKED,2026-08-31T00:01:34.738348,Recovery attempt limit reached or recovery opportunity is not suitable,,,,
P03574,612.93,0.3625712412763623,222.23079091552074,Low,Low,0,STOP,BLOCKED,2026-08-31T00:01:34.738370,Recovery attempt limit reached or recovery opportunity is not suitable,,,,
P03627,465.92,0.4759710090096778,221.76441251778908,Low,High,0,STOP,BLOCKED,2026-08-31T00:01:34.738393,Recovery attempt limit reached or recovery opportunity is not suitable,,,,
P00329,794.1,0.2781744438626308,220.8983258713151,Low,Low,0,STOP,BLOCKED,2026-08-31T00:01:34.738415,Recovery attempt limit reached or recovery opportunity is not suitable,,,,
P04420,1267.33,0.1734714070687648,219.84551832045767,Low,Medium,0,STOP,BLOCKED,2026-08-31T00:01:34.738438,Recovery attempt limit reached or recovery opportunity is not suitable,,,,
P08303,691.83,0.3165946784139523,219.02969636712461,Low,Low,0,STOP,BLOCKED,2026-08-31T00:01:34.738460,Recovery attempt limit reached or recovery opportunity is not suitable,,,,
P06418,805.89,0.2714106481253873,218.72712721776836,Low,Low,1,STOP,BLOCKED,2026-08-31T00:01:34.738483,Recovery attempt limit reached or recovery opportunity is not suitable,,,,
P02224,518.62,0.4203790649175136,218.0169906475209,Low,Medium,0,STOP,BLOCKED,2026-08-31T00:01:34.738505,Recovery attempt limit reached or recovery opportunity is not suitable,,,,
P07289,606.21,0.35716603410295644,216.51762153355324,Low,Low,1,STOP,BLOCKED,2026-08-31T00:01:34.738527,Recovery attempt limit reached or recovery opportunity is not suitable,,,,
P06661,702.46,0.3047509190521982,214.07533059740715,Low,High,0,STOP,BLOCKED,2026-08-31T00:01:34.738550,Recovery attempt limit reached or recovery opportunity is not suitable,,,,
P09343,688.07,0.31033314197241646,213.5309249969606,Low,High,0,STOP,BLOCKED,2026-08-31T00:01:34.738572,Recovery attempt limit reached or recovery opportunity is not suitable,,,,
P00361,788.17,0.270186512521449,212.95290357403044,Low,Medium,0,STOP,BLOCKED,2026-08-31T00:01:34.738595,Recovery attempt limit reached or recovery opportunity is not suitable,,,,
P02118,545.24,0.3892701725011624,212.2456688545338,Low,Medium,0,STOP,BLOCKED,2026-08-31T00:01:34.738617,Recovery attempt limit reached or recovery opportunity is not suitable,,,,
P04147,436.48,0.4848472337747708,211.62612059801197,Low,Low,0,STOP,BLOCKED,2026-08-31T00:01:34.738639,Recovery attempt limit reached or recovery opportunity is not suitable,,,,
P06031,595.2,0.35346998373325106,210.38533431803106,Low,Medium,2,STOP,BLOCKED,2026-08-31T00:01:34.738661,Recovery attempt limit reached or recovery opportunity is not suitable,,,,
P02602,518.95,0.4046827007151399,210.01008753612186,Low,Medium,1,STOP,BLOCKED,2026-08-31T00:01:34.738683,Recovery attempt limit reached or recovery opportunity is not suitable,,,,
P01081,514.16,0.40778396734728206,209.66620465127852,Low,High,0,STOP,BLOCKED,2026-08-31T00:01:34.738705,Recovery attempt limit reached or recovery opportunity is not suitable,,,,
P00738,575.31,0.36230105356706904,208.43541912767046,Low,Medium,0,STOP,BLOCKED,2026-08-31T00:01:34.738728,Recovery attempt limit reached or recovery opportunity is not suitable,,,,
P02683,747.11,0.27842012692259144,208.0104610251373,Low,Medium,1,STOP,BLOCKED,2026-08-31T00:01:34.738750,Recovery attempt limit reached or recovery opportunity is not suitable,,,,
P03980,1208.02,0.17003652682945455,205.4075251405177,Low,High,1,STOP,BLOCKED,2026-08-31T00:01:34.738773,Recovery attempt limit reached or recovery opportunity is not suitable,,,,
P06764,461.35,0.4333205351125675,199.91242887418304,Low,Low,0,STOP,BLOCKED,2026-08-31T00:01:34.738796,Recovery attempt limit reached or recovery opportunity is not suitable,,,,
P03607,486.96,0.41003825326916316,199.67222781195167,Low,Medium,1,STOP,BLOCKED,2026-08-31T00:01:34.738818,Recovery attempt limit reached or recovery opportunity is not suitable,,,,
P08387,801.67,0.24806426930133368,198.86568277080016,Low,Low,0,STOP,BLOCKED,2026-08-31T00:01:34.738840,Recovery attempt limit reached or recovery opportunity is not suitable,,,,
P06783,502.39,0.39435937524912795,198.12220653140938,Low,High,0,STOP,BLOCKED,2026-08-31T00:01:34.738863,Recovery attempt limit reached or recovery opportunity is not suitable,,,,
P08247,607.23,0.32517668986894865,197.45704138912168,Low,Medium,2,STOP,BLOCKED,2026-08-31T00:01:34.738885,Recovery attempt limit reached or recovery opportunity is not suitable,,,,
P00373,807.06,0.24381755188102416,196.77539342109935,Low,Low,0,STOP,BLOCKED,2026-08-31T00:01:34.738907,Recovery attempt limit reached or recovery opportunity is not suitable,,,,
P04720,703.86,0.2792460688446942,196.55013801702648,Low,Low,1,STOP,BLOCKED,2026-08-31T00:01:34.738929,Recovery attempt limit reached or recovery opportunity is not suitable,,,,
P00392,565.9,0.34726580445466965,196.51771874089755,Low,Low,0,STOP,BLOCKED,2026-08-31T00:01:34.738951,Recovery attempt limit reached or recovery opportunity is not suitable,,,,
P09710,512.09,0.38372934454873314,196.50396004996077,Low,Medium,0,STOP,BLOCKED,2026-08-31T00:01:34.738974,Recovery attempt limit reached or recovery opportunity is not suitable,,,,
P09759,344.01,0.5709735129273154,196.42059818212576,Low,Medium,0,STOP,BLOCKED,2026-08-31T00:01:34.738997,Recovery attempt limit reached or recovery opportunity is not suitable,,,,
P05915,440.05,0.44488064291537616,195.76972691491127,Low,High,1,STOP,BLOCKED,2026-08-31T00:01:34.739019,Recovery attempt limit reached or recovery opportunity is not suitable,,,,
P06409,698.59,0.27966275825306486,195.36960628800858,Low,Medium,1,STOP,BLOCKED,2026-08-31T00:01:34.739042,Recovery attempt limit reached or recovery opportunity is not suitable,,,,
P03142,345.5,0.5630733266561972,194.54183435971615,Low,Low,0,STOP,BLOCKED,2026-08-31T00:01:34.739064,Recovery attempt limit reached or recovery opportunity is not suitable,,,,
P00453,456.37,0.42242039809110293,192.77999707683665,Low,High,2,STOP,BLOCKED,2026-08-31T00:01:34.739087,Recovery attempt limit reached or recovery opportunity is not suitable,,,,
P04814,482.34,0.3983766795951452,192.15300763592234,Low,Medium,0,STOP,BLOCKED,2026-08-31T00:01:34.739109,Recovery attempt limit reached or recovery opportunity is not suitable,,,,
P05456,986.22,0.19465229764094738,191.96998897945514,Low,Low,1,STOP,BLOCKED,2026-08-31T00:01:34.739131,Recovery attempt limit reached or recovery opportunity is not suitable,,,,
P04320,1148.55,0.16468429372547905,189.14814555839897,Low,Medium,1,STOP,BLOCKED,2026-08-31T00:01:34.739154,Recovery attempt limit reached or recovery opportunity is not suitable,,,,
P03561,586.55,0.3218452415834002,188.77832645074338,Low,Low,1,STOP,BLOCKED,2026-08-31T00:01:34.739176,Recovery attempt limit reached or recovery opportunity is not suitable,,,,
P00257,866.58,0.21690333143303012,187.96408895323523,Low,Medium,2,STOP,BLOCKED,2026-08-31T00:01:34.739199,Recovery attempt limit reached or recovery opportunity is not suitable,,,,
P07690,720.43,0.25993752266963666,187.26678945688633,Low,Low,2,STOP,BLOCKED,2026-08-31T00:01:34.739222,Recovery attempt limit reached or recovery opportunity is not suitable,,,,
P07829,407.75,0.4588736825575624,187.10574406284607,Low,High,0,STOP,BLOCKED,2026-08-31T00:01:34.739249,Recovery attempt limit reached or recovery opportunity is not suitable,,,,
P00783,569.76,0.32655111066505366,186.05576081252096,Low,Low,0,STOP,BLOCKED,2026-08-31T00:01:34.739281,Recovery attempt limit reached or recovery opportunity is not suitable,,,,
P08976,857.01,0.21694596448121364,185.92486102004491,Low,Medium,1,STOP,BLOCKED,2026-08-31T00:01:34.739307,Recovery attempt limit reached or recovery opportunity is not suitable,,,,
P07956,677.74,0.2723977633708366,184.6148601469508,Low,Low,1,STOP,BLOCKED,2026-08-31T00:01:34.739330,Recovery attempt limit reached or recovery opportunity is not suitable,,,,
P05450,574.68,0.3204828736632403,184.1750978367909,Low,Medium,0,STOP,BLOCKED,2026-08-31T00:01:34.739355,Recovery attempt limit reached or recovery opportunity is not suitable,,,,
P07228,464.58,0.3943823364727833,183.22214587852565,Low,Medium,1,STOP,BLOCKED,2026-08-31T00:01:34.739378,Recovery attempt limit reached or recovery opportunity is not suitable,,,,
P07230,447.2,0.406409565075402,181.74635750171976,Low,High,0,STOP,BLOCKED,2026-08-31T00:01:34.739401,Recovery attempt limit reached or recovery opportunity is not suitable,,,,
P04983,600.05,0.30225023012628505,181.36525058727733,Low,Low,0,STOP,BLOCKED,2026-08-31T00:01:34.739423,Recovery attempt limit reached or recovery opportunity is not suitable,,,,
P01383,837.99,0.2144433819845625,179.70140966924353,Low,High,0,STOP,BLOCKED,2026-08-31T00:01:34.739446,Recovery attempt limit reached or recovery opportunity is not suitable,,,,
P08784,934.14,0.1901834646374765,177.6579816564523,Low,High,2,STOP,BLOCKED,2026-08-31T00:01:34.739470,Recovery attempt limit reached or recovery opportunity is not suitable,,,,
P05995,437.61,0.4058059986783509,177.58476308163313,Low,High,1,STOP,BLOCKED,2026-08-31T00:01:34.739492,Recovery attempt limit reached or recovery opportunity is not suitable,,,,
P01365,324.63,0.5447811497084522,176.8523046298548,Low,Medium,0,STOP,BLOCKED,2026-08-31T00:01:34.739515,Recovery attempt limit reached or recovery opportunity is not suitable,,,,
P05145,668.49,0.264418726258064,176.7612743162532,Low,High,0,STOP,BLOCKED,2026-08-31T00:01:34.739538,Recovery attempt limit reached or recovery opportunity is not suitable,,,,
P07008,518.67,0.3382021769505278,175.41532311893025,Low,High,0,STOP,BLOCKED,2026-08-31T00:01:34.739562,Recovery attempt limit reached or recovery opportunity is not suitable,,,,
P04041,450.25,0.3875764054023872,174.50627653242483,Low,Medium,0,STOP,BLOCKED,2026-08-31T00:01:34.739584,Recovery attempt limit reached or recovery opportunity is not suitable,,,,
P01583,415.6,0.41341033366650826,171.81333467180085,Low,Low,1,STOP,BLOCKED,2026-08-31T00:01:34.739607,Recovery attempt limit reached or recovery opportunity is not suitable,,,,
P08396,1052.03,0.16278678401235339,171.25658038451613,Low,Low,0,STOP,BLOCKED,2026-08-31T00:01:34.739630,Recovery attempt limit reached or recovery opportunity is not suitable,,,,
P04980,567.27,0.29745449040152766,168.7370087700746,Low,Medium,0,STOP,BLOCKED,2026-08-31T00:01:34.739653,Recovery attempt limit reached or recovery opportunity is not suitable,,,,
P08476,623.87,0.2703856213599182,168.6854775978122,Low,Medium,0,STOP,BLOCKED,2026-08-31T00:01:34.739676,Recovery attempt limit reached or recovery opportunity is not suitable,,,,
P08020,434.13,0.3869689289995595,167.99482114657874,Low,Medium,0,STOP,BLOCKED,2026-08-31T00:01:34.739699,Recovery attempt limit reached or recovery opportunity is not suitable,,,,
P01327,720.18,0.2324580872487244,167.41166527478634,Low,High,0,STOP,BLOCKED,2026-08-31T00:01:34.739722,Recovery attempt limit reached or recovery opportunity is not suitable,,,,
P07733,459.23,0.36210742991481665,166.29059503978127,Low,Medium,1,STOP,BLOCKED,2026-08-31T00:01:34.739745,Recovery attempt limit reached or recovery opportunity is not suitable,,,,
P07328,421.97,0.3921627632747658,165.48092121905293,Low,Low,0,STOP,BLOCKED,2026-08-31T00:01:34.739767,Recovery attempt limit reached or recovery opportunity is not suitable,,,,
P02525,622.68,0.264898762430625,164.94716139030155,Low,Low,1,STOP,BLOCKED,2026-08-31T00:01:34.739790,Recovery attempt limit reached or recovery opportunity is not suitable,,,,
P05830,395.95,0.4089756897152322,161.93392434274617,Low,High,0,STOP,BLOCKED,2026-08-31T00:01:34.739813,Recovery attempt limit reached or recovery opportunity is not suitable,,,,
P01192,592.38,0.2717237343738419,160.96370576837646,Low,Medium,2,STOP,BLOCKED,2026-08-31T00:01:34.739836,Recovery attempt limit reached or recovery opportunity is not suitable,,,,
P00098,535.96,0.2998373589925152,160.70083092562845,Low,Medium,0,STOP,BLOCKED,2026-08-31T00:01:34.739859,Recovery attempt limit reached or recovery opportunity is not suitable,,,,
P06291,679.13,0.233032595013271,158.25942625136273,Low,Low,2,STOP,BLOCKED,2026-08-31T00:01:34.739883,Recovery attempt limit reached or recovery opportunity is not suitable,,,,
P08116,700.33,0.2244022647374273,157.15563806356246,Low,Medium,0,STOP,BLOCKED,2026-08-31T00:01:34.739906,Recovery attempt limit reached or recovery opportunity is not suitable,,,,
P06462,450.31,0.3478166069543814,156.62529627762748,Low,Low,0,STOP,BLOCKED,2026-08-31T00:01:34.739929,Recovery attempt limit reached or recovery opportunity is not suitable,,,,
P02528,402.01,0.38692211787602626,155.54656060734132,Low,Medium,0,STOP,BLOCKED,2026-08-31T00:01:34.739951,Recovery attempt limit reached or recovery opportunity is not suitable,,,,
P05755,348.21,0.4448376038870761,154.89690204951876,Low,Low,0,STOP,BLOCKED,2026-08-31T00:01:34.739974,Recovery attempt limit reached or recovery opportunity is not suitable,,,,
P03398,452.9,0.3414246246785035,154.6312125168942,Low,High,0,STOP,BLOCKED,2026-08-31T00:01:34.739997,Recovery attempt limit reached or recovery opportunity is not suitable,,,,
P02885,467.73,0.3282111137020861,153.51418421187674,Low,Medium,0,STOP,BLOCKED,2026-08-31T00:01:34.740020,Recovery attempt limit reached or recovery opportunity is not suitable,,,,
P06873,312.11,0.4880536572259135,152.32642695677987,Low,High,0,STOP,BLOCKED,2026-08-31T00:01:34.740042,Recovery attempt limit reached or recovery opportunity is not suitable,,,,
P02760,378.44,0.40244217412494815,152.30021637584537,Low,High,1,STOP,BLOCKED,2026-08-31T00:01:34.740064,Recovery attempt limit reached or recovery opportunity is not suitable,,,,
P07638,526.85,0.2868877826808455,151.14682830540346,Low,Medium,0,STOP,BLOCKED,2026-08-31T00:01:34.740087,Recovery attempt limit reached or recovery opportunity is not suitable,,,,
P05920,360.84,0.4156803250560228,149.99408849321526,Low,Medium,0,STOP,BLOCKED,2026-08-31T00:01:34.740109,Recovery attempt limit reached or recovery opportunity is not suitable,,,,
P02820,510.95,0.2934127006488636,149.91921939653685,Low,Low,1,STOP,BLOCKED,2026-08-31T00:01:34.740133,Recovery attempt limit reached or recovery opportunity is not suitable,,,,
P08802,355.0,0.41470617875857657,147.2206934592947,Low,Low,1,STOP,BLOCKED,2026-08-31T00:01:34.740156,Recovery attempt limit reached or recovery opportunity is not suitable,,,,
P05699,876.18,0.16700763381495246,146.32874859598505,Low,High,0,STOP,BLOCKED,2026-08-31T00:01:34.740178,Recovery attempt limit reached or recovery opportunity is not suitable,,,,
P02384,259.33,0.5640443328898741,146.27361684833105,Low,High,0,STOP,BLOCKED,2026-08-31T00:01:34.740200,Recovery attempt limit reached or recovery opportunity is not suitable,,,,
P07741,737.55,0.19695622301325214,145.2650622834241,Low,High,2,STOP,BLOCKED,2026-08-31T00:01:34.740223,Recovery attempt limit reached or recovery opportunity is not suitable,,,,
P08052,436.44,0.3248173129508255,141.76326806425828,Low,Low,1,STOP,BLOCKED,2026-08-31T00:01:34.740245,Recovery attempt limit reached or recovery opportunity is not suitable,,,,
P02868,441.08,0.3176430497173824,140.10599636934302,Low,Low,0,STOP,BLOCKED,2026-08-31T00:01:34.740268,Recovery attempt limit reached or recovery opportunity is not suitable,,,,
P01826,559.95,0.2499847916871925,139.97898410524346,Low,High,1,STOP,BLOCKED,2026-08-31T00:01:34.740290,Recovery attempt limit reached or recovery opportunity is not suitable,,,,
P01558,541.1,0.25687933875722824,138.9974102015362,Low,Medium,2,STOP,BLOCKED,2026-08-31T00:01:34.740314,Recovery attempt limit reached or recovery opportunity is not suitable,,,,
P05086,659.87,0.20899393405295033,137.90882726352032,Low,Low,2,STOP,BLOCKED,2026-08-31T00:01:34.740337,Recovery attempt limit reached or recovery opportunity is not suitable,,,,
P00800,323.61,0.42369549102988735,137.11209785218185,Low,Medium,1,STOP,BLOCKED,2026-08-31T00:01:34.740359,Recovery attempt limit reached or recovery opportunity is not suitable,,,,
P00314,315.81,0.4337194551344252,136.97294112600284,Low,Low,0,STOP,BLOCKED,2026-08-31T00:01:34.740382,Recovery attempt limit reached or recovery opportunity is not suitable,,,,
P00817,787.0,0.17256969392536717,135.81234911926396,Low,Low,0,STOP,BLOCKED,2026-08-31T00:01:34.740404,Recovery attempt limit reached or recovery opportunity is not suitable,,,,
P03827,364.72,0.3722525905499468,135.7679648253766,Low,Medium,0,STOP,BLOCKED,2026-08-31T00:01:34.740426,Recovery attempt limit reached or recovery opportunity is not suitable,,,,
P01336,552.35,0.24546053572069856,135.58012690532786,Low,High,1,STOP,BLOCKED,2026-08-31T00:01:34.740448,Recovery attempt limit reached or recovery opportunity is not suitable,,,,
P06340,408.04,0.33216843401445556,135.53800781525845,Low,Medium,0,STOP,BLOCKED,2026-08-31T00:01:34.740470,Recovery attempt limit reached or recovery opportunity is not suitable,,,,
P05348,589.26,0.22787145301114345,134.2755324013464,Low,Medium,1,STOP,BLOCKED,2026-08-31T00:01:34.740493,Recovery attempt limit reached or recovery opportunity is not suitable,,,,
P07351,580.27,0.23122705238025196,134.1741216846888,Low,High,1,STOP,BLOCKED,2026-08-31T00:01:34.740516,Recovery attempt limit reached or recovery opportunity is not suitable,,,,
P01126,625.01,0.2126827239775526,132.92882931321014,Low,High,2,STOP,BLOCKED,2026-08-31T00:01:34.740537,Recovery attempt limit reached or recovery opportunity is not suitable,,,,
P05393,379.91,0.34982939143155484,132.903684098762,Low,Medium,0,STOP,BLOCKED,2026-08-31T00:01:34.740560,Recovery attempt limit reached or recovery opportunity is not suitable,,,,
P02204,434.11,0.30430696559698606,132.10269683530763,Low,High,0,STOP,BLOCKED,2026-08-31T00:01:34.740583,Recovery attempt limit reached or recovery opportunity is not suitable,,,,
P08530,326.05,0.40268057576433863,131.2940017279626,Low,High,0,STOP,BLOCKED,2026-08-31T00:01:34.740605,Recovery attempt limit reached or recovery opportunity is not suitable,,,,
P07766,388.61,0.33687033282191214,130.9111800379233,Low,Low,0,STOP,BLOCKED,2026-08-31T00:01:34.740627,Recovery attempt limit reached or recovery opportunity is not suitable,,,,
P05539,570.35,0.22809154407582516,130.09201216364687,Low,High,1,STOP,BLOCKED,2026-08-31T00:01:34.740650,Recovery attempt limit reached or recovery opportunity is not suitable,,,,
P09199,554.4,0.2300884502413759,127.56103681381879,Low,Medium,2,STOP,BLOCKED,2026-08-31T00:01:34.740672,Recovery attempt limit reached or recovery opportunity is not suitable,,,,
P05248,578.94,0.21865757276137013,126.58961517446764,Low,Low,0,STOP,BLOCKED,2026-08-31T00:01:34.740695,Recovery attempt limit reached or recovery opportunity is not suitable,,,,
P05468,466.35,0.2689007027617153,125.40184273292593,Low,Medium,2,STOP,BLOCKED,2026-08-31T00:01:34.740718,Recovery attempt limit reached or recovery opportunity is not suitable,,,,
P03461,359.69,0.3482047821080645,125.24577807644971,Low,Medium,1,STOP,BLOCKED,2026-08-31T00:01:34.740740,Recovery attempt limit reached or recovery opportunity is not suitable,,,,
P08367,315.04,0.39159211969624147,123.36718138910392,Low,Low,1,STOP,BLOCKED,2026-08-31T00:01:34.740763,Recovery attempt limit reached or recovery opportunity is not suitable,,,,
P01131,731.18,0.1684957142084422,123.20069631492876,Low,Medium,1,STOP,BLOCKED,2026-08-31T00:01:34.740786,Recovery attempt limit reached or recovery opportunity is not suitable,,,,
P01822,464.99,0.263043839146351,122.31275476466175,Low,High,2,STOP,BLOCKED,2026-08-31T00:01:34.740808,Recovery attempt limit reached or recovery opportunity is not suitable,,,,
P05563,300.2,0.406206258749708,121.94311887666234,Low,Low,0,STOP,BLOCKED,2026-08-31T00:01:34.740831,Recovery attempt limit reached or recovery opportunity is not suitable,,,,
P01212,354.28,0.34336715345826924,121.64811512719561,Low,High,2,STOP,BLOCKED,2026-08-31T00:01:34.740854,Recovery attempt limit reached or recovery opportunity is not suitable,,,,
P00065,501.04,0.24012761549083556,120.31354046552825,Low,High,0,STOP,BLOCKED,2026-08-31T00:01:34.740877,Recovery attempt limit reached or recovery opportunity is not suitable,,,,
P02284,324.94,0.36622599459500743,119.00147468370172,Low,High,2,STOP,BLOCKED,2026-08-31T00:01:34.740900,Recovery attempt limit reached or recovery opportunity is not suitable,,,,
P09963,458.8,0.2591999729855565,118.92094760577334,Low,Low,2,STOP,BLOCKED,2026-08-31T00:01:34.740922,Recovery attempt limit reached or recovery opportunity is not suitable,,,,
P09596,246.12,0.4819696883700067,118.62237970162604,Low,Medium,0,STOP,BLOCKED,2026-08-31T00:01:34.740945,Recovery attempt limit reached or recovery opportunity is not suitable,,,,
P06192,208.93,0.5552082843422671,115.99966684762987,Low,High,0,STOP,BLOCKED,2026-08-31T00:01:34.740968,Recovery attempt limit reached or recovery opportunity is not suitable,,,,
P04626,374.38,0.30847960736655755,115.48859540589181,Low,Medium,1,STOP,BLOCKED,2026-08-31T00:01:34.740990,Recovery attempt limit reached or recovery opportunity is not suitable,,,,
P08441,307.67,0.362814240211512,111.62705728587589,Low,Medium,0,STOP,BLOCKED,2026-08-31T00:01:34.741012,Recovery attempt limit reached or recovery opportunity is not suitable,,,,
P07315,254.81,0.4352088289575629,110.8955617066766,Low,Medium,0,STOP,BLOCKED,2026-08-31T00:01:34.741034,Recovery attempt limit reached or recovery opportunity is not suitable,,,,
P07858,569.71,0.19459811079586886,110.86448970151446,Low,Low,2,STOP,BLOCKED,2026-08-31T00:01:34.741057,Recovery attempt limit reached or recovery opportunity is not suitable,,,,
P07272,545.39,0.20278660261842793,110.5977852020644,Low,Low,2,STOP,BLOCKED,2026-08-31T00:01:34.741079,Recovery attempt limit reached or recovery opportunity is not suitable,,,,
P04277,272.99,0.3965950834370987,108.26649182749358,Low,Low,0,STOP,BLOCKED,2026-08-31T00:01:34.741102,Recovery attempt limit reached or recovery opportunity is not suitable,,,,
P08435,362.54,0.2955425569352674,107.14599859131184,Low,Medium,0,STOP,BLOCKED,2026-08-31T00:01:34.741124,Recovery attempt limit reached or recovery opportunity is not suitable,,,,
P09467,207.02,0.5170620504766948,107.04218568968537,Low,Low,0,STOP,BLOCKED,2026-08-31T00:01:34.741147,Recovery attempt limit reached or recovery opportunity is not suitable,,,,
P03388,587.88,0.18078756927570844,106.28139622580348,Low,Medium,0,STOP,BLOCKED,2026-08-31T00:01:34.741169,Recovery attempt limit reached or recovery opportunity is not suitable,,,,
P03814,373.98,0.27897476499792134,104.33098261392263,Low,Low,0,STOP,BLOCKED,2026-08-31T00:01:34.741192,Recovery attempt limit reached or recovery opportunity is not suitable,,,,
P02940,472.9,0.21907455937083362,103.60035912646721,Low,High,1,STOP,BLOCKED,2026-08-31T00:01:34.741214,Recovery attempt limit reached or recovery opportunity is not suitable,,,,
P00515,209.57,0.47488661876912225,99.52198869544495,Low,Medium,0,STOP,BLOCKED,2026-08-31T00:01:34.741235,Recovery attempt limit reached or recovery opportunity is not suitable,,,,
P08082,214.19,0.4632677361178483,99.22731639908193,Low,Medium,0,STOP,BLOCKED,2026-08-31T00:01:34.741266,Recovery attempt limit reached or recovery opportunity is not suitable,,,,
P07022,709.75,0.13880180924198912,98.51458410950178,Low,High,1,STOP,BLOCKED,2026-08-31T00:01:34.741295,Recovery attempt limit reached or recovery opportunity is not suitable,,,,
P00823,269.55,0.3588008016686335,96.71475608978017,Low,Low,1,STOP,BLOCKED,2026-08-31T00:01:34.741322,Recovery attempt limit reached or recovery opportunity is not suitable,,,,
P09154,277.25,0.34839074967119615,96.59133534633914,Low,Low,1,STOP,BLOCKED,2026-08-31T00:01:34.741346,Recovery attempt limit reached or recovery opportunity is not suitable,,,,
P05015,352.29,0.2738758769204126,96.48373268029216,Low,Low,1,STOP,BLOCKED,2026-08-31T00:01:34.741369,Recovery attempt limit reached or recovery opportunity is not suitable,,,,
P08013,372.91,0.25710616742237263,95.87746089347698,Low,High,0,STOP,BLOCKED,2026-08-31T00:01:34.741392,Recovery attempt limit reached or recovery opportunity is not suitable,,,,
P01544,253.28,0.37828949849229204,95.81316417812774,Low,Low,0,STOP,BLOCKED,2026-08-31T00:01:34.741415,Recovery attempt limit reached or recovery opportunity is not suitable,,,,
P04512,355.2,0.264449128840016,93.93233056397368,Low,Medium,0,STOP,BLOCKED,2026-08-31T00:01:34.741439,Recovery attempt limit reached or recovery opportunity is not suitable,,,,
P06170,265.14,0.35388762888221376,93.82976592183014,Low,Medium,0,STOP,BLOCKED,2026-08-31T00:01:34.741461,Recovery attempt limit reached or recovery opportunity is not suitable,,,,
P04395,175.43,0.524253257611615,91.96974898280563,Low,High,0,STOP,BLOCKED,2026-08-31T00:01:34.741484,Recovery attempt limit reached or recovery opportunity is not suitable,,,,
P04686,199.89,0.4438445698454921,88.7200910664154,Low,Low,0,STOP,BLOCKED,2026-08-31T00:01:34.741506,Recovery attempt limit reached or recovery opportunity is not suitable,,,,
P09840,284.38,0.3092045297335722,87.93158416563327,Low,Medium,2,STOP,BLOCKED,2026-08-31T00:01:34.741529,Recovery attempt limit reached or recovery opportunity is not suitable,,,,
P09026,252.26,0.3412825835611877,86.0919445291452,Low,Low,0,STOP,BLOCKED,2026-08-31T00:01:34.741552,Recovery attempt limit reached or recovery opportunity is not suitable,,,,
P03656,214.89,0.38991130063904267,83.78803939432387,Low,Low,0,STOP,BLOCKED,2026-08-31T00:01:34.741575,Recovery attempt limit reached or recovery opportunity is not suitable,,,,
P05497,288.87,0.2797729562660163,80.81801387656412,Low,Medium,1,STOP,BLOCKED,2026-08-31T00:01:34.741598,Recovery attempt limit reached or recovery opportunity is not suitable,,,,
P08318,259.39,0.30827923376212807,79.9645504455584,Low,Medium,2,STOP,BLOCKED,2026-08-31T00:01:34.741621,Recovery attempt limit reached or recovery opportunity is not suitable,,,,
P06595,179.1,0.43984841072921615,78.77685036160261,Low,Medium,0,STOP,BLOCKED,2026-08-31T00:01:34.741644,Recovery attempt limit reached or recovery opportunity is not suitable,,,,
P02685,361.44,0.21741637244783965,78.58297365754716,Low,Medium,1,STOP,BLOCKED,2026-08-31T00:01:34.741667,Recovery attempt limit reached or recovery opportunity is not suitable,,,,
P00631,159.0,0.46421818998405684,73.81069220746504,Low,Medium,0,STOP,BLOCKED,2026-08-31T00:01:34.741690,Recovery attempt limit reached or recovery opportunity is not suitable,,,,
P07981,345.27,0.2064754770575927,71.28978796367502,Low,High,2,STOP,BLOCKED,2026-08-31T00:01:34.741713,Recovery attempt limit reached or recovery opportunity is not suitable,,,,
P04678,169.72,0.40863279669259256,69.35315825466681,Low,Low,0,STOP,BLOCKED,2026-08-31T00:01:34.741736,Recovery attempt limit reached or recovery opportunity is not suitable,,,,
P08057,266.05,0.2606497906351814,69.34587679849001,Low,Medium,1,STOP,BLOCKED,2026-08-31T00:01:34.741759,Recovery attempt limit reached or recovery opportunity is not suitable,,,,
P01368,206.08,0.32999773546127426,68.00593332385941,Low,Medium,0,STOP,BLOCKED,2026-08-31T00:01:34.741781,Recovery attempt limit reached or recovery opportunity is not suitable,,,,
P04682,172.23,0.3384810396894956,58.29658946572182,Low,Medium,0,STOP,BLOCKED,2026-08-31T00:01:34.741804,Recovery attempt limit reached or recovery opportunity is not suitable,,,,
P07119,187.03,0.3080576640828182,57.61602491340949,Low,High,2,STOP,BLOCKED,2026-08-31T00:01:34.741826,Recovery attempt limit reached or recovery opportunity is not suitable,,,,
P02679,443.85,0.11940181918191818,52.996497443894384,Low,Low,2,STOP,BLOCKED,2026-08-31T00:01:34.741849,Recovery attempt limit reached or recovery opportunity is not suitable,,,,
P00790,110.01,0.45204106670348326,49.729037748050196,Low,Medium,0,STOP,BLOCKED,2026-08-31T00:01:34.741874,Recovery attempt limit reached or recovery opportunity is not suitable,,,,
P09714,174.49,0.2777172734276872,48.458887040397144,Low,High,1,STOP,BLOCKED,2026-08-31T00:01:34.741897,Recovery attempt limit reached or recovery opportunity is not suitable,,,,
P00753,132.62,0.2887532855384247,38.29446072810589,Low,High,0,STOP,BLOCKED,2026-08-31T00:01:34.741920,Recovery attempt limit reached or recovery opportunity is not suitable,,,,
P00009,159.07,0.2298805780207214,36.567103545756154,Low,Low,2,STOP,BLOCKED,2026-08-31T00:01:34.741945,Recovery attempt limit reached or recovery opportunity is not suitable,,,,
P00210,79.87,0.36042488563084923,28.78713561533593,Low,High,0,STOP,BLOCKED,2026-08-31T00:01:34.741970,Recovery attempt limit reached or recovery opportunity is not suitable,,,,
